acc_code,incident_datetime,report_datetime,province_th,province_en,agency,route,vehicle_type,presumed_cause,accident_type,number_of_vehicles_involved,number_of_fatalities,number_of_injuries,weather_condition,latitude,longitude,road_description,slope_description
5652876,2022-01-01T01:00:00Z,2022-02-01T10:39:00Z,นนทบุรี,Nonthaburi,department of highways,แคราย - คลองบ้านใหม่,private/passenger car,speeding,rollover/fallen on straight road,1,0,0,clear,13.92771509,100.5278474,straight road,no slope
5484851,2022-01-01T02:30:00Z,2022-01-02T02:43:00Z,สมุทรปราการ,Samut Prakan,department of highways,บางเมือง - บางพลี,4-wheel pickup truck,speeding,collision with obstruction (on road surface),2,1,0,clear,13.62035054,100.6429624,straight road,no slope
6566824,2022-01-01T02:30:00Z,2022-01-02T06:46:00Z,สมุทรสาคร,Samut Sakhon,department of rural roads,แยกทางหลวงชนบท สค.2006 (กม.ที่ 5+500) - บ้านหนองสองห้อง,motorcycle,driving under the influence of alcohol,other,1,0,1,clear,13.508206,100.069372,straight road,no slope
5485786,2022-01-01T02:43:00Z,2022-01-02T06:25:00Z,สมุทรปราการ,Samut Prakan,department of highways,แขวงคลองสองต้นนุ่น - พิมพา,large truck with trailer,vehicle equipment failure,rollover/fallen on straight road,1,0,0,clear,13.69683927,100.8266428,straight road,no slope
5493686,2022-01-01T05:30:00Z,2022-01-03T10:23:00Z,นนทบุรี,Nonthaburi,department of highways,ปากเกร็ด -  คลองประปา,motorcycle,speeding,rollover/fallen on straight road,1,1,0,clear,13.90283091,100.5332467,straight road,no slope
6566830,2022-01-01T05:30:00Z,2022-01-02T11:46:00Z,นนทบุรี,Nonthaburi,department of rural roads,แยกทางหลวงหมายเลข 9 (กม.ที่ 43+490) - อำเภอไทรน้อย,pedestrian,cutting in closely by people/vehicles/animals,other,1,0,1,clear,13.948447,100.350952,straight road,no slope
6243220,2022-01-01T07:22:00Z,2022-05-25T14:23:00Z,นนทบุรี,Nonthaburi,department of highways,แยกพงษ์เพชร - สะพานพระนั่งเกล้า,motorcycle,speeding,rollover/fallen on straight road,1,0,1,clear,13.85997375,100.5149326,straight road,no slope
6319547,2022-01-01T08:00:00Z,2022-06-06T14:27:00Z,กรุงเทพมหานคร,Bangkok,department of highways,อุดมสุข - สมุทรปราการ,private/passenger car,speeding,rollover/fallen on straight road,1,0,0,clear,13.66294667,100.6428444,straight road,no slope
5485027,2022-01-01T08:30:00Z,2022-01-02T03:28:00Z,สมุทรปราการ,Samut Prakan,expressway authority of thailand,บางพลี-สุขสวัสดิ์,other,other,rear-end collision,2,0,2,clear,13.632819,100.53706,straight road,other
6242422,2022-01-01T08:40:00Z,2022-05-24T15:03:00Z,นนทบุรี,Nonthaburi,department of highways,แคราย - คลองบ้านใหม่,motorcycle,speeding,rear-end collision,2,0,2,clear,13.93380946,100.534907,other,other
6319699,2022-01-01T09:00:00Z,2022-06-06T14:59:00Z,สมุทรปราการ,Samut Prakan,department of highways,ท้ายบ้าน - บางตำหรุ,private/passenger car,cutting in closely by people/vehicles/animals,rear-end collision,2,0,0,clear,13.53483017,100.6273332,straight road,no slope
6566892,2022-01-01T10:00:00Z,2022-07-18T10:21:00Z,กรุงเทพมหานคร,Bangkok,department of highways,บึงคำพร้อย - คู้บอน,4-wheel pickup truck,failure to yield/signal,rear-end collision,2,0,2,clear,13.86204141,100.6769916,connecting to private area,other
5837425,2022-01-01T11:00:00Z,2022-03-03T12:58:00Z,กรุงเทพมหานคร,Bangkok,department of highways,อรุณอมรินทร์ - พุทธมณฑลสาย 4,private/passenger car,speeding,rear-end collision,6,0,0,clear,13.78419993,100.395593,straight road,no slope
6566822,2022-01-01T12:00:00Z,2022-01-02T06:45:00Z,สมุทรสาคร,Samut Sakhon,department of rural roads,แยกทางหลวงหมายเลข 375 (กม.ที่ 10+950) - บ้านกระทุ่มแบน,motorcycle,driving under the influence of alcohol,other,2,0,1,clear,13.599756,100.142279,four-way intersection,other
5837476,2022-01-01T13:00:00Z,2022-03-03T13:08:00Z,กรุงเทพมหานคร,Bangkok,department of highways,พระประแดง - บางแค,4-wheel pickup truck,speeding,rollover/fallen on curved road,1,0,3,clear,13.62162004,100.5121431,wide curve,no slope
6566806,2022-01-01T13:09:00Z,2022-01-02T06:46:00Z,สมุทรสาคร,Samut Sakhon,department of rural roads,แยกทางหลวงหมายเลข 35 (กม.ที่ 16+000) - บ้านพันท้ายนรสิงห์,motorcycle,speeding,other,1,0,1,clear,13.59419,100.366557,straight road,no slope
5487323,2022-01-01T13:24:00Z,2022-01-02T12:00:00Z,นครปฐม,Nakhon Pathom,department of highways,ไร่ขิง - ทรงคนอง,motorcycle,illegal overtaking,rear-end collision,2,0,1,clear,13.74187589,100.2682552,straight road,no slope
5493725,2022-01-01T14:00:00Z,2022-01-03T10:28:00Z,นครปฐม,Nakhon Pathom,department of highways,อ้อมใหญ่ - นครชัยศรี,private/passenger car,speeding,pedestrian collision,1,1,1,clear,13.72183144,100.2559572,other,other
5615366,2022-01-01T15:00:00Z,2022-01-20T15:19:00Z,ปทุมธานี,Pathum Thani,department of highways,ต่างระดับคลองหลวง - ประตูน้ำพระอินทร์,6-wheel truck,speeding,rear-end collision,2,0,0,clear,14.07853515,100.6178811,straight road,no slope
6243286,2022-01-01T17:40:00Z,2022-05-25T15:25:00Z,กรุงเทพมหานคร,Bangkok,department of highways,แขวงคลองสองต้นนุ่น - พิมพา,private/passenger car,speeding,rear-end collision,2,0,1,clear,13.7318187,100.7669771,straight road,no slope
6243252,2022-01-01T20:10:00Z,2022-05-25T15:02:00Z,กรุงเทพมหานคร,Bangkok,department of highways,พระประแดง - บางแค,private/passenger car,speeding,rear-end collision,2,0,0,clear,13.64632044,100.4079151,straight road,no slope
5493747,2022-01-01T20:58:00Z,2022-01-03T10:32:00Z,ปทุมธานี,Pathum Thani,department of highways,บางปะอิน - แขวงรามอินทรา,private/passenger car,speeding,rear-end collision,3,0,0,clear,13.95548338,100.7128313,straight road,no slope
5861489,2022-01-01T22:00:00Z,2022-03-07T11:37:00Z,สมุทรปราการ,Samut Prakan,department of highways,ทางเข้าท่าอากาศยานสุวรรณภูมิ - บางวัว,private/passenger car,falling asleep,rollover/fallen on straight road,1,0,3,clear,13.59537368,100.8034927,straight road,no slope
6362494,2022-01-01T23:37:00Z,2022-06-13T10:40:00Z,กรุงเทพมหานคร,Bangkok,department of highways,บางแค - คลองมหาสวัสดิ์,other,speeding,rear-end collision,2,0,4,clear,13.76887704,100.4075503,straight road,no slope
6566921,2022-01-02T01:20:00Z,2022-01-03T04:47:00Z,สมุทรสาคร,Samut Sakhon,department of rural roads,แยกทางหลวงหมายเลข 4 (กม.ที่ 21+000) - บ้านคลองมะเดื่อ,motorcycle,driving under the influence of alcohol,other,1,0,1,clear,13.701882,100.330637,straight road,no slope
5861491,2022-01-02T06:00:00Z,2022-03-07T11:35:00Z,สมุทรปราการ,Samut Prakan,department of highways,ทางเข้าท่าอากาศยานสุวรรณภูมิ - บางวัว,4-wheel pickup truck,cutting in closely by people/vehicles/animals,rollover/fallen on straight road,1,0,4,clear,13.59643474,100.7999843,straight road,no slope
5862124,2022-01-02T07:30:00Z,2022-03-07T13:51:00Z,สมุทรสาคร,Samut Sakhon,department of highways,อ้อมน้อย - สมุทรสาคร,private/passenger car,speeding,rear-end collision,2,0,3,clear,13.56099458,100.2745852,other,other
6566971,2022-01-02T11:00:00Z,2022-01-03T12:10:00Z,ปทุมธานี,Pathum Thani,department of rural roads,แยกทางหลวงหมายเลข 9 (กม.ที่ 51+450) - บ้านคูบางหลวง,motorcycle,speeding,other,2,0,1,clear,14.004778,100.442408,straight road,no slope
5523700,2022-01-02T12:20:00Z,2022-01-07T08:17:00Z,สมุทรปราการ,Samut Prakan,department of highways,ท้ายบ้าน - บางตำหรุ,6-wheel truck,cutting in closely by people/vehicles/animals,other,2,0,1,clear,13.54485142,100.6186053,connecting to public/commercial area,other
6566953,2022-01-02T13:00:00Z,2022-01-03T04:44:00Z,ปทุมธานี,Pathum Thani,department of rural roads,แยกทางหลวงหมายเลข 305 (กม.ที่ 29+200) - บ้านคลองสิบสองสายกลาง,motorcycle,cutting in closely by people/vehicles/animals,other,2,0,1,clear,14.027472,100.869629,straight road,no slope
5861476,2022-01-02T14:30:00Z,2022-03-07T11:33:00Z,สมุทรปราการ,Samut Prakan,department of highways,ท้ายบ้าน - บางตำหรุ,motorcycle,speeding,pedestrian collision,1,0,1,clear,13.51633552,100.6791776,straight road,no slope
6566914,2022-01-02T14:30:00Z,2022-01-03T15:29:00Z,นนทบุรี,Nonthaburi,department of rural roads,ถนนนครอินทร์,private/passenger car,vehicle equipment failure,other,2,0,1,clear,13.825894,100.482194,straight road,no slope
6566957,2022-01-02T15:30:00Z,2022-01-03T12:11:00Z,นนทบุรี,Nonthaburi,department of rural roads,แยกทางหลวงหมายเลข 346 (กม.ที่ 36+980) - บ้านเจ้าเฟื่อง,motorcycle,speeding,other,2,0,1,clear,14.031296,100.312324,straight road,no slope
5842845,2022-01-02T15:35:00Z,2022-03-04T09:30:00Z,นนทบุรี,Nonthaburi,department of highways,สะพานพระนั่งเกล้า - ต่างระดับบางใหญ่,private/passenger car,speeding,rear-end collision,2,0,3,clear,13.87578019,100.4336107,other,other
6566923,2022-01-02T16:19:00Z,2022-01-03T04:46:00Z,สมุทรสาคร,Samut Sakhon,department of rural roads,แยกทางหลวงหมายเลข 35 (กม.ที่ 35+000) - บ้านบางยาง,motorcycle,speeding,other,1,0,1,clear,13.605519,100.205451,straight road,no slope
6950209,2022-01-02T16:30:00Z,2022-09-21T10:55:00Z,กรุงเทพมหานคร,Bangkok,department of highways,พระประแดง - บางแค,private/passenger car,speeding,pedestrian collision,1,0,1,clear,13.65056638,100.406059,straight road,no slope
5842756,2022-01-02T17:00:00Z,2022-03-04T09:06:00Z,ปทุมธานี,Pathum Thani,department of highways,วัดนาบุญ - คลอง 14,motorcycle,speeding,rollover/fallen on straight road,1,0,1,clear,14.05811133,100.8395442,straight road,no slope
5837676,2022-01-02T17:30:00Z,2022-03-03T13:46:00Z,กรุงเทพมหานคร,Bangkok,department of highways,บางบอน - โรงพยาบาลบางปะกอก 8,motorcycle,speeding,pedestrian collision,1,0,1,clear,13.65639953,100.3943995,straight road,no slope
6566956,2022-01-02T19:00:00Z,2022-01-03T04:45:00Z,นนทบุรี,Nonthaburi,department of rural roads,แยกทางหลวงหมายเลข 9 (กม.ที่ 42+500) - บ้านหนองเพรางาย,pedestrian,cutting in closely by people/vehicles/animals,other,1,0,1,clear,13.908293,100.394843,straight road,no slope
5492189,2022-01-02T19:17:00Z,2022-01-03T04:52:00Z,สมุทรปราการ,Samut Prakan,expressway authority of thailand,บางนา-ชลบุรี,4-wheel pickup truck,other,rear-end collision,3,0,1,clear,13.640988,100.697966,straight road,other
6054883,2022-01-02T19:25:00Z,2022-04-08T09:40:00Z,ปทุมธานี,Pathum Thani,department of highways,บางปะอิน - แขวงรามอินทรา,4-wheel pickup truck,speeding,rear-end collision,2,0,0,clear,13.9270278,100.7067481,straight road,no slope
5493578,2022-01-02T20:17:00Z,2022-01-03T10:01:00Z,ปทุมธานี,Pathum Thani,department of highways,บางปะอิน - แขวงรามอินทรา,4-wheel pickup truck,speeding,rear-end collision,2,0,0,clear,13.99094185,100.7125497,straight road,no slope
5842951,2022-01-02T20:17:00Z,2022-03-04T09:54:00Z,นนทบุรี,Nonthaburi,department of highways,บางบัวทอง - ไทรน้อย,private/passenger car,speeding,rear-end collision,2,0,1,clear,13.92265151,100.4206824,other,other
6950192,2022-01-02T21:20:00Z,2022-09-21T10:55:00Z,กรุงเทพมหานคร,Bangkok,department of highways,พระประแดง - บางแค,motorcycle,speeding,rollover/fallen on straight road,1,0,1,clear,13.62607235,100.4656201,straight road,no slope
5492187,2022-01-02T23:25:00Z,2022-01-03T04:52:00Z,กรุงเทพมหานคร,Bangkok,expressway authority of thailand,แจ้งวัฒนะ-พญาไท,other,other,side collision,2,0,0,clear,13.80606596,100.5467221,wide curve,other
5493379,2022-01-03T03:37:00Z,2022-01-03T09:21:00Z,ปทุมธานี,Pathum Thani,department of highways,บางปะอิน - แขวงรามอินทรา,private/passenger car,speeding,rear-end collision,4,0,0,clear,13.95004036,100.7126811,straight road,no slope
5499254,2022-01-03T05:41:00Z,2022-01-04T06:17:00Z,สมุทรสาคร,Samut Sakhon,department of highways,สมุทรสาคร - บางบอน,motorcycle,speeding,rollover/fallen on straight road,1,0,1,clear,13.57954051,100.3132117,straight road,no slope
5494002,2022-01-03T05:50:00Z,2022-01-03T11:11:00Z,กรุงเทพมหานคร,Bangkok,department of highways,แขวงรามอินทรา - บางพลี,4-wheel pickup truck,speeding,rear-end collision,2,0,2,clear,13.68183383,100.6995115,straight road,no slope
6362760,2022-01-03T06:50:00Z,2022-06-13T11:42:00Z,กรุงเทพมหานคร,Bangkok,department of highways,ดาวคะนอง -  แสมดำ,van,speeding,rollover/fallen on straight road,1,0,0,clear,13.66103363,100.4375267,straight road,no slope
6055988,2022-01-03T07:45:00Z,2022-04-08T13:47:00Z,ปทุมธานี,Pathum Thani,department of highways,บางปะอิน - แขวงรามอินทรา,private/passenger car,speeding,rollover/fallen on straight road,1,0,0,clear,14.00177118,100.7075554,straight road,no slope
6331011,2022-01-03T08:33:00Z,2022-06-08T11:54:00Z,กรุงเทพมหานคร,Bangkok,department of highways,แขวงคลองสองต้นนุ่น - พิมพา,private/passenger car,speeding,rear-end collision,2,0,0,clear,13.72940335,100.7317623,straight road,no slope
6319716,2022-01-03T14:00:00Z,2022-06-06T15:00:00Z,สมุทรปราการ,Samut Prakan,department of highways,ท้ายบ้าน - บางตำหรุ,4-wheel pickup truck,cutting in closely by people/vehicles/animals,rear-end collision,2,0,0,clear,13.51919378,100.665729,straight road,no slope
5837848,2022-01-03T14:30:00Z,2022-03-03T14:15:00Z,กรุงเทพมหานคร,Bangkok,department of highways,อรุณอมรินทร์ - พุทธมณฑลสาย 4,private/passenger car,speeding,rollover/fallen on straight road,1,0,0,clear,13.78492931,100.3886676,other,other
6950179,2022-01-03T15:47:00Z,2022-09-21T10:48:00Z,นนทบุรี,Nonthaburi,department of highways,คลองมหาสวัสดิ์ - คลองบางไผ่,other,speeding,rollover/fallen on straight road,1,0,0,clear,13.83429056,100.4134539,straight road,no slope
6056102,2022-01-03T18:00:00Z,2022-04-08T14:09:00Z,กรุงเทพมหานคร,Bangkok,department of highways,แขวงรามอินทรา - บางพลี,private/passenger car,speeding,rear-end collision,2,0,2,clear,13.81049814,100.6781825,straight road,no slope
5888630,2022-01-03T20:00:00Z,2022-03-11T10:51:00Z,นครปฐม,Nakhon Pathom,department of highways,หนองปลาไหล - กำแพงแสน,private/passenger car,driving under the influence of alcohol,rollover/fallen on straight road,1,0,0,clear,13.98195737,99.99507217,straight road,no slope
5837854,2022-01-03T21:00:00Z,2022-03-03T14:17:00Z,กรุงเทพมหานคร,Bangkok,department of highways,พระประแดง - บางแค,motorcycle,speeding,rear-end collision,2,0,2,clear,13.62608277,100.4657328,connecting to public/commercial area,other
6950193,2022-01-03T21:00:00Z,2022-09-21T10:53:00Z,นนทบุรี,Nonthaburi,department of highways,คลองบางไผ่ - คลองบางหลวง,private/passenger car,speeding,rear-end collision,2,1,0,clear,13.92726471,100.4136014,straight road,no slope
7440920,2022-01-03T22:00:00Z,2022-12-08T08:21:00Z,สมุทรปราการ,Samut Prakan,department of highways,ไม่ทราบ,4-wheel pickup truck,speeding,rear-end collision,2,0,1,clear,13.59339492,100.8126886,straight road,no slope
5843000,2022-01-03T22:30:00Z,2022-03-04T10:03:00Z,นนทบุรี,Nonthaburi,department of highways,คลองบางไผ่ - คลองบางหลวง,private/passenger car,speeding,rear-end collision,3,0,1,clear,13.90312512,100.4072177,straight road,no slope
5843072,2022-01-03T22:30:00Z,2022-03-04T10:19:00Z,นนทบุรี,Nonthaburi,department of highways,คลองบางไผ่ - คลองบางหลวง,private/passenger car,speeding,rear-end collision,3,0,2,clear,13.89536357,100.4079473,straight road,no slope
5837858,2022-01-03T23:34:00Z,2022-03-03T14:19:00Z,กรุงเทพมหานคร,Bangkok,department of highways,พระประแดง - บางแค,motorcycle,speeding,rollover/fallen on curved road,1,1,0,clear,13.62920039,100.4197222,wide curve,no slope
5499987,2022-01-04T05:50:00Z,2022-01-04T09:24:00Z,กรุงเทพมหานคร,Bangkok,department of highways,บางแค - คลองมหาสวัสดิ์,van,falling asleep,rear-end collision,2,0,5,clear,13.78038884,100.4089075,straight road,no slope
6073146,2022-01-04T06:53:00Z,2022-04-11T08:46:00Z,กรุงเทพมหานคร,Bangkok,department of highways,แขวงคลองสองต้นนุ่น - พิมพา,private/passenger car,speeding,rollover/fallen on straight road,1,0,0,clear,13.7321939,100.7824561,straight road,no slope
5837880,2022-01-04T09:00:00Z,2022-03-03T14:22:00Z,กรุงเทพมหานคร,Bangkok,department of highways,บางบอน - โรงพยาบาลบางปะกอก 8,4-wheel pickup truck,speeding,rear-end collision,2,0,0,clear,13.66120565,100.402666,straight road,no slope
6319087,2022-01-04T09:00:00Z,2022-06-06T13:17:00Z,กรุงเทพมหานคร,Bangkok,department of highways,งามวงศ์วาน - ดอนเมือง,other,speeding,rollover/fallen on straight road,1,0,0,clear,13.91860838,100.6006935,straight road,no slope
5505586,2022-01-04T09:17:00Z,2022-01-05T03:54:00Z,สมุทรปราการ,Samut Prakan,expressway authority of thailand,บางนา-ชลบุรี,other,other,rollover/fallen on straight road,2,0,0,clear,13.586221,100.844867,straight road,other
5837905,2022-01-04T11:00:00Z,2022-03-03T14:27:00Z,กรุงเทพมหานคร,Bangkok,department of highways,ดาวคะนอง -  แสมดำ,large truck with trailer,speeding,rear-end collision,2,0,1,clear,13.63044116,100.3972533,straight road,no slope
6567025,2022-01-04T11:20:00Z,2022-01-04T18:47:00Z,นนทบุรี,Nonthaburi,department of rural roads,ถนนราชพฤกษ์,large truck with trailer,illegal overtaking,other,2,0,1,clear,13.881767,100.450454,y-intersection,other
6950318,2022-01-04T12:00:00Z,2022-09-21T11:23:00Z,กรุงเทพมหานคร,Bangkok,department of highways,บางแค - คลองมหาสวัสดิ์,4-wheel pickup truck,speeding,rear-end collision,2,0,1,clear,13.76407834,100.4071453,straight road,no slope
5513496,2022-01-04T14:00:00Z,2022-01-06T08:16:00Z,นครปฐม,Nakhon Pathom,department of highways,อ้อมน้อย - ศาลายา,large truck with trailer,running red lights/traffic signals,rollover/fallen on straight road,1,0,0,clear,13.7218601,100.2987599,straight road,no slope
6566545,2022-01-04T14:50:00Z,2022-01-04T18:48:00Z,นนทบุรี,Nonthaburi,department of rural roads,ถนนราชพฤกษ์,large truck with trailer,dangerous curve,other,1,0,1,clear,13.926541,100.454596,wide curve,slope area
5843386,2022-01-04T15:15:00Z,2022-03-04T11:24:00Z,นนทบุรี,Nonthaburi,department of highways,บางบัวทอง -  ลาดบัวหลวง,motorcycle,speeding,rear-end collision,2,0,1,clear,13.98348257,100.3857118,straight road,no slope
6950211,2022-01-04T16:30:00Z,2022-09-21T10:57:00Z,กรุงเทพมหานคร,Bangkok,department of highways,พระประแดง - บางแค,motorcycle,driving under the influence of alcohol,rollover/fallen on straight road,1,0,1,clear,13.65669145,100.4054072,straight road,no slope
5836979,2022-01-04T20:30:00Z,2022-03-03T10:51:00Z,กรุงเทพมหานคร,Bangkok,department of highways,บางบอน - โรงพยาบาลบางปะกอก 8,motorcycle,speeding,rear-end collision,2,0,2,clear,13.65449687,100.3922403,straight road,no slope
6567040,2022-01-04T21:19:00Z,2022-01-05T11:27:00Z,สมุทรปราการ,Samut Prakan,department of rural roads,สะพานภูมิพลที่ 2 ไปสะพานภูมิพลที่ 1,motorcycle,speeding,other,2,1,0,clear,13.650995,100.541199,straight road,no slope
6567034,2022-01-04T22:10:00Z,2022-01-05T11:28:00Z,นนทบุรี,Nonthaburi,department of rural roads,แยกทางหลวงหมายเลข 346 (กม.ที่ 39+280) - บ้านคลองหนึ่ง,private/passenger car,speeding,other,1,0,1,clear,14.040902,100.293959,sharp curve,no slope
6567039,2022-01-05T05:47:00Z,2022-01-06T09:00:00Z,สมุทรปราการ,Samut Prakan,department of rural roads,ออกจากสะพานภูมิพลที่ 2 ไปถนนวงแหวนอุตสาหกรรม,motorcycle,abrupt lane change,other,2,0,1,clear,13.664065,100.538221,grade-separated intersection/ramps,other
5513249,2022-01-05T09:20:00Z,2022-01-06T07:05:00Z,กรุงเทพมหานคร,Bangkok,expressway authority of thailand,พญาไท-ศรีนครินทร์,other,other,rear-end collision,2,0,1,clear,13.75504659,100.5560582,straight road,other
5861018,2022-01-05T15:00:00Z,2022-03-07T09:51:00Z,ปทุมธานี,Pathum Thani,department of highways,คลองบางหลวง - ต่างระดับเชียงรากน้อย,7-10-wheel truck,speeding,rear-end collision,2,0,0,clear,14.11265837,100.5336705,straight road,no slope
7561493,2022-01-05T19:25:00Z,2023-01-17T09:59:00Z,กรุงเทพมหานคร,Bangkok,department of highways,อรุณอมรินทร์ - พุทธมณฑลสาย 4,motorcycle,speeding,rear-end collision,2,0,0,clear,13.78428329,100.457367,straight road,no slope
6073116,2022-01-05T22:09:00Z,2022-04-11T08:45:00Z,กรุงเทพมหานคร,Bangkok,department of highways,บางปะอิน - แขวงรามอินทรา,private/passenger car,speeding,rear-end collision,2,0,4,clear,13.83637407,100.67357989999999,straight road,no slope
5888611,2022-01-06T04:40:00Z,2022-03-11T10:48:00Z,นครปฐม,Nakhon Pathom,department of highways,บางเลน - ลำลูกบัว,large truck with trailer,speeding,rollover/fallen on straight road,1,0,0,clear,14.02661085,100.1367491,straight road,no slope
5860984,2022-01-06T07:30:00Z,2022-03-07T09:49:00Z,ปทุมธานี,Pathum Thani,department of highways,ต่างระดับคลองหลวง - ประตูน้ำพระอินทร์,4-wheel pickup truck,speeding,rollover/fallen on straight road,1,0,0,clear,14.09702949,100.6185543,other,other
7564966,2022-01-06T08:00:00Z,2023-01-20T06:37:00Z,กรุงเทพมหานคร,Bangkok,department of highways,บางนา - ทางเข้าท่าอากาศยานสุวรรณภูมิ,motorcycle,speeding,rear-end collision,2,0,1,clear,13.66965,100.6260082,straight road,no slope
6073089,2022-01-06T09:30:00Z,2022-04-11T08:39:00Z,กรุงเทพมหานคร,Bangkok,department of highways,แขวงรามอินทรา - บางพลี,private/passenger car,speeding,rear-end collision,3,0,0,clear,13.73602662,100.702706,straight road,no slope
7440887,2022-01-06T14:30:00Z,2022-12-08T08:15:00Z,กรุงเทพมหานคร,Bangkok,department of highways,ไม่ทราบ,motorcycle,speeding,rear-end collision,2,0,1,clear,13.81147557,100.5595148,other,other
5862126,2022-01-06T14:45:00Z,2022-03-07T13:53:00Z,สมุทรสาคร,Samut Sakhon,department of highways,แสมดำ - สะพานข้ามแม่น้ำท่าจีนฝั่งตะวันตก,4-wheel pickup truck,cutting in closely by people/vehicles/animals,rear-end collision,5,0,0,clear,13.59229994,100.3363699,straight road,no slope
5532390,2022-01-06T18:48:00Z,2022-01-08T15:47:00Z,กรุงเทพมหานคร,Bangkok,department of highways,ถนนศรีนครินทร - แขวงคลองสองต้นนุ่น,private/passenger car,speeding,rear-end collision,4,0,0,clear,13.74141733,100.6423241,straight road,no slope
5524152,2022-01-06T21:57:00Z,2022-01-07T09:31:00Z,กรุงเทพมหานคร,Bangkok,expressway authority of thailand,แจ้งวัฒนะ-พญาไท,other,other,rear-end collision,2,0,0,clear,13.83139328,100.5409267,straight road,other
7440875,2022-01-07T09:30:00Z,2022-12-08T08:10:00Z,กรุงเทพมหานคร,Bangkok,department of highways,ไม่ทราบ,motorcycle,speeding,rear-end collision,2,0,1,clear,13.76433811,100.5481308,other,other
5542955,2022-01-07T09:45:00Z,2022-01-10T10:55:00Z,กรุงเทพมหานคร,Bangkok,department of highways,แขวงคลองสองต้นนุ่น - พิมพา,private/passenger car,speeding,rear-end collision,5,0,0,clear,13.72940335,100.7317623,straight road,no slope
5783432,2022-01-07T15:10:00Z,2022-02-22T14:44:00Z,กรุงเทพมหานคร,Bangkok,department of highways,แยกเข้ามีนบุรี - คลองหลวงแพ่ง,other,speeding,rollover/fallen on straight road,1,0,0,clear,13.81591578,100.7213554,straight road,no slope
5783465,2022-01-07T15:10:00Z,2022-02-22T14:45:00Z,กรุงเทพมหานคร,Bangkok,department of highways,แยกเข้ามีนบุรี - คลองหลวงแพ่ง,other,speeding,rollover/fallen on curved road,1,0,0,clear,13.8182521,100.7242468,wide curve,no slope
5783467,2022-01-07T15:10:00Z,2022-02-22T14:46:00Z,กรุงเทพมหานคร,Bangkok,department of highways,แยกเข้ามีนบุรี - คลองหลวงแพ่ง,other,speeding,rollover/fallen on straight road,1,0,0,clear,13.81758012,100.7230854,other,other
6319721,2022-01-07T20:30:00Z,2022-06-06T15:02:00Z,สมุทรปราการ,Samut Prakan,department of highways,บางนา - ทางเข้าท่าอากาศยานสุวรรณภูมิ,4-wheel pickup truck,running red lights/traffic signals,other,1,0,0,clear,13.65545081,100.6719652,other,other
7440931,2022-01-07T21:20:00Z,2022-12-08T08:12:00Z,กรุงเทพมหานคร,Bangkok,department of highways,ไม่ทราบ,motorcycle,speeding,rear-end collision,2,0,1,clear,13.78987642,100.5615629,straight road,no slope
6073249,2022-01-08T05:28:00Z,2022-04-11T09:07:00Z,กรุงเทพมหานคร,Bangkok,department of highways,แขวงรามอินทรา - บางพลี,large truck with trailer,vehicle equipment failure,other,1,0,0,clear,13.77955002,100.6857303,straight road,no slope
7560726,2022-01-08T11:50:00Z,2023-01-16T11:35:00Z,กรุงเทพมหานคร,Bangkok,department of highways,ดินแดง - งามวงศ์วาน,4-wheel pickup truck,cutting in closely by people/vehicles/animals,rear-end collision,2,0,1,clear,13.8223953,100.5584127,straight road,no slope
5531854,2022-01-08T12:53:00Z,2022-01-08T13:39:00Z,กรุงเทพมหานคร,Bangkok,expressway authority of thailand,รามอินทรา-อาจณรงค์,other,other,rear-end collision,2,0,0,clear,13.843308,100.636012,straight road,other
7440989,2022-01-08T15:30:00Z,2022-12-08T08:26:00Z,กรุงเทพมหานคร,Bangkok,department of highways,ไม่ทราบ,private/passenger car,speeding,rear-end collision,2,0,0,clear,13.64452196,100.4130059,straight road,no slope
6494601,2022-01-08T19:00:00Z,2022-07-05T10:26:00Z,สมุทรสาคร,Samut Sakhon,department of highways,สมุทรสาคร - บางบอน,4-wheel pickup truck,speeding,rollover/fallen on straight road,1,0,2,clear,13.6143288,100.346109,straight road,no slope
5536790,2022-01-09T07:55:00Z,2022-01-09T10:19:00Z,กรุงเทพมหานคร,Bangkok,expressway authority of thailand,รามอินทรา-อาจณรงค์,other,other,collision with obstruction (on road surface),1,0,1,clear,13.796315,100.61331,straight road,other
6331026,2022-01-09T08:59:00Z,2022-06-08T11:54:00Z,กรุงเทพมหานคร,Bangkok,department of highways,แขวงคลองสองต้นนุ่น - พิมพา,private/passenger car,speeding,rear-end collision,5,0,0,clear,13.72960398,100.7472119,straight road,no slope
6074460,2022-01-09T13:53:00Z,2022-04-11T13:34:00Z,ปทุมธานี,Pathum Thani,department of highways,บางปะอิน - แขวงรามอินทรา,private/passenger car,speeding,rear-end collision,2,0,2,clear,13.99761232,100.7094517,straight road,no slope
5539964,2022-01-09T19:43:00Z,2022-01-09T21:39:00Z,กรุงเทพมหานคร,Bangkok,expressway authority of thailand,พญาไท-ศรีนครินทร์,other,other,collision with obstruction (on road surface),1,0,1,clear,13.75395601,100.5610262,straight road,other
6567055,2022-01-09T22:00:00Z,2022-01-11T10:56:00Z,ปทุมธานี,Pathum Thani,department of rural roads,แยกถนนเทศบาลท่าโขลง - บ้านคลองสิบสาม,motorcycle,speeding,other,2,1,0,clear,14.168351,100.668238,straight road,no slope
5838173,2022-01-09T23:40:00Z,2022-03-03T15:15:00Z,ปทุมธานี,Pathum Thani,department of highways,ทางเข้านิมิตรใหม่,motorcycle,speeding,rear-end collision,2,0,2,clear,13.92923544,100.7514497,straight road,no slope
5860901,2022-01-10T00:10:00Z,2022-03-07T09:29:00Z,ปทุมธานี,Pathum Thani,department of highways,บางคูวัด - บางพูน,4-wheel pickup truck,speeding,rollover/fallen on straight road,1,0,0,clear,13.95890895,100.5110219,straight road,no slope
7440949,2022-01-10T12:30:00Z,2022-12-08T08:25:00Z,กรุงเทพมหานคร,Bangkok,department of highways,ไม่ทราบ,private/passenger car,speeding,rear-end collision,2,0,0,clear,13.62520952,100.3929162,straight road,no slope
5557624,2022-01-10T12:45:00Z,2022-01-12T10:47:00Z,กรุงเทพมหานคร,Bangkok,department of highways,แขวงคลองสองต้นนุ่น - พิมพา,4-wheel pickup truck,speeding,rear-end collision,4,0,0,clear,13.7294737,100.7417589,straight road,no slope
5545266,2022-01-10T15:55:00Z,2022-01-10T16:38:00Z,กรุงเทพมหานคร,Bangkok,expressway authority of thailand,รามอินทรา-อาจณรงค์,other,other,side collision,2,0,1,clear,NA,NA,straight road,other
5551842,2022-01-10T17:00:00Z,2022-01-11T14:57:00Z,นครปฐม,Nakhon Pathom,department of highways,กำแพงแสน-ทุ่งคอก,motorcycle,cutting in closely by people/vehicles/animals,head-on collision (not overtaking),2,0,1,clear,14.12454579,99.98593925,straight road,no slope
6074619,2022-01-10T20:45:00Z,2022-04-11T14:07:00Z,ปทุมธานี,Pathum Thani,department of highways,บางปะอิน - แขวงรามอินทรา,large truck with trailer,speeding,rollover/fallen on straight road,1,0,0,clear,13.9627978,100.7127857,straight road,no slope
6567057,2022-01-11T01:40:00Z,2022-01-11T10:57:00Z,กรุงเทพมหานคร,Bangkok,department of rural roads,สะพานภูมิพลที่ 1 ไปสะพานภูมิพลที่ 2,motorcycle,speeding,other,2,0,1,clear,13.681633,100.540839,wide curve,slope area
5823958,2022-01-11T06:00:00Z,2022-03-01T10:54:00Z,นนทบุรี,Nonthaburi,department of highways,คลองมหาสวัสดิ์ - คลองบางไผ่,large truck with trailer,speeding,rollover/fallen on straight road,1,0,0,clear,13.83943159,100.4132715,straight road,no slope
6073394,2022-01-11T08:09:00Z,2022-04-11T09:44:00Z,กรุงเทพมหานคร,Bangkok,department of highways,แขวงคลองสองต้นนุ่น - พิมพา,private/passenger car,speeding,rollover/fallen on curved road,1,0,1,clear,13.72983327,100.7563045,wide curve,no slope
5557197,2022-01-11T09:21:00Z,2022-01-12T09:10:00Z,กรุงเทพมหานคร,Bangkok,department of highways,ถนนศรีนครินทร - แขวงคลองสองต้นนุ่น,6-wheel truck,speeding,rollover/fallen on straight road,1,0,0,clear,13.73669623,100.6694278,straight road,no slope
6074777,2022-01-11T14:00:00Z,2022-04-11T14:30:00Z,ปทุมธานี,Pathum Thani,department of highways,บางปะอิน - แขวงรามอินทรา,4-wheel pickup truck,speeding,rollover/fallen on straight road,1,0,0,clear,14.01192077,100.7037923,straight road,no slope
7515097,2022-01-11T14:45:00Z,2022-12-28T15:49:00Z,กรุงเทพมหานคร,Bangkok,department of highways,ไม่ทราบ,private/passenger car,speeding,rear-end collision,3,0,0,clear,13.82676542,100.5579546,straight road,no slope
6074714,2022-01-11T15:01:00Z,2022-04-11T14:22:00Z,กรุงเทพมหานคร,Bangkok,department of highways,แขวงคลองสองต้นนุ่น - พิมพา,4-wheel pickup truck,speeding,rollover/fallen on straight road,1,0,0,clear,13.73281402,100.8075508,straight road,no slope
5861456,2022-01-11T18:00:00Z,2022-03-07T11:28:00Z,สมุทรปราการ,Samut Prakan,department of highways,ท้ายบ้าน - บางตำหรุ,motorcycle,cutting in closely by people/vehicles/animals,rear-end collision,2,1,1,clear,13.523504580000001,100.6461918,straight road,no slope
6319726,2022-01-11T18:00:00Z,2022-06-06T15:03:00Z,สมุทรปราการ,Samut Prakan,department of highways,ทางเข้าท่าอากาศยานสุวรรณภูมิ - บางวัว,7-10-wheel truck,cutting in closely by people/vehicles/animals,rollover/fallen on straight road,1,0,0,clear,13.59400236,100.8087551,straight road,no slope
7440937,2022-01-11T18:40:00Z,2022-12-08T08:24:00Z,กรุงเทพมหานคร,Bangkok,department of highways,ไม่ทราบ,private/passenger car,speeding,rear-end collision,2,0,1,clear,13.66364777,100.4413864,straight road,no slope
5553499,2022-01-11T19:34:00Z,2022-01-11T20:38:00Z,กรุงเทพมหานคร,Bangkok,expressway authority of thailand,หมอชิต-กาญจนาฯ,other,other,collision with obstruction (on road surface),1,0,0,clear,NA,NA,other,other
5559489,2022-01-12T06:50:00Z,2022-01-12T15:32:00Z,ปทุมธานี,Pathum Thani,department of highways,บางปะอิน - แขวงรามอินทรา,4-wheel pickup truck,speeding,rear-end collision,2,0,0,clear,13.92709028,100.7068044,straight road,no slope
6319713,2022-01-12T12:30:00Z,2022-06-06T15:03:00Z,สมุทรปราการ,Samut Prakan,department of highways,บางพลี - บางบ่อ,6-wheel truck,speeding,rear-end collision,5,0,0,clear,13.59555617,100.7530859,straight road,no slope
5862122,2022-01-12T16:40:00Z,2022-03-07T13:50:00Z,สมุทรสาคร,Samut Sakhon,department of highways,สะพานข้ามแม่น้ำท่าจีนฝั่งตะวันตก - นาโคก,6-wheel truck,falling asleep,rear-end collision,5,0,0,clear,13.52440168,100.1841464,straight road,no slope
5838209,2022-01-12T20:45:00Z,2022-03-03T15:20:00Z,ปทุมธานี,Pathum Thani,department of highways,ทางเข้านิมิตรใหม่,4-wheel pickup truck,speeding,rear-end collision,2,0,0,clear,13.92728553,100.7513988,straight road,no slope
7440939,2022-01-12T21:02:00Z,2022-12-08T08:22:00Z,กรุงเทพมหานคร,Bangkok,department of highways,ไม่ทราบ,private/passenger car,speeding,rear-end collision,2,0,1,clear,13.67609513,100.4626161,straight road,no slope
6319089,2022-01-12T23:20:00Z,2022-06-06T13:17:00Z,กรุงเทพมหานคร,Bangkok,department of highways,งามวงศ์วาน - ดอนเมือง,private/passenger car,speeding,rollover/fallen on straight road,1,0,0,clear,13.92088379,100.6019702,straight road,no slope
5564187,2022-01-13T00:05:00Z,2022-01-13T08:14:00Z,ปทุมธานี,Pathum Thani,department of highways,บางปะอิน - แขวงรามอินทรา,private/passenger car,speeding,rear-end collision,2,0,0,clear,13.99680813,100.7100445,straight road,no slope
5842735,2022-01-13T00:30:00Z,2022-03-04T09:02:00Z,ปทุมธานี,Pathum Thani,department of highways,ลำลูกกา - คลอง 16,4-wheel pickup truck,speeding,rear-end collision,2,0,0,clear,13.9348742,100.7464984,other,other
6010532,2022-01-13T02:15:00Z,2022-03-31T13:40:00Z,สมุทรปราการ,Samut Prakan,department of highways,แขวงคลองสองต้นนุ่น - พิมพา,large truck with trailer,speeding,rear-end collision,2,0,0,clear,13.70092012,100.8246311,straight road,no slope
6010445,2022-01-13T09:30:00Z,2022-03-31T13:25:00Z,ปทุมธานี,Pathum Thani,department of highways,บางปะอิน - แขวงรามอินทรา,other,speeding,rollover/fallen on straight road,1,0,0,clear,14.01824191,100.7005548,straight road,no slope
7560761,2022-01-13T15:19:00Z,2023-01-16T13:16:00Z,กรุงเทพมหานคร,Bangkok,department of highways,ดินแดง - งามวงศ์วาน,motorcycle,speeding,rear-end collision,2,0,1,clear,13.81328065,100.5593742,straight road,no slope
5801508,2022-01-14T02:00:00Z,2022-02-25T15:09:00Z,นนทบุรี,Nonthaburi,department of highways,คลองมหาสวัสดิ์ - คลองบางไผ่,private/passenger car,speeding,rollover/fallen on straight road,1,0,0,clear,13.85568213,100.4116514,straight road,no slope
7440895,2022-01-14T07:30:00Z,2022-12-08T08:18:00Z,กรุงเทพมหานคร,Bangkok,department of highways,ไม่ทราบ,motorcycle,speeding,rear-end collision,2,0,1,clear,13.8280488,100.5578209,other,other
5572632,2022-01-14T09:14:00Z,2022-01-14T10:59:00Z,กรุงเทพมหานคร,Bangkok,expressway authority of thailand,ดาวคะนอง-ท่าเรือ,other,other,collision with obstruction (on road surface),1,0,3,clear,NA,NA,wide curve,other
6010609,2022-01-14T11:00:00Z,2022-03-31T13:57:00Z,กรุงเทพมหานคร,Bangkok,department of highways,บางปะอิน - แขวงรามอินทรา,4-wheel pickup truck,vehicle equipment failure,rollover/fallen on straight road,1,0,0,clear,13.8779154,100.6833163,straight road,no slope
5862070,2022-01-14T14:00:00Z,2022-03-07T13:40:00Z,สมุทรสาคร,Samut Sakhon,department of highways,แสมดำ - สะพานข้ามแม่น้ำท่าจีนฝั่งตะวันตก,4-wheel pickup truck,vehicle equipment failure,rollover/fallen on straight road,1,0,1,clear,13.58377461,100.314652,straight road,no slope
5862069,2022-01-14T14:45:00Z,2022-03-07T13:43:00Z,สมุทรสาคร,Samut Sakhon,department of highways,แสมดำ - สะพานข้ามแม่น้ำท่าจีนฝั่งตะวันตก,4-wheel pickup truck,cutting in closely by people/vehicles/animals,rear-end collision,2,0,0,clear,13.59268318,100.3519347,straight road,no slope
5862072,2022-01-14T15:27:00Z,2022-03-07T13:42:00Z,สมุทรสาคร,Samut Sakhon,department of highways,แสมดำ - สะพานข้ามแม่น้ำท่าจีนฝั่งตะวันตก,motorcycle,speeding,rear-end collision,2,0,1,clear,13.60314518,100.3706914,straight road,no slope
5693459,2022-01-14T19:41:00Z,2022-02-07T11:10:00Z,กรุงเทพมหานคร,Bangkok,department of highways,แขวงคลองสองต้นนุ่น - พิมพา,private/passenger car,speeding,rear-end collision,3,0,0,clear,13.72972905,100.7290506,straight road,no slope
6073369,2022-01-14T22:50:00Z,2022-04-11T09:36:00Z,กรุงเทพมหานคร,Bangkok,department of highways,แขวงรามอินทรา - บางพลี,4-wheel pickup truck,overloaded vehicle,other,1,0,0,clear,13.7755539,100.688265,straight road,no slope
7561192,2022-01-14T23:40:00Z,2023-01-17T06:48:00Z,กรุงเทพมหานคร,Bangkok,department of highways,อรุณอมรินทร์ - พุทธมณฑลสาย 4,private/passenger car,speeding,rear-end collision,2,0,1,clear,13.78130189,100.4281443,other,other
6363092,2022-01-14T23:45:00Z,2022-06-13T13:22:00Z,กรุงเทพมหานคร,Bangkok,department of highways,ดินแดง - งามวงศ์วาน,private/passenger car,speeding,rear-end collision,2,0,1,clear,13.78635422,100.5604738,straight road,no slope
5579080,2022-01-15T00:10:00Z,2022-01-15T09:11:00Z,กรุงเทพมหานคร,Bangkok,department of highways,แขวงรามอินทรา - บางพลี,motorcycle,speeding,rear-end collision,2,1,0,clear,13.81050855,100.6779358,straight road,no slope
6010850,2022-01-15T01:50:00Z,2022-03-31T14:54:00Z,กรุงเทพมหานคร,Bangkok,department of highways,แขวงรามอินทรา - บางพลี,private/passenger car,speeding,rollover/fallen on straight road,1,0,0,clear,13.77717684,100.6874415,straight road,no slope
6009504,2022-01-15T09:17:00Z,2022-03-31T09:25:00Z,ปทุมธานี,Pathum Thani,department of highways,บางปะอิน - แขวงรามอินทรา,other,speeding,rollover/fallen on straight road,1,0,0,clear,14.11013513,100.6811812,straight road,no slope
6243212,2022-01-15T11:50:00Z,2022-05-25T14:12:00Z,กรุงเทพมหานคร,Bangkok,department of highways,แขวงรามอินทรา - บางพลี,private/passenger car,speeding,rollover/fallen on straight road,1,0,1,clear,13.76927302,100.6919986,straight road,no slope
5585651,2022-01-15T12:00:00Z,2022-01-16T11:04:00Z,กรุงเทพมหานคร,Bangkok,department of highways,บางปะอิน - แขวงรามอินทรา,private/passenger car,speeding,rear-end collision,3,0,2,clear,13.88440166,100.6864303,straight road,no slope
5580928,2022-01-15T14:50:00Z,2022-01-15T16:34:00Z,กรุงเทพมหานคร,Bangkok,expressway authority of thailand,ดาวคะนอง-ท่าเรือ,4-wheel pickup truck,other,rear-end collision,3,0,1,clear,NA,NA,straight road,other
6567061,2022-01-15T18:55:00Z,2022-01-18T11:06:00Z,กรุงเทพมหานคร,Bangkok,department of rural roads,ทางเข้าถนนสุขสวัสดิ์สู่ถนนวงแหวนอุตสาหกรรม,private/passenger car,abrupt lane change,other,2,0,0,clear,13.664534,100.517509,straight road,other
6010585,2022-01-15T21:01:00Z,2022-03-31T13:50:00Z,สมุทรปราการ,Samut Prakan,department of highways,แขวงคลองสองต้นนุ่น - พิมพา,4-wheel pickup truck,overloaded vehicle,other,1,0,0,clear,13.6718705,100.840998,straight road,no slope
6010582,2022-01-15T22:37:00Z,2022-03-31T13:52:00Z,กรุงเทพมหานคร,Bangkok,department of highways,บางปะอิน - แขวงรามอินทรา,private/passenger car,speeding,rollover/fallen on straight road,1,0,2,clear,13.91118321,100.7004797,straight road,no slope
5842734,2022-01-15T23:00:00Z,2022-03-04T09:03:00Z,ปทุมธานี,Pathum Thani,department of highways,วัดนาบุญ - คลอง 14,private/passenger car,speeding,rollover/fallen on straight road,1,0,1,clear,14.07199452,100.8794153,straight road,no slope
5783441,2022-01-16T00:15:00Z,2022-02-22T14:42:00Z,กรุงเทพมหานคร,Bangkok,department of highways,แยกเข้ามีนบุรี - คลองหลวงแพ่ง,private/passenger car,speeding,rollover/fallen on curved road,1,0,0,clear,13.81804374,100.7238042,wide curve,no slope
5583578,2022-01-16T00:41:00Z,2022-01-16T01:53:00Z,กรุงเทพมหานคร,Bangkok,expressway authority of thailand,รามอินทรา-อาจณรงค์,other,other,rear-end collision,2,0,0,clear,13.821919,100.626324,wide curve,other
5584302,2022-01-16T05:00:00Z,2022-01-16T05:45:00Z,สมุทรปราการ,Samut Prakan,expressway authority of thailand,บางพลี-สุขสวัสดิ์,large truck with trailer,other,rear-end collision,2,0,1,clear,13.631934,100.578295,straight road,other
5888609,2022-01-16T05:00:00Z,2022-03-11T10:45:00Z,นครปฐม,Nakhon Pathom,department of highways,บางเลน - ลำลูกบัว,4-wheel pickup truck,speeding,rollover/fallen on straight road,1,0,0,clear,14.02799784,100.1323905,straight road,no slope
6009505,2022-01-16T08:30:00Z,2022-03-31T09:28:00Z,สมุทรปราการ,Samut Prakan,department of highways,แขวงรามอินทรา - บางพลี,4-wheel pickup truck,speeding,rollover/fallen on straight road,1,0,2,clear,13.65331616,100.6896436,other,other
6319403,2022-01-16T11:00:00Z,2022-06-06T14:08:00Z,สมุทรปราการ,Samut Prakan,department of highways,ทางเข้าท่าอากาศยานสุวรรณภูมิด้านถนนบางนา - บางวัว,large truck with trailer,driving under the influence of alcohol,rollover/fallen on straight road,1,0,1,clear,13.63735655,100.7416677,straight road,no slope
7445683,2022-01-16T11:00:00Z,2022-12-09T09:02:00Z,กรุงเทพมหานคร,Bangkok,department of highways,ไม่ทราบ,motorcycle,illegal overtaking,rear-end collision,2,0,1,clear,13.83487062,100.5571974,straight road,no slope
5843213,2022-01-16T11:30:00Z,2022-03-04T10:48:00Z,ปทุมธานี,Pathum Thani,department of highways,คลองบางไผ่ - คลองบางหลวง,motorcycle,speeding,pedestrian collision,1,1,1,clear,14.01953526,100.4520911,straight road,no slope
5605871,2022-01-16T16:17:00Z,2022-01-19T09:10:00Z,ปทุมธานี,Pathum Thani,department of highways,บางปะอิน - แขวงรามอินทรา,4-wheel pickup truck,speeding,rear-end collision,2,0,0,clear,14.11176353,100.6803122,straight road,no slope
6009531,2022-01-16T16:21:00Z,2022-03-31T09:34:00Z,ปทุมธานี,Pathum Thani,department of highways,บางปะอิน - แขวงรามอินทรา,private/passenger car,speeding,rear-end collision,2,0,0,clear,14.01182708,100.7033953,straight road,no slope
6345611,2022-01-16T23:00:00Z,2022-06-10T13:47:00Z,ปทุมธานี,Pathum Thani,department of highways,ต่างระดับคลองหลวง - ประตูน้ำพระอินทร์,motorcycle,speeding,rear-end collision,2,0,0,clear,14.07538454,100.6177497,other,other
5590531,2022-01-17T03:02:00Z,2022-01-17T04:04:00Z,สมุทรปราการ,Samut Prakan,expressway authority of thailand,บางพลี-สุขสวัสดิ์,7-10-wheel truck,other,rear-end collision,2,0,1,clear,13.637099,100.547235,grade-separated intersection/ramps,other
5590986,2022-01-17T05:05:00Z,2022-01-17T06:13:00Z,สมุทรปราการ,Samut Prakan,expressway authority of thailand,บางพลี-สุขสวัสดิ์,large truck with trailer,other,side collision,2,0,1,clear,13.62904,100.527976,grade-separated intersection/ramps,other
5592506,2022-01-17T09:36:00Z,2022-01-17T11:15:00Z,สมุทรปราการ,Samut Prakan,expressway authority of thailand,บางพลี-สุขสวัสดิ์,other,other,rear-end collision,4,0,1,clear,13.613121,100.619701,straight road,other
6005085,2022-01-17T13:15:00Z,2022-03-30T14:37:00Z,กรุงเทพมหานคร,Bangkok,department of highways,แขวงรามอินทรา - บางพลี,6-wheel truck,speeding,rollover/fallen on straight road,1,0,0,clear,13.75783362,100.6981999,straight road,no slope
5862031,2022-01-17T13:30:00Z,2022-03-07T13:34:00Z,สมุทรสาคร,Samut Sakhon,department of highways,อ้อมน้อย - สมุทรสาคร,7-10-wheel truck,speeding,rollover/fallen on straight road,1,0,0,clear,13.57926675,100.2753872,other,other
7440912,2022-01-17T22:10:00Z,2022-12-08T08:20:00Z,สมุทรปราการ,Samut Prakan,department of highways,ไม่ทราบ,private/passenger car,speeding,rear-end collision,2,0,1,clear,13.60140241,100.7859483,straight road,no slope
5838235,2022-01-18T00:01:00Z,2022-03-03T15:26:00Z,ปทุมธานี,Pathum Thani,department of highways,ลำลูกกา - คลอง 16,private/passenger car,speeding,rear-end collision,2,0,0,clear,13.93491585,100.7465038,other,other
5746203,2022-01-18T02:15:00Z,2022-02-15T15:09:00Z,นนทบุรี,Nonthaburi,department of highways,คลองบางไผ่ - คลองบางหลวง,6-wheel truck,speeding,rollover/fallen on straight road,1,0,0,clear,13.9034714,100.4071909,straight road,no slope
5783433,2022-01-18T07:15:00Z,2022-02-22T14:41:00Z,กรุงเทพมหานคร,Bangkok,department of highways,งามวงศ์วาน - ดอนเมือง,other,speeding,collision with obstruction (on road surface),1,0,0,clear,13.919379,100.601128,straight road,no slope
7554321,2022-01-18T08:40:00Z,2023-01-09T10:12:00Z,กรุงเทพมหานคร,Bangkok,department of highways,อรุณอมรินทร์ - พุทธมณฑลสาย 4,motorcycle,speeding,rear-end collision,2,0,0,clear,13.78219931,100.4185461,straight road,no slope
6010364,2022-01-18T08:41:00Z,2022-03-31T13:20:00Z,กรุงเทพมหานคร,Bangkok,department of highways,แขวงคลองสองต้นนุ่น - พิมพา,private/passenger car,speeding,rollover/fallen on straight road,1,0,0,clear,13.73218088,100.7815441,straight road,no slope
5599618,2022-01-18T11:23:00Z,2022-01-18T11:58:00Z,กรุงเทพมหานคร,Bangkok,expressway authority of thailand,รามอินทรา-อาจณรงค์,other,other,rear-end collision,3,0,0,clear,13.711098,100.598219,straight road,other
6009528,2022-01-18T12:22:00Z,2022-03-31T09:33:00Z,ปทุมธานี,Pathum Thani,department of highways,บางปะอิน - แขวงรามอินทรา,private/passenger car,speeding,rear-end collision,2,0,0,clear,14.07536893,100.6956276,straight road,no slope
6009526,2022-01-18T14:00:00Z,2022-03-31T09:32:00Z,ปทุมธานี,Pathum Thani,department of highways,บางปะอิน - แขวงรามอินทรา,4-wheel pickup truck,speeding,rear-end collision,2,0,1,clear,14.06087191,100.6971082,straight road,no slope
6950240,2022-01-18T21:00:00Z,2022-09-21T11:00:00Z,นนทบุรี,Nonthaburi,department of highways,คลองมหาสวัสดิ์ - คลองบางไผ่,motorcycle,speeding,rear-end collision,2,1,0,clear,13.86592147,100.4108012,straight road,no slope
6344504,2022-01-18T22:50:00Z,2022-06-10T10:25:00Z,กรุงเทพมหานคร,Bangkok,department of highways,แยกเข้ามีนบุรี - คลองหลวงแพ่ง,private/passenger car,speeding,rollover/fallen on straight road,1,0,1,clear,13.81101907,100.7960924,straight road,no slope
5843233,2022-01-19T01:00:00Z,2022-03-04T10:54:00Z,นนทบุรี,Nonthaburi,department of highways,สะพานพระนั่งเกล้า - ต่างระดับบางใหญ่,private/passenger car,speeding,rollover/fallen on straight road,1,0,1,clear,13.87503806,100.4237106,straight road,no slope
6330957,2022-01-19T02:20:00Z,2022-06-08T11:43:00Z,สมุทรปราการ,Samut Prakan,department of highways,แขวงคลองสองต้นนุ่น - พิมพา,private/passenger car,speeding,rollover/fallen on straight road,1,0,0,clear,13.64135503,100.8884355,straight road,no slope
6009524,2022-01-19T04:16:00Z,2022-03-31T09:30:00Z,ปทุมธานี,Pathum Thani,department of highways,บางปะอิน - แขวงรามอินทรา,large truck with trailer,speeding,rear-end collision,2,0,0,clear,14.10776535,100.6825358,straight road,no slope
6567067,2022-01-19T07:30:00Z,2022-01-19T13:30:00Z,นนทบุรี,Nonthaburi,department of rural roads,ถนนชัยพฤกษ์,motorcycle,repair/construction on the road,other,3,1,0,clear,13.922675,100.477745,straight road,no slope
6005067,2022-01-19T08:30:00Z,2022-03-30T14:33:00Z,ปทุมธานี,Pathum Thani,department of highways,บางปะอิน - แขวงรามอินทรา,private/passenger car,speeding,rollover/fallen on straight road,1,0,1,clear,14.00927671,100.7043046,straight road,no slope
6533125,2022-01-19T10:00:00Z,2022-07-11T14:30:00Z,สมุทรปราการ,Samut Prakan,department of highways,บางนา - ทางเข้าท่าอากาศยานสุวรรณภูมิ,6-wheel truck,speeding,rear-end collision,4,0,3,clear,13.64050529,100.6989616,straight road,no slope
5783434,2022-01-19T11:00:00Z,2022-02-22T14:40:00Z,กรุงเทพมหานคร,Bangkok,department of highways,ถนนศรีนครินทร์ - ลาดกระบัง,other,speeding,rollover/fallen on straight road,1,0,0,clear,13.7338901,100.8054882,wide curve,no slope
5607415,2022-01-19T11:06:00Z,2022-01-19T13:55:00Z,สมุทรปราการ,Samut Prakan,expressway authority of thailand,บางนา-ชลบุรี,4-wheel pickup truck,other,rear-end collision,2,0,0,clear,13.632982,100.712435,straight road,other
5843832,2022-01-19T11:30:00Z,2022-03-04T13:26:00Z,นนทบุรี,Nonthaburi,department of highways,บางบัวทอง -  ลาดบัวหลวง,4-wheel pickup truck,cutting in closely by people/vehicles/animals,rear-end collision,4,0,1,clear,13.97743897,100.3906175,straight road,no slope
5622745,2022-01-19T19:15:00Z,2022-01-21T15:58:00Z,กรุงเทพมหานคร,Bangkok,department of highways,แขวงรามอินทรา - บางพลี,private/passenger car,speeding,rear-end collision,3,0,0,clear,13.65883649,100.6933799,straight road,no slope
7553830,2022-01-19T20:45:00Z,2023-01-07T15:56:00Z,กรุงเทพมหานคร,Bangkok,department of highways,ดินแดง - งามวงศ์วาน,motorcycle,running red lights/traffic signals,collision at intersection corner,2,1,1,other,13.78987642,100.5615629,straight road,no slope
6004966,2022-01-19T23:37:00Z,2022-03-30T14:06:00Z,กรุงเทพมหานคร,Bangkok,department of highways,แขวงคลองสองต้นนุ่น - พิมพา,4-wheel pickup truck,speeding,rear-end collision,2,0,0,clear,13.73108394,100.76253,straight road,no slope
5661696,2022-01-20T01:45:00Z,2022-02-02T11:51:00Z,สมุทรปราการ,Samut Prakan,expressway authority of thailand,บางพลี-สุขสวัสดิ์,other,other,collision with obstruction (on road surface),1,0,0,clear,13.635238,100.543062,grade-separated intersection/ramps,other
5615218,2022-01-20T07:21:00Z,2022-01-20T14:48:00Z,สมุทรปราการ,Samut Prakan,department of highways,แขวงคลองสองต้นนุ่น - พิมพา,private/passenger car,speeding,other,2,0,0,clear,13.65118671,100.8731255,straight road,no slope
5614310,2022-01-20T10:55:00Z,2022-01-20T12:09:00Z,กรุงเทพมหานคร,Bangkok,expressway authority of thailand,หมอชิต-กาญจนาฯ,other,other,collision with obstruction (on road surface),1,0,0,clear,NA,NA,other,other
5614443,2022-01-20T11:37:00Z,2022-01-20T12:40:00Z,กรุงเทพมหานคร,Bangkok,expressway authority of thailand,รามอินทรา-อาจณรงค์,other,other,side collision,2,0,1,clear,NA,NA,wide curve,other
5627588,2022-01-20T11:50:00Z,2022-01-27T12:59:00Z,สมุทรปราการ,Samut Prakan,department of highways,แขวงรามอินทรา - บางพลี,large truck with trailer,speeding,rear-end collision,2,0,0,clear,13.65701985,100.6920683,straight road,no slope
6533104,2022-01-20T13:00:00Z,2022-07-11T14:29:00Z,นนทบุรี,Nonthaburi,department of highways,คลองวัดแดง - บางบัวทอง,motorcycle,speeding,rear-end collision,2,1,0,clear,13.86315335,100.4386613,straight road,no slope
5617271,2022-01-20T16:12:00Z,2022-01-20T21:22:00Z,สมุทรปราการ,Samut Prakan,expressway authority of thailand,บางพลี-สุขสวัสดิ์,4-wheel pickup truck,other,rear-end collision,3,0,0,clear,13.635432,100.542951,grade-separated intersection/ramps,other
6330962,2022-01-21T01:00:00Z,2022-06-08T11:42:00Z,กรุงเทพมหานคร,Bangkok,department of highways,แขวงคลองสองต้นนุ่น - พิมพา,large truck with trailer,speeding,rollover/fallen on straight road,1,0,0,clear,13.72953884,100.7444814,straight road,no slope
5648970,2022-01-21T01:05:00Z,2022-01-31T19:58:00Z,กรุงเทพมหานคร,Bangkok,expressway authority of thailand,แจ้งวัฒนะ-พญาไท,other,other,other,1,0,0,clear,NA,NA,y-intersection,other
6567076,2022-01-21T06:03:00Z,2022-01-24T13:45:00Z,สมุทรปราการ,Samut Prakan,department of rural roads,สะพานภูมิพลที่ 1 ไปสะพานภูมิพลที่ 2,large truck with trailer,falling asleep,other,1,0,0,dark,13.652792,100.541216,straight road,slope area
6533102,2022-01-21T07:00:00Z,2022-07-11T14:28:00Z,นนทบุรี,Nonthaburi,department of highways,คลองวัดแดง - บางบัวทอง,private/passenger car,speeding,rear-end collision,2,0,0,clear,13.87404075,100.4346353,straight road,no slope
6330977,2022-01-21T07:40:00Z,2022-06-08T11:44:00Z,ปทุมธานี,Pathum Thani,department of highways,บางปะอิน - แขวงรามอินทรา,4-wheel pickup truck,speeding,rollover/fallen on straight road,1,0,1,clear,13.93681623,100.7091299,straight road,no slope
7561191,2022-01-21T07:45:00Z,2023-01-17T06:45:00Z,กรุงเทพมหานคร,Bangkok,department of highways,อรุณอมรินทร์ - พุทธมณฑลสาย 4,private/passenger car,cutting in closely by people/vehicles/animals,rear-end collision,2,0,1,clear,13.78241162,100.4173149,straight road,no slope
6003887,2022-01-21T08:06:00Z,2022-03-30T09:51:00Z,ปทุมธานี,Pathum Thani,department of highways,บางปะอิน - แขวงรามอินทรา,4-wheel pickup truck,speeding,rear-end collision,3,0,0,clear,14.00509196,100.7061446,straight road,no slope
6330974,2022-01-21T10:10:00Z,2022-06-08T11:42:00Z,กรุงเทพมหานคร,Bangkok,department of highways,แขวงคลองสองต้นนุ่น - พิมพา,large truck with trailer,vehicle equipment failure,rollover/fallen on straight road,1,0,0,clear,13.72945546,100.7408497,straight road,no slope
5624248,2022-01-21T11:10:00Z,2022-01-22T14:39:00Z,กรุงเทพมหานคร,Bangkok,department of highways,แขวงรามอินทรา - บางพลี,large truck with trailer,speeding,rear-end collision,2,0,0,clear,13.71231018,100.7002517,straight road,no slope
5860832,2022-01-21T14:30:00Z,2022-03-07T09:08:00Z,ปทุมธานี,Pathum Thani,department of highways,คลองบางหลวง - ต่างระดับเชียงรากน้อย,large truck with trailer,speeding,rollover/fallen on straight road,1,0,0,rainy,14.10641787,100.5317473,straight road,no slope
7561212,2022-01-21T17:00:00Z,2023-01-17T07:14:00Z,กรุงเทพมหานคร,Bangkok,department of highways,อรุณอมรินทร์ - พุทธมณฑลสาย 4,private/passenger car,speeding,rear-end collision,2,0,0,clear,13.78035497,100.4434799,straight road,no slope
5624549,2022-01-21T19:24:00Z,2022-01-24T13:14:00Z,กรุงเทพมหานคร,Bangkok,department of highways,แขวงคลองสองต้นนุ่น - พิมพา,private/passenger car,speeding,rear-end collision,2,0,0,clear,13.73111,100.7163906,straight road,no slope
6003797,2022-01-21T21:45:00Z,2022-03-30T09:27:00Z,ปทุมธานี,Pathum Thani,department of highways,บางปะอิน - แขวงรามอินทรา,4-wheel pickup truck,speeding,rollover/fallen on straight road,1,0,0,clear,14.07538454,100.6956115,straight road,no slope
5624359,2022-01-21T23:00:00Z,2022-01-23T14:43:00Z,ปทุมธานี,Pathum Thani,department of highways,บางปะอิน - แขวงรามอินทรา,large truck with trailer,speeding,rollover/fallen on straight road,1,0,1,rainy,14.06901293,100.6963572,straight road,no slope
6330964,2022-01-21T23:15:00Z,2022-06-08T11:43:00Z,สมุทรปราการ,Samut Prakan,department of highways,แขวงคลองสองต้นนุ่น - พิมพา,large truck with trailer,speeding,rear-end collision,2,0,0,clear,13.62365591,100.9159899,straight road,no slope
6319330,2022-01-21T23:40:00Z,2022-06-06T13:50:00Z,สมุทรปราการ,Samut Prakan,department of highways,บางนา - ทางเข้าท่าอากาศยานสุวรรณภูมิ,7-10-wheel truck,running red lights/traffic signals,other,1,0,0,clear,13.65545081,100.6719705,other,other
6344501,2022-01-22T01:30:00Z,2022-06-10T10:26:00Z,กรุงเทพมหานคร,Bangkok,department of highways,แยกเข้ามีนบุรี - คลองหลวงแพ่ง,6-wheel truck,cutting in closely by people/vehicles/animals,rollover/fallen on straight road,1,0,0,clear,13.8084743,100.9018037,straight road,no slope
7330985,2022-01-22T05:15:00Z,2022-03-30T09:23:00Z,กรุงเทพมหานคร,Bangkok,department of highways,บางปะอิน - แขวงรามอินทรา,large truck with trailer,cutting in closely by people/vehicles/animals,rear-end collision,2,0,2,rainy,13.83385563,100.6738669,straight road,no slope
6344369,2022-01-22T05:30:00Z,2022-06-10T10:12:00Z,กรุงเทพมหานคร,Bangkok,department of highways,แยกเข้ามีนบุรี - คลองหลวงแพ่ง,private/passenger car,speeding,rollover/fallen on straight road,1,0,0,rainy,13.80690888,100.8371544,straight road,no slope
5626732,2022-01-22T05:50:00Z,2022-01-26T15:19:00Z,กรุงเทพมหานคร,Bangkok,department of highways,แขวงรามอินทรา - บางพลี,4-wheel pickup truck,speeding,rollover/fallen on curved road,1,0,0,rainy,13.73293388,100.7055089,other,other
6330972,2022-01-22T06:30:00Z,2022-06-08T11:41:00Z,กรุงเทพมหานคร,Bangkok,department of highways,แขวงคลองสองต้นนุ่น - พิมพา,large truck with trailer,speeding,rollover/fallen on curved road,1,0,0,rainy,13.72947891,100.7417589,wide curve,no slope
6003648,2022-01-22T07:48:00Z,2022-03-30T09:00:00Z,สมุทรปราการ,Samut Prakan,department of highways,แขวงคลองสองต้นนุ่น - พิมพา,private/passenger car,speeding,rollover/fallen on straight road,1,0,0,rainy,13.64381299,100.884608,straight road,no slope
6567078,2022-01-22T08:00:00Z,2022-01-24T13:46:00Z,สมุทรปราการ,Samut Prakan,department of rural roads,ถนนวงแหวนอุตสาหกรรมเข้าสะพานภูมิพลที่ 1,passenger pickup truck,tailgating,other,2,0,1,clear,13.664553,100.535828,y-intersection,other
7561508,2022-01-22T08:10:00Z,2023-01-17T10:08:00Z,กรุงเทพมหานคร,Bangkok,department of highways,อรุณอมรินทร์ - พุทธมณฑลสาย 4,motorcycle,speeding,rear-end collision,2,0,1,clear,13.7862917,100.4634127,straight road,no slope
6003839,2022-01-22T09:20:00Z,2022-03-30T09:41:00Z,กรุงเทพมหานคร,Bangkok,department of highways,บางปะอิน - แขวงรามอินทรา,private/passenger car,speeding,rear-end collision,10,0,0,rainy,13.83319931,100.6739285,straight road,no slope
5624239,2022-01-22T10:20:00Z,2022-01-22T11:02:00Z,กรุงเทพมหานคร,Bangkok,expressway authority of thailand,ดินแดง-ท่าเรือ,other,other,collision with obstruction (on road surface),1,0,1,rainy,13.72439624,100.5526095,straight road,other
5627589,2022-01-22T10:25:00Z,2022-01-27T12:58:00Z,กรุงเทพมหานคร,Bangkok,department of highways,แขวงรามอินทรา - บางพลี,4-wheel pickup truck,speeding,rollover/fallen on curved road,1,0,1,clear,13.73295472,100.7055062,other,other
5624242,2022-01-22T10:28:00Z,2022-01-22T13:37:00Z,กรุงเทพมหานคร,Bangkok,expressway authority of thailand,พญาไท-ศรีนครินทร์,4-wheel pickup truck,other,rear-end collision,6,0,0,clear,NA,NA,straight road,other
5626480,2022-01-22T14:00:00Z,2022-01-26T09:07:00Z,กรุงเทพมหานคร,Bangkok,department of highways,บางปะอิน - แขวงรามอินทรา,large truck with trailer,speeding,rear-end collision,2,0,0,clear,13.90873066,100.6989214,straight road,no slope
5624347,2022-01-23T00:42:00Z,2022-01-23T01:29:00Z,กรุงเทพมหานคร,Bangkok,expressway authority of thailand,รามอินทรา-อาจณรงค์,other,other,rear-end collision,2,0,1,clear,13.81105,100.620175,straight road,other
5624348,2022-01-23T01:44:00Z,2022-01-23T03:02:00Z,กรุงเทพมหานคร,Bangkok,expressway authority of thailand,แจ้งวัฒนะ-พญาไท,other,other,collision with obstruction (on road surface),1,0,0,clear,13.77605613,100.5327601,wide curve,other
6242381,2022-01-23T02:40:00Z,2022-05-24T14:30:00Z,สมุทรสาคร,Samut Sakhon,department of highways,บ้านบ่อ - พระประโทน,4-wheel pickup truck,speeding,rear-end collision,2,0,0,clear,13.53316383,100.1793158,straight road,no slope
6003674,2022-01-23T10:13:00Z,2022-03-30T09:02:00Z,สมุทรปราการ,Samut Prakan,department of highways,แขวงคลองสองต้นนุ่น - พิมพา,private/passenger car,speeding,rear-end collision,2,0,0,clear,13.64184766,100.8876684,straight road,no slope
6003699,2022-01-23T10:30:00Z,2022-03-30T09:05:00Z,สมุทรปราการ,Samut Prakan,department of highways,แขวงคลองสองต้นนุ่น - พิมพา,4-wheel pickup truck,speeding,rear-end collision,2,0,0,clear,13.64135503,100.8884355,straight road,no slope
7554308,2022-01-23T10:36:00Z,2023-01-09T10:00:00Z,กรุงเทพมหานคร,Bangkok,department of highways,อรุณอมรินทร์ - พุทธมณฑลสาย 4,private/passenger car,speeding,rear-end collision,2,0,0,clear,13.7811,100.4255439,other,other
6003697,2022-01-23T10:44:00Z,2022-03-30T09:06:00Z,ปทุมธานี,Pathum Thani,department of highways,บางปะอิน - แขวงรามอินทรา,private/passenger car,speeding,rear-end collision,2,0,0,clear,14.14666984,100.66058460000001,straight road,no slope
5998272,2022-01-23T11:49:00Z,2022-03-29T11:13:00Z,กรุงเทพมหานคร,Bangkok,department of highways,แขวงคลองสองต้นนุ่น - พิมพา,4-wheel pickup truck,speeding,rear-end collision,2,0,0,clear,13.72998439,100.758115,other,other
5624364,2022-01-23T18:00:00Z,2022-01-23T19:02:00Z,กรุงเทพมหานคร,Bangkok,expressway authority of thailand,รามอินทรา-อาจณรงค์,other,other,rear-end collision,4,0,1,clear,NA,NA,wide curve,other
6567079,2022-01-24T03:20:00Z,2022-01-24T13:46:00Z,สมุทรปราการ,Samut Prakan,department of rural roads,ทางออกจากถนนวงแหวนอุตสาหกรรมสู่ถนนปู่เจ้าสมิงพราย,motorcycle,dangerous curve,other,1,0,1,clear,13.646224,100.540102,sharp curve,slope area
5626750,2022-01-24T05:20:00Z,2022-01-26T15:39:00Z,กรุงเทพมหานคร,Bangkok,department of highways,แขวงรามอินทรา - บางพลี,7-10-wheel truck,speeding,rollover/fallen on straight road,1,0,1,clear,13.76600096,100.6934497,straight road,no slope
5783404,2022-01-24T11:00:00Z,2022-02-22T14:37:00Z,กรุงเทพมหานคร,Bangkok,department of highways,คลองพระยาสุเรนทร์ - ประเวศ,other,speeding,rollover/fallen on straight road,1,0,0,clear,13.85274202,100.6736684,straight road,no slope
5783402,2022-01-24T11:30:00Z,2022-02-22T14:39:00Z,กรุงเทพมหานคร,Bangkok,department of highways,คลองพระยาสุเรนทร์ - ประเวศ,other,speeding,rollover/fallen on straight road,1,0,0,clear,13.67820611,100.6992191,straight road,no slope
7440907,2022-01-24T16:10:00Z,2022-12-08T08:19:00Z,สมุทรปราการ,Samut Prakan,department of highways,ไม่ทราบ,large truck with trailer,speeding,rear-end collision,2,0,1,clear,13.59530227,100.8034754,straight road,no slope
7561501,2022-01-24T18:30:00Z,2023-01-17T10:08:00Z,กรุงเทพมหานคร,Bangkok,department of highways,อรุณอมรินทร์ - พุทธมณฑลสาย 4,private/passenger car,speeding,rear-end collision,2,0,0,clear,13.78587231,100.4633591,other,other
5625213,2022-01-25T04:38:00Z,2022-01-25T07:17:00Z,กรุงเทพมหานคร,Bangkok,expressway authority of thailand,ดาวคะนอง-ท่าเรือ,7-10-wheel truck,other,rear-end collision,2,1,1,clear,13.6827372,100.5181662,grade-separated intersection/ramps,other
5625287,2022-01-25T08:34:00Z,2022-01-25T10:30:00Z,กรุงเทพมหานคร,Bangkok,expressway authority of thailand,พญาไท-ศรีนครินทร์,4-wheel pickup truck,other,rear-end collision,2,0,1,clear,13.74796251,100.603281,grade-separated intersection/ramps,other
5625343,2022-01-25T12:24:00Z,2022-01-25T13:25:00Z,กรุงเทพมหานคร,Bangkok,expressway authority of thailand,ดาวคะนอง-ท่าเรือ,other,other,other,2,0,0,clear,13.70420609,100.5436327,wide curve,other
6454120,2022-01-25T17:30:00Z,2022-06-28T16:11:00Z,นครปฐม,Nakhon Pathom,department of highways,พุทธมณฑลสาย 4 - นครชัยศรี,private/passenger car,speeding,rear-end collision,2,0,0,clear,13.78692991,100.3084105,straight road,no slope
5861136,2022-01-25T20:30:00Z,2022-03-07T10:24:00Z,สมุทรปราการ,Samut Prakan,department of highways,บางตำหรุ - คลองด่าน,private/passenger car,speeding,pedestrian collision,1,1,0,clear,13.50288609,100.8365321,straight road,no slope
5627611,2022-01-26T04:30:00Z,2022-01-27T14:20:00Z,กรุงเทพมหานคร,Bangkok,department of highways,บางปะอิน - แขวงรามอินทรา,private/passenger car,falling asleep,rollover/fallen on straight road,1,0,1,clear,13.83713455,100.6734404,straight road,no slope
5627594,2022-01-26T07:00:00Z,2022-01-27T13:48:00Z,กรุงเทพมหานคร,Bangkok,department of highways,บางปะอิน - แขวงรามอินทรา,4-wheel pickup truck,vehicle equipment failure,rollover/fallen on straight road,1,0,0,clear,13.81976536,100.675782,straight road,no slope
6330969,2022-01-26T22:30:00Z,2022-06-08T11:40:00Z,กรุงเทพมหานคร,Bangkok,department of highways,แขวงคลองสองต้นนุ่น - พิมพา,private/passenger car,speeding,rollover/fallen on straight road,1,0,2,clear,13.72621672,100.8121589,straight road,no slope
5627657,2022-01-26T22:50:00Z,2022-01-27T17:32:00Z,สมุทรปราการ,Samut Prakan,department of highways,บางพลี - กิ่งแก้ว,4-wheel pickup truck,speeding,pedestrian collision,1,0,1,clear,13.69539036,100.7311883,other,other
5627587,2022-01-27T01:16:00Z,2022-01-27T12:55:00Z,กรุงเทพมหานคร,Bangkok,department of highways,แขวงคลองสองต้นนุ่น - พิมพา,private/passenger car,speeding,rear-end collision,2,0,0,clear,13.73210792,100.7760885,straight road,no slope
5627595,2022-01-27T12:51:00Z,2022-01-27T13:50:00Z,กรุงเทพมหานคร,Bangkok,expressway authority of thailand,รามอินทรา-อาจณรงค์,other,other,rear-end collision,5,0,0,clear,13.826897,100.628475,straight road,other
6144111,2022-01-27T13:30:00Z,2022-04-25T13:57:00Z,นครปฐม,Nakhon Pathom,department of highways,อ้อมน้อย - ศาลายา,4-wheel pickup truck,speeding,rollover/fallen on straight road,1,0,0,rainy,13.73582339,100.2996504,straight road,no slope
6243255,2022-01-27T15:30:00Z,2022-05-25T15:05:00Z,นครปฐม,Nakhon Pathom,department of highways,ไร่ขิง - ทรงคนอง,4-wheel pickup truck,speeding,rollover/fallen on curved road,1,0,0,rainy,13.77787239,100.2672225,wide curve,no slope
5860856,2022-01-27T17:30:00Z,2022-03-07T09:13:00Z,ปทุมธานี,Pathum Thani,department of highways,สะพานคลองเปรม - สะพานข้ามแม่น้ำเจ้าพระยาปทุมธานี,pedestrian,speeding,pedestrian collision,1,0,0,clear,13.98459914,100.5928507,other,other
7560781,2022-01-27T19:00:00Z,2023-01-16T13:59:00Z,กรุงเทพมหานคร,Bangkok,department of highways,ดินแดง - งามวงศ์วาน,private/passenger car,speeding,rear-end collision,2,0,0,clear,13.78987642,100.5615629,straight road,no slope
6319712,2022-01-28T09:00:00Z,2022-06-06T15:02:00Z,สมุทรปราการ,Samut Prakan,department of highways,บางนา - ทางเข้าท่าอากาศยานสุวรรณภูมิ,6-wheel truck,running red lights/traffic signals,other,1,0,0,clear,13.65545081,100.6719813,other,other
5861123,2022-01-28T09:40:00Z,2022-03-07T10:17:00Z,สมุทรปราการ,Samut Prakan,department of highways,บางนา - ทางเข้าท่าอากาศยานสุวรรณภูมิ,large truck with trailer,speeding,rear-end collision,2,0,0,clear,13.65963924,100.6646615,straight road,no slope
5628505,2022-01-28T09:44:00Z,2022-01-28T10:18:00Z,กรุงเทพมหานคร,Bangkok,expressway authority of thailand,หมอชิต-กาญจนาฯ,other,other,other,1,0,0,clear,NA,NA,other,other
5629537,2022-01-28T13:10:00Z,2022-01-28T13:59:00Z,กรุงเทพมหานคร,Bangkok,expressway authority of thailand,บางพลี-สุขสวัสดิ์,other,other,other,1,0,0,clear,NA,NA,straight road,other
5976115,2022-01-28T13:20:00Z,2022-03-25T13:55:00Z,กรุงเทพมหานคร,Bangkok,department of highways,ถนนศรีนครินทร - แขวงคลองสองต้นนุ่น,4-wheel pickup truck,speeding,rollover/fallen on curved road,1,0,0,clear,13.73232418,100.7015499,wide curve,no slope
5894924,2022-01-28T16:00:00Z,2022-03-12T10:35:00Z,ปทุมธานี,Pathum Thani,department of highways,ต่างระดับรังสิต - วัดนาบุญ,large truck with trailer,speeding,rollover/fallen on straight road,1,0,0,clear,13.98916425,100.6381157,straight road,no slope
5663193,2022-01-28T19:20:00Z,2022-02-02T16:32:00Z,กรุงเทพมหานคร,Bangkok,department of highways,ถนนศรีนครินทร - แขวงคลองสองต้นนุ่น,private/passenger car,speeding,rear-end collision,3,0,0,clear,13.73160505,100.7128045,straight road,no slope
5862024,2022-01-28T20:00:00Z,2022-03-07T13:31:00Z,สมุทรสาคร,Samut Sakhon,department of highways,แสมดำ - สะพานข้ามแม่น้ำท่าจีนฝั่งตะวันตก,4-wheel pickup truck,vehicle equipment failure,rollover/fallen on straight road,1,0,2,clear,13.59264668,100.352844,straight road,no slope
5651995,2022-01-29T00:04:00Z,2022-02-01T06:43:00Z,กรุงเทพมหานคร,Bangkok,expressway authority of thailand,แจ้งวัฒนะ-พญาไท,other,other,collision with obstruction (on road surface),1,0,0,clear,NA,NA,wide curve,other
5633696,2022-01-29T00:45:00Z,2022-01-29T02:54:00Z,กรุงเทพมหานคร,Bangkok,expressway authority of thailand,ดาวคะนอง-ท่าเรือ,other,other,rear-end collision,2,0,0,clear,13.671096,100.5080263,wide curve,other
5783383,2022-01-29T02:00:00Z,2022-02-22T14:34:00Z,กรุงเทพมหานคร,Bangkok,department of highways,คลองพระยาสุเรนทร์ - ประเวศ,private/passenger car,speeding,collision with obstruction (on road surface),1,0,0,clear,13.76329939,100.6949544,other,other
5861115,2022-01-29T02:45:00Z,2022-03-07T10:13:00Z,สมุทรปราการ,Samut Prakan,department of highways,สำโรง - สะพานภูมิพล,motorcycle,speeding,collision with obstruction (on road surface),3,1,1,clear,13.64945603,100.5616218,straight road,no slope
5634578,2022-01-29T04:00:00Z,2022-01-29T05:03:00Z,กรุงเทพมหานคร,Bangkok,expressway authority of thailand,พญาไท-ศรีนครินทร์,other,other,other,1,0,0,clear,NA,NA,straight road,other
5646431,2022-01-29T13:04:00Z,2022-01-31T10:47:00Z,กรุงเทพมหานคร,Bangkok,department of highways,แขวงคลองสองต้นนุ่น - พิมพา,4-wheel pickup truck,speeding,rear-end collision,2,0,0,clear,13.73121422,100.715484,straight road,no slope
5976221,2022-01-29T15:26:00Z,2022-03-25T14:20:00Z,กรุงเทพมหานคร,Bangkok,department of highways,แขวงคลองสองต้นนุ่น - พิมพา,private/passenger car,speeding,rear-end collision,4,0,0,clear,13.73131583,100.7145828,straight road,no slope
5646533,2022-01-29T16:37:00Z,2022-01-31T11:15:00Z,กรุงเทพมหานคร,Bangkok,department of highways,ถนนศรีนครินทร - แขวงคลองสองต้นนุ่น,4-wheel pickup truck,speeding,rear-end collision,2,0,0,clear,13.73373638,100.6934202,straight road,no slope
5646086,2022-01-29T17:21:00Z,2022-01-31T09:57:00Z,กรุงเทพมหานคร,Bangkok,department of highways,แขวงคลองสองต้นนุ่น - พิมพา,private/passenger car,speeding,rear-end collision,2,0,0,clear,13.73212355,100.7769951,straight road,no slope
7445571,2022-01-29T17:25:00Z,2022-12-09T09:01:00Z,กรุงเทพมหานคร,Bangkok,department of highways,ไม่ทราบ,motorcycle,illegal overtaking,rear-end collision,3,0,2,clear,13.83036139,100.5575663,other,other
5660322,2022-01-30T00:48:00Z,2022-02-02T06:47:00Z,กรุงเทพมหานคร,Bangkok,expressway authority of thailand,ดินแดง-ท่าเรือ,other,other,rear-end collision,2,1,1,clear,NA,NA,straight road,other
7561505,2022-01-30T04:10:00Z,2023-01-17T10:07:00Z,กรุงเทพมหานคร,Bangkok,department of highways,อรุณอมรินทร์ - พุทธมณฑลสาย 4,4-wheel pickup truck,worn-out/tire blowout,collision with obstruction (on road surface),2,0,0,clear,13.78533543,100.460502,straight road,no slope
6320836,2022-01-30T22:15:00Z,2022-06-06T19:29:00Z,กรุงเทพมหานคร,Bangkok,department of highways,แขวงคลองสองต้นนุ่น - พิมพา,private/passenger car,speeding,rollover/fallen on straight road,1,0,2,clear,13.72702967,100.8117565,straight road,no slope
5843830,2022-01-30T22:40:00Z,2022-03-04T13:26:00Z,นนทบุรี,Nonthaburi,department of highways,บางบัวทอง - ไทรน้อย,private/passenger car,speeding,rollover/fallen on straight road,1,0,1,clear,13.96601764,100.3485149,straight road,no slope
6567115,2022-01-31T01:09:00Z,2022-02-11T08:27:00Z,กรุงเทพมหานคร,Bangkok,department of rural roads,สะพานภูมิพลที่ 1 ไปสะพานภูมิพลที่ 2,private/passenger car,speeding,other,1,0,0,clear,13.685576,100.546125,straight road,no slope
7331027,2022-01-31T07:50:00Z,2022-06-10T10:28:00Z,กรุงเทพมหานคร,Bangkok,department of highways,แยกเข้ามีนบุรี - คลองหลวงแพ่ง,6-wheel truck,speeding,rollover/fallen on straight road,1,0,1,clear,13.80577582,100.8882907,straight road,no slope
7561494,2022-01-31T08:15:00Z,2023-01-17T10:00:00Z,กรุงเทพมหานคร,Bangkok,department of highways,อรุณอมรินทร์ - พุทธมณฑลสาย 4,private/passenger car,speeding,rear-end collision,2,0,0,clear,13.78491081,100.4590712,straight road,no slope
5652908,2022-01-31T12:45:00Z,2022-02-01T10:41:00Z,กรุงเทพมหานคร,Bangkok,department of highways,แขวงคลองสองต้นนุ่น - พิมพา,4-wheel pickup truck,speeding,rear-end collision,2,0,0,clear,13.73003911,100.7263416,straight road,no slope
5648172,2022-01-31T14:46:00Z,2022-01-31T16:50:00Z,กรุงเทพมหานคร,Bangkok,expressway authority of thailand,พญาไท-บางโคล่,other,other,rollover/fallen on straight road,1,0,1,clear,NA,NA,grade-separated intersection/ramps,other
5962535,2022-01-31T15:40:00Z,2022-03-23T10:25:00Z,นครปฐม,Nakhon Pathom,department of highways,นครปฐม - หนองปลาไหล,private/passenger car,speeding,rear-end collision,2,0,1,clear,13.9115425,99.98672514,straight road,no slope
5783405,2022-01-31T23:00:00Z,2022-02-22T14:36:00Z,กรุงเทพมหานคร,Bangkok,department of highways,งามวงศ์วาน - ดอนเมือง,motorcycle,speeding,rollover/fallen on straight road,1,0,1,clear,13.85189044,100.5638695,straight road,no slope
6567103,2022-01-31T23:04:00Z,2022-02-02T14:51:00Z,สมุทรปราการ,Samut Prakan,department of rural roads,สะพานภูมิพลที่ 2 ไปสะพานภูมิพลที่ 1,motorcycle,speeding,other,2,0,1,clear,13.659965,100.539386,straight road,slope area
5843352,2022-02-01T05:30:00Z,2022-03-04T11:14:00Z,กรุงเทพมหานคร,Bangkok,expressway authority of thailand,แจ้งวัฒนะ-พญาไท,other,other,collision with obstruction (on road surface),1,0,0,clear,NA,NA,straight road,other
6330919,2022-02-01T07:34:00Z,2022-06-08T11:31:00Z,กรุงเทพมหานคร,Bangkok,department of highways,แขวงคลองสองต้นนุ่น - พิมพา,private/passenger car,speeding,rollover/fallen on curved road,1,0,0,rainy,13.73027361,100.8101231,wide curve,no slope
6330921,2022-02-01T07:36:00Z,2022-06-08T11:32:00Z,สมุทรปราการ,Samut Prakan,department of highways,แขวงคลองสองต้นนุ่น - พิมพา,private/passenger car,speeding,rollover/fallen on straight road,1,0,0,clear,13.64479564,100.8830765,straight road,no slope
7444435,2022-02-01T17:20:00Z,2022-12-08T14:10:00Z,สมุทรปราการ,Samut Prakan,department of highways,ไม่ทราบ,private/passenger car,speeding,rear-end collision,2,0,1,clear,13.59530227,100.8034754,straight road,no slope
6330922,2022-02-02T00:51:00Z,2022-06-08T11:32:00Z,กรุงเทพมหานคร,Bangkok,department of highways,แขวงคลองสองต้นนุ่น - พิมพา,4-wheel pickup truck,vehicle equipment failure,rollover/fallen on straight road,1,0,0,clear,13.73086247,100.7616448,straight road,no slope
7443487,2022-02-02T01:58:00Z,2022-12-08T10:32:00Z,กรุงเทพมหานคร,Bangkok,department of highways,ไม่ทราบ,7-10-wheel truck,speeding,rear-end collision,2,0,0,clear,13.72543243,100.4058605,straight road,no slope
7443664,2022-02-02T03:00:00Z,2022-12-08T10:35:00Z,กรุงเทพมหานคร,Bangkok,department of highways,ไม่ทราบ,private/passenger car,speeding,rear-end collision,2,0,2,clear,13.7062934,100.4066169,straight road,no slope
5674754,2022-02-02T09:40:00Z,2022-02-04T09:29:00Z,กรุงเทพมหานคร,Bangkok,department of highways,แขวงรามอินทรา - บางพลี,private/passenger car,speeding,rear-end collision,2,0,0,clear,13.76108496,100.696148,straight road,no slope
7444133,2022-02-02T13:00:00Z,2022-12-08T10:40:00Z,กรุงเทพมหานคร,Bangkok,department of highways,ไม่ทราบ,motorcycle,speeding,rear-end collision,2,0,1,clear,13.68107545,100.4066571,straight road,no slope
7444702,2022-02-02T15:40:00Z,2022-12-08T14:08:00Z,กรุงเทพมหานคร,Bangkok,department of highways,ไม่ทราบ,private/passenger car,speeding,rear-end collision,2,0,0,clear,13.67478162,100.4596817,straight road,no slope
7443509,2022-02-02T17:42:00Z,2022-12-08T13:47:00Z,กรุงเทพมหานคร,Bangkok,department of highways,ไม่ทราบ,motorcycle,cutting in closely by people/vehicles/animals,rear-end collision,2,0,1,clear,13.77144811,100.5520933,other,other
5843374,2022-02-02T19:03:00Z,2022-03-04T11:18:00Z,กรุงเทพมหานคร,Bangkok,expressway authority of thailand,พญาไท-ศรีนครินทร์,other,other,rear-end collision,4,0,0,clear,13.75367078,100.587516,straight road,other
7441047,2022-02-02T20:09:00Z,2022-12-08T09:12:00Z,กรุงเทพมหานคร,Bangkok,department of highways,ไม่ทราบ,motorcycle,other,rear-end collision,2,0,1,clear,13.8195727,100.5586485,connecting to public/commercial area,other
5843380,2022-02-02T22:19:00Z,2022-03-04T11:19:00Z,กรุงเทพมหานคร,Bangkok,expressway authority of thailand,แจ้งวัฒนะ-พญาไท,other,other,collision with obstruction (on road surface),1,0,0,clear,NA,NA,straight road,other
5666791,2022-02-03T01:50:00Z,2022-02-03T02:42:00Z,กรุงเทพมหานคร,Bangkok,expressway authority of thailand,ดาวคะนอง-ท่าเรือ,large truck with trailer,other,rear-end collision,2,0,2,clear,13.67098791,100.4942936,straight road,other
7441695,2022-02-03T02:00:00Z,2022-12-08T10:09:00Z,กรุงเทพมหานคร,Bangkok,department of highways,ไม่ทราบ,private/passenger car,falling asleep,rollover/fallen on straight road,1,0,0,clear,13.78712528,100.409562,straight road,no slope
6362673,2022-02-03T03:30:00Z,2022-06-13T11:23:00Z,กรุงเทพมหานคร,Bangkok,department of highways,ดินแดง - งามวงศ์วาน,4-wheel pickup truck,speeding,rear-end collision,2,0,7,clear,13.84337193,100.5592775,straight road,no slope
7564935,2022-02-03T03:30:00Z,2023-01-20T06:10:00Z,สมุทรปราการ,Samut Prakan,department of highways,บางพลี - กิ่งแก้ว,private/passenger car,speeding,rear-end collision,2,0,1,clear,13.67886025,100.7234462,other,other
7007824,2022-02-03T09:00:00Z,2022-09-30T10:55:00Z,ปทุมธานี,Pathum Thani,department of highways,ทางเข้านิมิตรใหม่,other,speeding,rollover/fallen on straight road,1,0,2,clear,13.93548596,100.7517233,other,other
7518268,2022-02-03T09:05:00Z,2022-12-29T11:39:00Z,สมุทรปราการ,Samut Prakan,expressway authority of thailand,บางพลี-สุขสวัสดิ์,other,other,side collision,3,0,0,clear,13.628391,100.526502,straight road,other
6513957,2022-02-03T10:30:00Z,2022-07-08T11:23:00Z,ปทุมธานี,Pathum Thani,department of highways,คลองบางไผ่ - คลองบางหลวง,7-10-wheel truck,speeding,rear-end collision,2,0,1,clear,14.00771525,100.4522171,straight road,no slope
6345997,2022-02-03T11:15:00Z,2022-06-10T15:05:00Z,นนทบุรี,Nonthaburi,department of highways,บางบัวทอง - ไทรน้อย,4-wheel pickup truck,speeding,head-on collision (not overtaking),4,0,3,clear,13.95363521,100.3680655,straight road,no slope
5843399,2022-02-03T12:12:00Z,2022-03-04T11:22:00Z,กรุงเทพมหานคร,Bangkok,expressway authority of thailand,บางปะอิน-แจ้งวัฒนะ,other,other,collision with obstruction (on road surface),1,0,0,clear,NA,NA,straight road,other
7443688,2022-02-03T17:30:00Z,2022-12-08T13:51:00Z,กรุงเทพมหานคร,Bangkok,department of highways,ไม่ทราบ,motorcycle,cutting in closely by people/vehicles/animals,rear-end collision,2,0,0,clear,13.83619915,100.557233,straight road,no slope
6330915,2022-02-04T02:50:00Z,2022-06-08T11:28:00Z,กรุงเทพมหานคร,Bangkok,department of highways,แขวงรามอินทรา - บางพลี,4-wheel pickup truck,speeding,rollover/fallen on straight road,1,0,0,clear,13.74529419,100.7024833,straight road,no slope
7443560,2022-02-04T10:33:00Z,2022-12-08T13:46:00Z,กรุงเทพมหานคร,Bangkok,department of highways,ไม่ทราบ,private/passenger car,cutting in closely by people/vehicles/animals,rear-end collision,2,0,0,clear,13.84108106,100.5582646,other,other
5888592,2022-02-04T11:10:00Z,2022-03-11T10:42:00Z,นครปฐม,Nakhon Pathom,department of highways,บ้านบ่อ - พระประโทน,4-wheel pickup truck,vehicle equipment failure,head-on collision (not overtaking),2,0,2,clear,13.70675203,100.0780946,straight road,no slope
6514079,2022-02-04T11:30:00Z,2022-07-08T11:48:00Z,สมุทรปราการ,Samut Prakan,department of highways,บางนา - ทางเข้าท่าอากาศยานสุวรรณภูมิ,private/passenger car,speeding,rear-end collision,9,0,1,clear,13.63784919,100.7038995,straight road,no slope
5963719,2022-02-04T12:30:00Z,2022-03-23T14:55:00Z,นครปฐม,Nakhon Pathom,department of highways,นครปฐม - ดอนตูม,4-wheel pickup truck,speeding,rollover/fallen on straight road,1,0,0,rainy,13.95540529,100.0738326,straight road,no slope
6330212,2022-02-04T13:00:00Z,2022-06-08T09:01:00Z,กรุงเทพมหานคร,Bangkok,department of highways,บางปะอิน - แขวงรามอินทรา,large truck with trailer,overloaded vehicle,other,1,0,0,clear,13.89956593,100.6940853,other,other
5962545,2022-02-04T13:10:00Z,2022-03-23T10:33:00Z,นครปฐม,Nakhon Pathom,department of highways,นครปฐม - ดอนตูม,4-wheel pickup truck,speeding,rollover/fallen on straight road,1,0,0,rainy,13.92413805,100.0661185,straight road,no slope
5861539,2022-02-04T13:19:00Z,2022-03-07T11:45:00Z,กรุงเทพมหานคร,Bangkok,expressway authority of thailand,บางนา-ท่าเรือ,other,other,rollover/fallen on straight road,1,0,0,clear,NA,NA,straight road,other
6330913,2022-02-04T14:00:00Z,2022-06-08T11:25:00Z,กรุงเทพมหานคร,Bangkok,department of highways,แขวงรามอินทรา - บางพลี,4-wheel pickup truck,speeding,rear-end collision,2,0,0,clear,13.69005071,100.6996563,straight road,no slope
7444049,2022-02-04T14:30:00Z,2022-12-08T10:39:00Z,กรุงเทพมหานคร,Bangkok,department of highways,ไม่ทราบ,4-wheel pickup truck,speeding,rear-end collision,3,0,0,clear,13.68395258,100.4069468,straight road,no slope
6514075,2022-02-04T15:00:00Z,2022-07-08T11:46:00Z,สมุทรปราการ,Samut Prakan,department of highways,ทางเข้าท่าอากาศยานสุวรรณภูมิ - บางวัว,private/passenger car,cutting in closely by people/vehicles/animals,rear-end collision,2,1,1,clear,13.61960239,100.7405466,straight road,no slope
6330764,2022-02-04T17:52:00Z,2022-06-08T10:50:00Z,กรุงเทพมหานคร,Bangkok,department of highways,แขวงคลองสองต้นนุ่น - พิมพา,private/passenger car,speeding,rear-end collision,3,0,0,clear,13.72972905,100.7290506,straight road,no slope
5687183,2022-02-04T18:16:00Z,2022-02-06T10:02:00Z,กรุงเทพมหานคร,Bangkok,department of highways,ถนนศรีนครินทร - แขวงคลองสองต้นนุ่น,private/passenger car,speeding,rear-end collision,2,0,0,rainy,13.73526321,100.677512,straight road,no slope
6319254,2022-02-04T18:30:00Z,2022-06-06T13:42:00Z,สมุทรปราการ,Samut Prakan,department of highways,ท้ายบ้าน - บางตำหรุ,4-wheel pickup truck,speeding,rollover/fallen on straight road,1,0,0,rainy,13.51738911,100.6737247,straight road,no slope
7444727,2022-02-04T19:00:00Z,2022-12-08T14:14:00Z,กรุงเทพมหานคร,Bangkok,department of highways,ไม่ทราบ,private/passenger car,speeding,rear-end collision,2,0,0,clear,13.67960951,100.4690681,straight road,no slope
7443440,2022-02-04T19:12:00Z,2022-12-08T13:48:00Z,กรุงเทพมหานคร,Bangkok,department of highways,ไม่ทราบ,private/passenger car,speeding,rear-end collision,2,0,1,clear,13.83928445,100.5575059,straight road,no slope
6330904,2022-02-04T19:37:00Z,2022-06-08T11:22:00Z,ปทุมธานี,Pathum Thani,department of highways,บางปะอิน - แขวงรามอินทรา,7-10-wheel truck,vehicle equipment failure,other,1,0,0,clear,14.14743709,100.6601152,straight road,no slope
6567117,2022-02-04T20:42:00Z,2022-02-07T11:20:00Z,กรุงเทพมหานคร,Bangkok,department of rural roads,สะพานภูมิพลที่ 1 ไปสะพานภูมิพลที่ 2,motorcycle,speeding,other,2,0,1,clear,13.673309,100.538878,straight road,slope area
6513923,2022-02-04T21:00:00Z,2022-07-08T11:11:00Z,ปทุมธานี,Pathum Thani,department of highways,ต่างระดับรังสิต - วัดนาบุญ,4-wheel pickup truck,speeding,rollover/fallen on straight road,1,0,1,clear,14.00699177,100.7033256,other,other
6252888,2022-02-04T22:00:00Z,2022-05-26T11:20:00Z,สมุทรสาคร,Samut Sakhon,department of highways,แสมดำ - สะพานข้ามแม่น้ำท่าจีนฝั่งตะวันตก,large truck with trailer,speeding,rollover/fallen on straight road,1,0,0,rainy,13.55416822,100.2675658,straight road,no slope
5843156,2022-02-04T22:07:00Z,2022-03-04T10:31:00Z,สมุทรปราการ,Samut Prakan,expressway authority of thailand,บางพลี-สุขสวัสดิ์,other,other,rear-end collision,2,0,0,clear,13.613313,100.619869,straight road,other
5679578,2022-02-04T23:51:00Z,2022-02-05T01:06:00Z,กรุงเทพมหานคร,Bangkok,expressway authority of thailand,รามอินทรา-อาจณรงค์,other,other,side collision,2,0,0,clear,13.742744,100.605349,grade-separated intersection/ramps,other
6330878,2022-02-05T01:21:00Z,2022-06-08T11:19:00Z,กรุงเทพมหานคร,Bangkok,department of highways,ถนนศรีนครินทร - แขวงคลองสองต้นนุ่น,private/passenger car,speeding,rollover/fallen on straight road,1,0,0,clear,13.73246488,100.7069063,straight road,no slope
6330872,2022-02-05T02:04:00Z,2022-06-08T11:16:00Z,ปทุมธานี,Pathum Thani,department of highways,บางปะอิน - แขวงรามอินทรา,large truck with trailer,speeding,rear-end collision,2,0,1,clear,13.95002995,100.7124585,straight road,no slope
7444270,2022-02-05T05:30:00Z,2022-12-08T14:06:00Z,ปทุมธานี,Pathum Thani,department of highways,ไม่ทราบ,large passenger vehicle,speeding,rollover/fallen on straight road,1,0,22,clear,14.08169352,100.6179991,straight road,no slope
5744848,2022-02-05T05:40:00Z,2022-02-15T10:00:00Z,นครปฐม,Nakhon Pathom,department of highways,บ้านบ่อ - พระประโทน,4-wheel pickup truck,speeding,rollover/fallen on straight road,1,0,1,clear,13.73035699,100.0795242,other,other
5688530,2022-02-05T10:30:00Z,2022-02-06T15:52:00Z,กรุงเทพมหานคร,Bangkok,department of highways,แขวงรามอินทรา - บางพลี,4-wheel pickup truck,speeding,rollover/fallen on straight road,1,0,0,clear,13.74546355,100.7027837,straight road,no slope
6330312,2022-02-05T20:30:00Z,2022-06-08T09:20:00Z,กรุงเทพมหานคร,Bangkok,department of highways,ถนนศรีนครินทร - แขวงคลองสองต้นนุ่น,4-wheel pickup truck,speeding,rollover/fallen on straight road,1,0,0,clear,13.73898905,100.6538495,straight road,no slope
6330767,2022-02-05T20:52:00Z,2022-06-08T10:52:00Z,กรุงเทพมหานคร,Bangkok,department of highways,แขวงคลองสองต้นนุ่น - พิมพา,private/passenger car,speeding,rollover/fallen on straight road,1,0,0,clear,13.73340027,100.7951322,straight road,no slope
5688608,2022-02-06T01:07:00Z,2022-02-06T16:12:00Z,กรุงเทพมหานคร,Bangkok,department of highways,ถนนศรีนครินทร - แขวงคลองสองต้นนุ่น,private/passenger car,speeding,rear-end collision,2,0,0,clear,13.73757168,100.6597504,straight road,no slope
7443711,2022-02-06T10:30:00Z,2022-12-08T13:56:00Z,สมุทรปราการ,Samut Prakan,department of highways,ไม่ทราบ,motorcycle,speeding,rear-end collision,2,0,2,clear,13.59855817,100.7951497,straight road,no slope
6252890,2022-02-06T17:10:00Z,2022-05-26T11:20:00Z,สมุทรสาคร,Samut Sakhon,department of highways,แสมดำ - สะพานข้ามแม่น้ำท่าจีนฝั่งตะวันตก,private/passenger car,speeding,rear-end collision,2,0,5,clear,13.5842778,100.3156257,straight road,no slope
7445599,2022-02-06T18:50:00Z,2022-12-09T08:49:00Z,กรุงเทพมหานคร,Bangkok,department of highways,ไม่ทราบ,private/passenger car,speeding,rear-end collision,2,0,0,clear,13.66398659,100.4415326,other,other
7560724,2022-02-06T19:10:00Z,2023-01-16T11:31:00Z,กรุงเทพมหานคร,Bangkok,department of highways,ดินแดง - งามวงศ์วาน,private/passenger car,speeding,rear-end collision,2,0,1,clear,13.81147557,100.5595148,straight road,no slope
6567119,2022-02-07T01:11:00Z,2022-02-10T09:48:00Z,สมุทรปราการ,Samut Prakan,department of rural roads,สะพานภูมิพลที่ 2 ไปสะพานภูมิพลที่ 1,motorcycle,speeding,other,2,0,1,clear,13.658537,100.539743,straight road,slope area
7441130,2022-02-07T11:30:00Z,2022-12-08T09:33:00Z,กรุงเทพมหานคร,Bangkok,department of highways,ไม่ทราบ,private/passenger car,no presumed cause related to driver,rear-end collision,2,0,1,clear,13.81237815,100.5594445,other,other
6330331,2022-02-07T12:16:00Z,2022-06-08T09:27:00Z,กรุงเทพมหานคร,Bangkok,department of highways,แขวงคลองสองต้นนุ่น - พิมพา,4-wheel pickup truck,speeding,rear-end collision,3,0,0,clear,13.73091718,100.7181984,straight road,no slope
5701330,2022-02-07T13:20:00Z,2022-02-08T14:43:00Z,กรุงเทพมหานคร,Bangkok,department of highways,ถนนศรีนครินทร - แขวงคลองสองต้นนุ่น,private/passenger car,speeding,rear-end collision,2,0,0,clear,13.73306155,100.7000264,straight road,no slope
5701448,2022-02-07T13:23:00Z,2022-02-08T15:06:00Z,กรุงเทพมหานคร,Bangkok,department of highways,ถนนศรีนครินทร - แขวงคลองสองต้นนุ่น,private/passenger car,speeding,rear-end collision,2,0,0,clear,13.73302767,100.7004529,straight road,no slope
6330213,2022-02-07T17:09:00Z,2022-06-08T09:00:00Z,ปทุมธานี,Pathum Thani,department of highways,บางปะอิน - แขวงรามอินทรา,4-wheel pickup truck,speeding,rollover/fallen on straight road,1,0,0,clear,14.01096829,100.7035455,straight road,no slope
5695648,2022-02-07T18:24:00Z,2022-02-07T18:43:00Z,กรุงเทพมหานคร,Bangkok,expressway authority of thailand,ดินแดง-ท่าเรือ,other,other,rear-end collision,5,0,0,clear,13.73783213,100.5509537,straight road,other
5697952,2022-02-08T00:50:00Z,2022-02-08T01:45:00Z,กรุงเทพมหานคร,Bangkok,expressway authority of thailand,รามอินทรา-อาจณรงค์,other,other,rear-end collision,2,0,0,clear,13.81328,100.621295,straight road,other
5700558,2022-02-08T08:48:00Z,2022-02-08T11:59:00Z,กรุงเทพมหานคร,Bangkok,expressway authority of thailand,พญาไท-บางโคล่,van,other,side collision,2,0,1,clear,NA,NA,merge lane,other
6567133,2022-02-08T09:00:00Z,2022-02-11T08:34:00Z,สมุทรปราการ,Samut Prakan,department of rural roads,ทางเข้าถนนปู่เจ้าสมิงพรายสู่ถนนวงแหวนอุตสาหกรรม,passenger pickup truck,using mobile phone while driving,other,1,0,0,clear,13.654389,100.541175,y-intersection,other
6330033,2022-02-08T15:01:00Z,2022-06-08T08:24:00Z,กรุงเทพมหานคร,Bangkok,department of highways,แขวงคลองสองต้นนุ่น - พิมพา,4-wheel pickup truck,speeding,rollover/fallen on straight road,1,0,0,clear,13.72940856,100.7390311,straight road,no slope
6252745,2022-02-08T19:05:00Z,2022-05-26T10:51:00Z,ปทุมธานี,Pathum Thani,department of highways,คลองบางหลวง - ต่างระดับเชียงรากน้อย,large truck with trailer,speeding,rollover/fallen on straight road,1,0,0,clear,14.02653799,100.4519516,straight road,no slope
5703579,2022-02-08T21:26:00Z,2022-02-08T22:28:00Z,กรุงเทพมหานคร,Bangkok,expressway authority of thailand,ดินแดง-ท่าเรือ,other,other,side collision,2,0,2,clear,13.72435617,100.5523786,grade-separated intersection/ramps,other
5708494,2022-02-08T22:20:00Z,2022-02-09T15:02:00Z,สมุทรปราการ,Samut Prakan,department of highways,ท้ายบ้าน - บางตำหรุ,4-wheel pickup truck,speeding,rear-end collision,2,1,0,clear,13.52305603,100.6488606,straight road,no slope
6242311,2022-02-08T23:13:00Z,2022-05-24T13:58:00Z,ปทุมธานี,Pathum Thani,department of highways,บางปะอิน - แขวงรามอินทรา,4-wheel pickup truck,driving under the influence of alcohol,rollover/fallen on curved road,1,0,0,clear,14.01186091,100.7030868,wide curve,slope area
6567136,2022-02-09T05:36:00Z,2022-02-11T08:36:00Z,สมุทรปราการ,Samut Prakan,department of rural roads,สะพานภูมิพลที่ 1 ไปสะพานภูมิพลที่ 2,private/passenger car,tailgating,other,2,0,1,clear,13.653697,100.54113,straight road,slope area
6567135,2022-02-09T07:50:00Z,2022-02-11T08:46:00Z,สมุทรปราการ,Samut Prakan,department of rural roads,ทางออกจากถนนวงแหวนอุตสาหกรรมสู่ถนนปู่เจ้าสมิงพราย,private/passenger car,tailgating,other,2,0,1,clear,13.651017,100.541234,straight road,no slope
7443660,2022-02-09T08:00:00Z,2022-12-08T13:50:00Z,กรุงเทพมหานคร,Bangkok,department of highways,ไม่ทราบ,private/passenger car,cutting in closely by people/vehicles/animals,rear-end collision,2,0,0,clear,13.77302744,100.5529785,straight road,no slope
7445631,2022-02-09T09:10:00Z,2022-12-09T08:48:00Z,กรุงเทพมหานคร,Bangkok,department of highways,ไม่ทราบ,motorcycle,speeding,rear-end collision,2,0,2,clear,13.6781592,100.4659608,straight road,no slope
6330167,2022-02-09T11:05:00Z,2022-06-08T08:50:00Z,กรุงเทพมหานคร,Bangkok,department of highways,แขวงคลองสองต้นนุ่น - พิมพา,large truck with trailer,speeding,rollover/fallen on curved road,1,0,1,clear,13.72949455,100.7426682,wide curve,no slope
6513987,2022-02-09T11:20:00Z,2022-07-08T11:29:00Z,สมุทรปราการ,Samut Prakan,department of highways,บางนา - ทางเข้าท่าอากาศยานสุวรรณภูมิ,private/passenger car,speeding,rear-end collision,4,0,0,clear,13.63413217,100.7105997,other,other
7518294,2022-02-09T13:34:00Z,2022-12-29T11:39:00Z,กรุงเทพมหานคร,Bangkok,expressway authority of thailand,รามอินทรา-อาจณรงค์,other,other,collision with obstruction (on road surface),2,0,2,rainy,13.803698,100.616663,straight road,other
6363134,2022-02-09T14:00:00Z,2022-06-13T13:30:00Z,กรุงเทพมหานคร,Bangkok,department of highways,มหาวิทยาลัยเกษตรศาสตร์ - คันนายาว,4-wheel pickup truck,speeding,rollover/fallen on straight road,1,0,1,clear,13.81839796,100.6375363,straight road,no slope
6325541,2022-02-09T17:30:00Z,2022-06-07T14:59:00Z,สมุทรปราการ,Samut Prakan,department of highways,แขวงคลองสองต้นนุ่น - พิมพา,4-wheel pickup truck,vehicle equipment failure,rollover/fallen on straight road,1,0,0,clear,13.61334863,100.9320751,straight road,no slope
6330049,2022-02-09T17:54:00Z,2022-06-08T08:25:00Z,สมุทรปราการ,Samut Prakan,department of highways,แขวงคลองสองต้นนุ่น - พิมพา,4-wheel pickup truck,speeding,rear-end collision,3,0,1,clear,13.61334863,100.9320751,straight road,no slope
6567144,2022-02-09T22:50:00Z,2022-02-11T08:52:00Z,สมุทรปราการ,Samut Prakan,department of rural roads,จุดเชื่อมต่อถนนวงแหวนอุตสาหกรรมเข้าสะพานภูมิพลที่ 2,motorcycle,abrupt lane change,other,2,0,2,clear,13.664621,100.535714,grade-separated intersection/ramps,other
7564923,2022-02-09T23:45:00Z,2023-01-20T06:07:00Z,กรุงเทพมหานคร,Bangkok,department of highways,บางนา - ทางเข้าท่าอากาศยานสุวรรณภูมิ,private/passenger car,speeding,rollover/fallen on straight road,1,0,1,clear,13.66616674,100.6429759,straight road,no slope
6344166,2022-02-10T00:20:00Z,2022-06-10T09:53:00Z,ปทุมธานี,Pathum Thani,department of highways,ลำลูกกา - คลอง 16,large truck with trailer,speeding,rear-end collision,2,0,1,clear,13.9495744,100.8020335,straight road,no slope
6319498,2022-02-10T04:00:00Z,2022-06-06T14:21:00Z,สมุทรปราการ,Samut Prakan,department of highways,บางพลี - กิ่งแก้ว,4-wheel pickup truck,speeding,rollover/fallen on straight road,1,0,1,clear,13.65771314,100.7170987,straight road,no slope
7444207,2022-02-10T13:30:00Z,2022-12-08T13:58:00Z,กรุงเทพมหานคร,Bangkok,department of highways,ไม่ทราบ,private/passenger car,speeding,rollover/fallen on straight road,1,0,0,clear,13.84442667,100.5598622,straight road,no slope
6330145,2022-02-10T13:39:00Z,2022-06-08T08:46:00Z,ปทุมธานี,Pathum Thani,department of highways,บางปะอิน - แขวงรามอินทรา,4-wheel pickup truck,speeding,rollover/fallen on straight road,1,0,0,clear,13.99941068,100.708875,straight road,no slope
6344129,2022-02-10T15:00:00Z,2022-06-10T09:45:00Z,ปทุมธานี,Pathum Thani,department of highways,วัดนาบุญ - คลอง 14,7-10-wheel truck,speeding,rollover/fallen on straight road,1,0,0,clear,14.05976612,100.8442569,straight road,no slope
6330169,2022-02-11T03:00:00Z,2022-06-08T08:53:00Z,ปทุมธานี,Pathum Thani,department of highways,บางปะอิน - แขวงรามอินทรา,private/passenger car,speeding,rollover/fallen on straight road,1,0,1,clear,13.93773257,100.7093444,straight road,no slope
5720766,2022-02-11T05:56:00Z,2022-02-11T06:47:00Z,สมุทรปราการ,Samut Prakan,expressway authority of thailand,บางนา-ชลบุรี,other,other,rear-end collision,2,0,1,clear,13.617569,100.744835,straight road,other
6513956,2022-02-11T07:35:00Z,2022-07-08T11:24:00Z,สมุทรปราการ,Samut Prakan,department of highways,บางพลี - บางบ่อ,motorcycle,speeding,pedestrian collision,1,0,2,clear,13.60108305,100.7119194,other,other
6324499,2022-02-11T10:20:00Z,2022-06-07T10:42:00Z,ปทุมธานี,Pathum Thani,department of highways,บางปะอิน - แขวงรามอินทรา,other,speeding,rollover/fallen on straight road,1,0,0,clear,14.06085109,100.6971109,straight road,no slope
5738622,2022-02-11T12:47:00Z,2022-02-14T09:36:00Z,กรุงเทพมหานคร,Bangkok,department of highways,ถนนศรีนครินทร - แขวงคลองสองต้นนุ่น,large truck with trailer,speeding,rear-end collision,2,0,1,clear,13.73264987,100.7058441,straight road,no slope
6325730,2022-02-11T15:00:00Z,2022-06-07T15:34:00Z,กรุงเทพมหานคร,Bangkok,department of highways,แขวงคลองสองต้นนุ่น - พิมพา,4-wheel pickup truck,speeding,rollover/fallen on straight road,1,0,1,clear,13.70662955,100.8218095,straight road,no slope
6345684,2022-02-11T18:30:00Z,2022-06-10T14:03:00Z,ปทุมธานี,Pathum Thani,department of highways,ต่างระดับรังสิต - วัดนาบุญ,4-wheel pickup truck,speeding,rollover/fallen on straight road,1,0,0,rainy,14.01860884,100.730727,straight road,no slope
5723991,2022-02-11T18:40:00Z,2022-02-11T19:39:00Z,กรุงเทพมหานคร,Bangkok,expressway authority of thailand,บางนา-ชลบุรี,other,other,rollover/fallen on straight road,3,0,0,clear,13.66767867,100.6360006,straight road,other
7445353,2022-02-11T19:10:00Z,2022-12-09T08:47:00Z,กรุงเทพมหานคร,Bangkok,department of highways,ไม่ทราบ,private/passenger car,speeding,rear-end collision,2,0,0,clear,13.64196105,100.4095566,straight road,no slope
6330053,2022-02-11T19:15:00Z,2022-06-08T08:28:00Z,กรุงเทพมหานคร,Bangkok,department of highways,แขวงคลองสองต้นนุ่น - พิมพา,private/passenger car,speeding,rear-end collision,3,0,1,clear,13.73052896,100.7218194,straight road,no slope
7445578,2022-02-11T22:15:00Z,2022-12-09T08:46:00Z,กรุงเทพมหานคร,Bangkok,department of highways,ไม่ทราบ,private/passenger car,speeding,rear-end collision,2,0,1,clear,13.65139002,100.422273,straight road,no slope
6038347,2022-02-11T23:05:00Z,2022-04-05T13:45:00Z,นครปฐม,Nakhon Pathom,department of highways,นครปฐม - หนองปลาไหล,4-wheel pickup truck,speeding,rollover/fallen on straight road,1,0,0,clear,13.87319186,99.99952464,straight road,no slope
5726809,2022-02-12T01:33:00Z,2022-02-12T05:29:00Z,สมุทรปราการ,Samut Prakan,expressway authority of thailand,บางพลี-สุขสวัสดิ์,other,other,collision with obstruction (on road surface),1,0,1,clear,13.632851,100.572811,straight road,other
6567172,2022-02-12T04:00:00Z,2022-02-14T09:15:00Z,นนทบุรี,Nonthaburi,department of rural roads,ถนนราชพฤกษ์,private/passenger car,speeding,other,1,0,1,clear,13.869576,100.45162,y-intersection,other
6330070,2022-02-12T08:47:00Z,2022-06-08T08:30:00Z,กรุงเทพมหานคร,Bangkok,department of highways,แขวงคลองสองต้นนุ่น - พิมพา,4-wheel pickup truck,speeding,rollover/fallen on straight road,1,0,0,rainy,13.73350709,100.7960361,straight road,no slope
5843046,2022-02-12T13:33:00Z,2022-03-04T10:09:00Z,กรุงเทพมหานคร,Bangkok,expressway authority of thailand,รามอินทรา-อาจณรงค์,other,other,rollover/fallen on straight road,1,0,0,clear,NA,NA,straight road,other
6330030,2022-02-12T18:57:00Z,2022-06-08T08:21:00Z,ปทุมธานี,Pathum Thani,department of highways,บางปะอิน - แขวงรามอินทรา,private/passenger car,speeding,rear-end collision,2,0,0,clear,13.94734874,100.7121152,straight road,no slope
6330031,2022-02-12T19:14:00Z,2022-06-08T08:22:00Z,ปทุมธานี,Pathum Thani,department of highways,บางปะอิน - แขวงรามอินทรา,private/passenger car,speeding,rear-end collision,3,0,0,clear,13.95640485,100.7128849,straight road,no slope
6344218,2022-02-13T06:05:00Z,2022-06-10T09:57:00Z,นนทบุรี,Nonthaburi,department of highways,คลองมหาสวัสดิ์ - คลองบางไผ่,private/passenger car,speeding,rollover/fallen on straight road,1,0,1,clear,13.82637044,100.4129791,straight road,no slope
7445400,2022-02-13T17:00:00Z,2022-12-09T08:45:00Z,กรุงเทพมหานคร,Bangkok,department of highways,ไม่ทราบ,4-wheel pickup truck,speeding,rear-end collision,2,0,0,clear,13.65178489,100.4231071,straight road,no slope
6330068,2022-02-14T03:33:00Z,2022-06-08T08:31:00Z,กรุงเทพมหานคร,Bangkok,department of highways,แขวงคลองสองต้นนุ่น - พิมพา,private/passenger car,speeding,rear-end collision,2,0,0,clear,13.73111,100.7163879,straight road,no slope
6325521,2022-02-14T04:00:00Z,2022-06-07T14:52:00Z,กรุงเทพมหานคร,Bangkok,department of highways,แขวงคลองสองต้นนุ่น - พิมพา,large truck with trailer,speeding,rollover/fallen on straight road,1,0,1,clear,13.72539595,100.8125612,straight road,no slope
5745758,2022-02-14T05:30:00Z,2022-02-15T13:35:00Z,ปทุมธานี,Pathum Thani,department of highways,บางปะอิน - แขวงรามอินทรา,6-wheel truck,speeding,rollover/fallen on straight road,1,0,0,clear,13.96645233,100.7128367,straight road,no slope
6325241,2022-02-14T07:30:00Z,2022-06-07T13:53:00Z,ปทุมธานี,Pathum Thani,department of highways,บางปะอิน - แขวงรามอินทรา,4-wheel pickup truck,running red lights/traffic signals,rear-end collision,2,0,1,clear,14.00718955,100.7033336,other,other
7443696,2022-02-14T12:25:00Z,2022-12-08T10:36:00Z,กรุงเทพมหานคร,Bangkok,department of highways,ไม่ทราบ,private/passenger car,speeding,rollover/fallen on straight road,1,0,0,clear,13.69365219,100.407671,straight road,no slope
5788099,2022-02-14T15:00:00Z,2022-02-23T10:20:00Z,นครปฐม,Nakhon Pathom,department of highways,บ้านบ่อ - พระประโทน,4-wheel pickup truck,speeding,rollover/fallen on straight road,1,0,0,rainy,13.69000641,100.0840196,straight road,no slope
5843405,2022-02-14T15:56:00Z,2022-03-04T11:22:00Z,ปทุมธานี,Pathum Thani,expressway authority of thailand,บางปะอิน-แจ้งวัฒนะ,other,other,rollover/fallen on straight road,1,0,0,clear,14.022863,100.576812,straight road,other
6345587,2022-02-15T01:48:00Z,2022-06-10T13:44:00Z,สมุทรสาคร,Samut Sakhon,department of highways,สะพานข้ามแม่น้ำท่าจีนฝั่งตะวันตก - นาโคก,4-wheel pickup truck,speeding,rollover/fallen on straight road,1,0,0,clear,13.45434241,100.086675,straight road,no slope
6324503,2022-02-15T04:32:00Z,2022-06-07T10:44:00Z,กรุงเทพมหานคร,Bangkok,department of highways,แขวงคลองสองต้นนุ่น - พิมพา,private/passenger car,speeding,rollover/fallen on straight road,1,0,0,clear,13.73319182,100.7933244,straight road,no slope
5744680,2022-02-15T06:34:00Z,2022-02-15T09:29:00Z,ปทุมธานี,Pathum Thani,department of highways,บางปะอิน - แขวงรามอินทรา,4-wheel pickup truck,speeding,rear-end collision,2,0,0,clear,14.1236406,100.6735906,straight road,no slope
5747562,2022-02-15T07:05:00Z,2022-02-16T13:55:00Z,กรุงเทพมหานคร,Bangkok,department of highways,แขวงรามอินทรา - บางพลี,private/passenger car,speeding,rear-end collision,2,0,0,clear,13.71244047,100.7000854,straight road,no slope
6324450,2022-02-15T09:26:00Z,2022-06-07T10:32:00Z,กรุงเทพมหานคร,Bangkok,department of highways,บางปะอิน - แขวงรามอินทรา,other,speeding,rollover/fallen on straight road,1,0,0,clear,13.87825391,100.6835067,straight road,no slope
6325442,2022-02-15T13:15:00Z,2022-06-07T14:30:00Z,กรุงเทพมหานคร,Bangkok,department of highways,บางปะอิน - แขวงรามอินทรา,4-wheel pickup truck,speeding,rollover/fallen on straight road,1,0,0,clear,13.82569588,100.675503,straight road,no slope
6324742,2022-02-15T18:25:00Z,2022-06-07T11:32:00Z,สมุทรปราการ,Samut Prakan,department of highways,แขวงคลองสองต้นนุ่น - พิมพา,6-wheel truck,vehicle equipment failure,other,1,0,0,clear,13.66398919,100.8532315,straight road,no slope
6325647,2022-02-15T18:33:00Z,2022-06-07T15:15:00Z,กรุงเทพมหานคร,Bangkok,department of highways,แขวงคลองสองต้นนุ่น - พิมพา,4-wheel pickup truck,speeding,rear-end collision,3,0,0,clear,13.73081817,100.7191023,straight road,no slope
6325649,2022-02-15T18:49:00Z,2022-06-07T15:17:00Z,สมุทรปราการ,Samut Prakan,department of highways,แขวงคลองสองต้นนุ่น - พิมพา,private/passenger car,speeding,rear-end collision,4,0,1,rainy,13.65856803,100.8616483,straight road,no slope
5747563,2022-02-15T19:05:00Z,2022-02-16T14:14:00Z,กรุงเทพมหานคร,Bangkok,department of highways,ถนนศรีนครินทร - แขวงคลองสองต้นนุ่น,private/passenger car,speeding,rear-end collision,3,0,0,rainy,13.73177441,100.7113266,straight road,no slope
6325527,2022-02-15T20:09:00Z,2022-06-07T14:51:00Z,ปทุมธานี,Pathum Thani,department of highways,บางปะอิน - แขวงรามอินทรา,4-wheel pickup truck,speeding,rollover/fallen on straight road,1,0,0,rainy,14.00510498,100.7061204,straight road,no slope
6325676,2022-02-15T20:37:00Z,2022-06-07T15:22:00Z,กรุงเทพมหานคร,Bangkok,department of highways,แขวงคลองสองต้นนุ่น - พิมพา,4-wheel pickup truck,speeding,rear-end collision,3,0,0,rainy,13.73309281,100.7924205,straight road,no slope
6252882,2022-02-15T22:00:00Z,2022-05-26T11:18:00Z,สมุทรสาคร,Samut Sakhon,department of highways,แสมดำ - สะพานข้ามแม่น้ำท่าจีนฝั่งตะวันตก,motorcycle,running red lights/traffic signals,collision with obstruction (on road surface),2,0,1,clear,13.60835123,100.3758278,straight road,no slope
5747137,2022-02-16T00:59:00Z,2022-02-16T01:48:00Z,กรุงเทพมหานคร,Bangkok,expressway authority of thailand,พญาไท-ศรีนครินทร์,other,other,rollover/fallen on straight road,1,0,1,clear,NA,NA,wide curve,other
6566096,2022-02-16T04:00:00Z,2022-02-24T13:46:00Z,นนทบุรี,Nonthaburi,department of rural roads,ถนนชัยพฤกษ์,motorcycle,slippery road,other,1,1,1,clear,13.919413,100.4907,wide curve,other
6566080,2022-02-16T14:20:00Z,2022-02-18T15:52:00Z,กรุงเทพมหานคร,Bangkok,department of rural roads,ถนนวงแหวนอุตสาหกรรมเข้าสะพานภูมิพลที่ 1,motorcycle,speeding,other,1,0,0,clear,13.663391,100.515661,grade-separated intersection/ramps,other
6253318,2022-02-16T15:00:00Z,2022-05-26T13:13:00Z,ปทุมธานี,Pathum Thani,department of highways,สะพานข้ามแม่น้ำเจ้าพระยาปทุมธานี - ต่างระดับลาดหลุมแก้ว,4-wheel pickup truck,speeding,rollover/fallen on straight road,1,0,0,clear,14.0299547,100.5315998,straight road,no slope
5751579,2022-02-17T01:54:00Z,2022-02-17T05:01:00Z,สมุทรปราการ,Samut Prakan,expressway authority of thailand,บางพลี-สุขสวัสดิ์,6-wheel truck,other,rear-end collision,3,0,4,clear,13.622127,100.665321,straight road,other
5751599,2022-02-17T03:30:00Z,2022-02-17T05:05:00Z,สมุทรปราการ,Samut Prakan,expressway authority of thailand,บางพลี-สุขสวัสดิ์,other,other,collision with obstruction (on road surface),1,0,0,rainy,13.619125,100.611574,straight road,other
5758944,2022-02-17T04:11:00Z,2022-02-18T10:49:00Z,ปทุมธานี,Pathum Thani,department of highways,บางปะอิน - แขวงรามอินทรา,7-10-wheel truck,speeding,rear-end collision,2,0,0,clear,14.04812251,100.6981757,straight road,no slope
6325528,2022-02-17T04:46:00Z,2022-06-07T14:53:00Z,กรุงเทพมหานคร,Bangkok,department of highways,แขวงคลองสองต้นนุ่น - พิมพา,private/passenger car,speeding,rollover/fallen on straight road,1,0,1,rainy,13.72983588,100.7563019,other,other
5861166,2022-02-17T07:00:00Z,2022-03-07T10:27:00Z,กรุงเทพมหานคร,Bangkok,expressway authority of thailand,พญาไท-ศรีนครินทร์,other,other,collision with obstruction (on road surface),1,0,0,clear,NA,NA,wide curve,other
7443437,2022-02-17T08:45:00Z,2022-12-08T10:31:00Z,กรุงเทพมหานคร,Bangkok,department of highways,ไม่ทราบ,6-wheel truck,speeding,rear-end collision,2,0,0,clear,13.7496165,100.4058391,straight road,no slope
6363131,2022-02-17T10:00:00Z,2022-06-13T13:32:00Z,กรุงเทพมหานคร,Bangkok,department of highways,ถนนศรีนครินทร์ - ลาดกระบัง,other,speeding,rollover/fallen on straight road,1,0,0,clear,13.73227728,100.7809272,straight road,no slope
6331507,2022-02-17T12:30:00Z,2022-06-08T13:57:00Z,นครปฐม,Nakhon Pathom,department of highways,นครปฐม - ดอนตูม,4-wheel pickup truck,speeding,rollover/fallen on curved road,1,0,0,rainy,13.95296102,100.0711048,wide curve,no slope
5830153,2022-02-17T17:25:00Z,2022-03-02T11:16:00Z,กรุงเทพมหานคร,Bangkok,department of highways,ถนนศรีนครินทร - แขวงคลองสองต้นนุ่น,passenger pickup truck,speeding,rear-end collision,3,0,1,clear,13.74147987,100.6422087,straight road,no slope
6325502,2022-02-17T20:22:00Z,2022-06-07T14:47:00Z,ปทุมธานี,Pathum Thani,department of highways,บางปะอิน - แขวงรามอินทรา,4-wheel pickup truck,speeding,rear-end collision,3,0,0,clear,14.00847776,100.7046103,straight road,no slope
5756447,2022-02-17T21:02:00Z,2022-02-17T23:52:00Z,กรุงเทพมหานคร,Bangkok,expressway authority of thailand,บางพลี-สุขสวัสดิ์,7-10-wheel truck,other,rear-end collision,2,0,0,clear,NA,NA,other,other
5759264,2022-02-18T09:52:00Z,2022-02-18T11:49:00Z,สมุทรปราการ,Samut Prakan,expressway authority of thailand,บางนา-ชลบุรี,other,other,rear-end collision,2,0,1,clear,13.597342,100.798193,straight road,other
6324614,2022-02-18T12:12:00Z,2022-06-07T11:00:00Z,สมุทรปราการ,Samut Prakan,department of highways,แขวงคลองสองต้นนุ่น - พิมพา,private/passenger car,speeding,rear-end collision,2,0,0,clear,13.62070506,100.9205845,straight road,no slope
5843388,2022-02-18T13:36:00Z,2022-03-04T11:20:00Z,กรุงเทพมหานคร,Bangkok,expressway authority of thailand,หมอชิต-กาญจนาฯ,other,other,collision with obstruction (on road surface),1,0,0,clear,13.821613,100.525642,straight road,other
6324618,2022-02-18T18:57:00Z,2022-06-07T11:01:00Z,กรุงเทพมหานคร,Bangkok,department of highways,แขวงคลองสองต้นนุ่น - พิมพา,private/passenger car,speeding,rear-end collision,3,0,0,clear,13.72963785,100.7490304,straight road,no slope
5843365,2022-02-18T23:44:00Z,2022-03-04T11:16:00Z,กรุงเทพมหานคร,Bangkok,expressway authority of thailand,แจ้งวัฒนะ-พญาไท,other,other,rear-end collision,2,0,2,clear,13.82478099,100.5462972,straight road,other
6324447,2022-02-19T01:38:00Z,2022-06-07T10:30:00Z,กรุงเทพมหานคร,Bangkok,department of highways,ถนนศรีนครินทร - แขวงคลองสองต้นนุ่น,private/passenger car,speeding,rear-end collision,2,0,0,clear,13.7396769,100.649786,straight road,no slope
6363091,2022-02-19T02:00:00Z,2022-06-13T13:24:00Z,กรุงเทพมหานคร,Bangkok,department of highways,ดินแดง - งามวงศ์วาน,private/passenger car,speeding,rollover/fallen on straight road,1,0,0,clear,13.77302958,100.552977,straight road,no slope
5777032,2022-02-19T07:45:00Z,2022-02-21T11:34:00Z,กรุงเทพมหานคร,Bangkok,department of highways,บางปะอิน - แขวงรามอินทรา,4-wheel pickup truck,speeding,rollover/fallen on straight road,1,0,0,clear,13.90869421,100.698908,straight road,no slope
7557588,2022-02-19T08:00:00Z,2023-01-12T10:07:00Z,สมุทรปราการ,Samut Prakan,department of highways,บางนา - ทางเข้าท่าอากาศยานสุวรรณภูมิ,6-wheel truck,speeding,rear-end collision,2,0,1,clear,13.63448537,100.7100351,straight road,no slope
5817664,2022-02-19T15:55:00Z,2022-02-28T10:15:00Z,สมุทรสาคร,Samut Sakhon,department of highways,สะพานข้ามแม่น้ำท่าจีนฝั่งตะวันตก - นาโคก,4-wheel pickup truck,vehicle equipment failure,rollover/fallen on straight road,1,0,0,clear,13.53380534,100.21199850000001,straight road,no slope
6252351,2022-02-19T16:30:00Z,2022-05-26T09:35:00Z,นครปฐม,Nakhon Pathom,department of highways,นครปฐม - หนองปลาไหล,4-wheel pickup truck,speeding,rollover/fallen on straight road,2,0,1,clear,13.95075361,100.0043017,straight road,no slope
6324380,2022-02-19T18:21:00Z,2022-06-07T10:20:00Z,กรุงเทพมหานคร,Bangkok,department of highways,ถนนศรีนครินทร - แขวงคลองสองต้นนุ่น,private/passenger car,speeding,rear-end collision,4,0,0,clear,13.73178223,100.7113212,straight road,no slope
5777054,2022-02-19T20:00:00Z,2022-02-21T12:00:00Z,สมุทรปราการ,Samut Prakan,department of highways,บางเมือง - บางพลี,private/passenger car,speeding,pedestrian collision,1,0,1,clear,13.60760826,100.685808,straight road,no slope
7443586,2022-02-20T00:30:00Z,2022-12-08T10:33:00Z,กรุงเทพมหานคร,Bangkok,department of highways,ไม่ทราบ,private/passenger car,speeding,rollover/fallen on straight road,1,0,0,clear,13.72446574,100.4058632,straight road,no slope
5769909,2022-02-20T02:02:00Z,2022-02-20T02:48:00Z,สมุทรปราการ,Samut Prakan,expressway authority of thailand,บางพลี-สุขสวัสดิ์,6-wheel truck,other,side collision,2,0,1,clear,13.625714,100.597376,straight road,other
6324316,2022-02-20T03:00:00Z,2022-06-07T10:10:00Z,กรุงเทพมหานคร,Bangkok,department of highways,ถนนศรีนครินทร - แขวงคลองสองต้นนุ่น,4-wheel pickup truck,speeding,rollover/fallen on straight road,1,0,0,clear,13.73951796,100.6518701,straight road,no slope
5881278,2022-02-20T03:30:00Z,2022-03-10T09:28:00Z,สมุทรสาคร,Samut Sakhon,department of highways,บ้านบ่อ - พระประโทน,4-wheel pickup truck,speeding,rollover/fallen on straight road,1,0,1,clear,13.54170141,100.1683161,straight road,no slope
6566084,2022-02-20T06:22:00Z,2022-02-21T16:12:00Z,สมุทรปราการ,Samut Prakan,department of rural roads,สะพานภูมิพลที่ 2 ไปสะพานภูมิพลที่ 1,motorcycle,speeding,other,1,0,1,clear,13.655061,100.540631,straight road,slope area
5933128,2022-02-20T07:10:00Z,2022-03-18T14:46:00Z,สมุทรสาคร,Samut Sakhon,department of highways,บ้านบ่อ - พระประโทน,large truck with trailer,speeding,rear-end collision,2,0,0,clear,13.53596974,100.1776394,straight road,no slope
6363228,2022-02-20T08:00:00Z,2022-06-13T13:50:00Z,สมุทรปราการ,Samut Prakan,department of highways,บางเมือง - บางพลี,4-wheel pickup truck,speeding,rollover/fallen on straight road,1,0,0,clear,13.60391944,100.7006916,other,other
6345707,2022-02-20T11:30:00Z,2022-06-10T14:05:00Z,ปทุมธานี,Pathum Thani,department of highways,ปทุมธานี - ท้ายเกาะ,4-wheel pickup truck,speeding,rear-end collision,3,0,0,clear,14.07019933,100.5221933,straight road,no slope
6452804,2022-02-20T14:45:00Z,2022-06-28T11:20:00Z,กรุงเทพมหานคร,Bangkok,expressway authority of thailand,ดาวคะนอง-ท่าเรือ,other,other,side collision,2,0,3,clear,13.67835038,100.5146658,grade-separated intersection/ramps,other
6325219,2022-02-20T17:27:00Z,2022-06-07T13:47:00Z,ปทุมธานี,Pathum Thani,department of highways,บางปะอิน - แขวงรามอินทรา,4-wheel pickup truck,speeding,rear-end collision,2,0,0,clear,13.9993196,100.7089072,straight road,no slope
5774424,2022-02-20T20:41:00Z,2022-02-20T21:37:00Z,กรุงเทพมหานคร,Bangkok,expressway authority of thailand,รามอินทรา-อาจณรงค์,other,other,rollover/fallen on straight road,2,0,2,clear,NA,NA,wide curve,other
6324412,2022-02-20T23:30:00Z,2022-06-07T10:26:00Z,กรุงเทพมหานคร,Bangkok,department of highways,แขวงรามอินทรา - บางพลี,4-wheel pickup truck,vehicle equipment failure,rollover/fallen on straight road,1,0,1,clear,13.68825517,100.6993264,straight road,no slope
6252750,2022-02-21T01:20:00Z,2022-05-26T10:50:00Z,นครปฐม,Nakhon Pathom,department of highways,พระประโทน - สระกระเทียม,private/passenger car,speeding,rollover/fallen on straight road,1,0,0,clear,13.8030122,100.0057286,straight road,no slope
6324346,2022-02-21T04:30:00Z,2022-06-07T10:19:00Z,กรุงเทพมหานคร,Bangkok,department of highways,ถนนศรีนครินทร - แขวงคลองสองต้นนุ่น,large truck with trailer,speeding,rollover/fallen on straight road,1,0,0,clear,13.73158421,100.7110771,straight road,no slope
5843171,2022-02-21T11:15:00Z,2022-03-04T10:36:00Z,สมุทรปราการ,Samut Prakan,expressway authority of thailand,บางพลี-สุขสวัสดิ์,7-10-wheel truck,other,rear-end collision,3,0,0,clear,13.627311,100.594099,grade-separated intersection/ramps,other
6325203,2022-02-21T11:54:00Z,2022-06-07T13:40:00Z,ปทุมธานี,Pathum Thani,department of highways,บางปะอิน - แขวงรามอินทรา,4-wheel pickup truck,speeding,rear-end collision,2,0,0,rainy,14.0084049,100.7046318,straight road,no slope
6325187,2022-02-21T11:55:00Z,2022-06-07T13:36:00Z,ปทุมธานี,Pathum Thani,department of highways,บางปะอิน - แขวงรามอินทรา,private/passenger car,speeding,rear-end collision,2,0,0,clear,13.99095227,100.7125497,straight road,no slope
6566111,2022-02-21T12:50:00Z,2022-02-24T13:45:00Z,สมุทรปราการ,Samut Prakan,department of rural roads,สะพานภูมิพลที่ 1 ไปสะพานภูมิพลที่ 2,private/passenger car,unfamiliarity with the route/unskilled driving,other,2,0,0,clear,13.649481,100.541548,grade-separated intersection/ramps,other
6503086,2022-02-21T15:50:00Z,2022-07-06T16:20:00Z,สมุทรปราการ,Samut Prakan,department of highways,ราษฎร์บูรณะ - พระสมุทรเจดีย์,4-wheel pickup truck,falling asleep,rear-end collision,3,0,2,clear,13.61744136,100.5439889,straight road,no slope
7443774,2022-02-21T16:40:00Z,2022-12-08T13:53:00Z,สมุทรปราการ,Samut Prakan,department of highways,ไม่ทราบ,private/passenger car,speeding,rear-end collision,2,0,1,clear,13.59545059,100.8037059,straight road,no slope
5843165,2022-02-21T19:46:00Z,2022-03-04T10:35:00Z,สมุทรปราการ,Samut Prakan,expressway authority of thailand,บางพลี-สุขสวัสดิ์,4-wheel pickup truck,other,rear-end collision,2,0,0,clear,13.622127,100.665321,straight road,other
5831622,2022-02-21T20:50:00Z,2022-03-02T15:50:00Z,กรุงเทพมหานคร,Bangkok,department of highways,ถนนศรีนครินทร - แขวงคลองสองต้นนุ่น,private/passenger car,speeding,collision with obstruction (on road surface),1,0,0,clear,13.73279057,100.7045325,straight road,no slope
6324644,2022-02-21T21:17:00Z,2022-06-07T11:06:00Z,สมุทรปราการ,Samut Prakan,department of highways,แขวงคลองสองต้นนุ่น - พิมพา,private/passenger car,vehicle equipment failure,other,1,0,0,clear,13.64282772,100.8861342,straight road,no slope
5800077,2022-02-22T14:45:00Z,2022-02-25T09:15:00Z,ปทุมธานี,Pathum Thani,department of highways,บางปะอิน - แขวงรามอินทรา,large truck with trailer,speeding,rear-end collision,2,0,0,clear,14.06722292,100.6964645,straight road,no slope
5831852,2022-02-22T19:04:00Z,2022-03-02T16:46:00Z,กรุงเทพมหานคร,Bangkok,department of highways,ถนนศรีนครินทร - แขวงคลองสองต้นนุ่น,private/passenger car,speeding,rear-end collision,2,0,0,clear,13.74090927,100.6450224,straight road,no slope
5832664,2022-02-22T19:27:00Z,2022-03-02T19:41:00Z,กรุงเทพมหานคร,Bangkok,department of highways,ถนนศรีนครินทร - แขวงคลองสองต้นนุ่น,private/passenger car,speeding,rear-end collision,5,0,0,clear,13.74088843,100.6451779,straight road,no slope
6324651,2022-02-22T20:53:00Z,2022-06-07T11:07:00Z,สมุทรปราการ,Samut Prakan,department of highways,แขวงคลองสองต้นนุ่น - พิมพา,private/passenger car,speeding,rear-end collision,2,0,1,clear,13.64479564,100.8830765,straight road,no slope
6362572,2022-02-22T21:30:00Z,2022-06-13T10:56:00Z,นนทบุรี,Nonthaburi,department of highways,คลองบางไผ่ - คลองบางหลวง,4-wheel pickup truck,speeding,rollover/fallen on straight road,1,0,1,clear,13.95122997,100.423775,straight road,no slope
6324652,2022-02-22T21:36:00Z,2022-06-07T11:08:00Z,กรุงเทพมหานคร,Bangkok,department of highways,แขวงคลองสองต้นนุ่น - พิมพา,4-wheel pickup truck,speeding,rollover/fallen on straight road,1,0,0,clear,13.73151907,100.7642975,straight road,no slope
7444267,2022-02-23T08:30:00Z,2022-12-08T10:42:00Z,กรุงเทพมหานคร,Bangkok,department of highways,ไม่ทราบ,motorcycle,speeding,rollover/fallen on straight road,1,0,2,clear,13.67595179,100.4065284,straight road,no slope
5800168,2022-02-23T08:49:00Z,2022-02-25T09:39:00Z,ปทุมธานี,Pathum Thani,department of highways,บางปะอิน - แขวงรามอินทรา,4-wheel pickup truck,speeding,rear-end collision,4,0,0,clear,14.06628628,100.6965503,straight road,no slope
5919736,2022-02-23T10:00:00Z,2022-03-15T11:55:00Z,ปทุมธานี,Pathum Thani,department of highways,ต่างระดับลาดหลุมแก้ว - แยกนพวงศ์,other,speeding,rollover/fallen on straight road,1,0,0,clear,14.03323084,100.3936779,straight road,no slope
6324665,2022-02-23T16:38:00Z,2022-06-07T11:10:00Z,กรุงเทพมหานคร,Bangkok,department of highways,แขวงคลองสองต้นนุ่น - พิมพา,large truck with trailer,speeding,rear-end collision,2,0,1,clear,13.73389792,100.8050564,straight road,no slope
6252878,2022-02-23T18:36:00Z,2022-05-26T11:18:00Z,สมุทรสาคร,Samut Sakhon,department of highways,แสมดำ - สะพานข้ามแม่น้ำท่าจีนฝั่งตะวันตก,large truck with trailer,speeding,rear-end collision,2,0,0,clear,13.59729507,100.3649112,straight road,no slope
6566108,2022-02-23T23:09:00Z,2022-02-24T15:07:00Z,กรุงเทพมหานคร,Bangkok,department of rural roads,สะพานกรุงเทพฯ,motorcycle,speeding,other,2,3,0,clear,13.701118,100.491705,straight road,no slope
6345939,2022-02-23T23:20:00Z,2022-06-10T14:45:00Z,สมุทรปราการ,Samut Prakan,department of highways,ท้ายบ้าน - บางตำหรุ,4-wheel pickup truck,cutting in closely by people/vehicles/animals,rear-end collision,2,0,0,clear,13.51733695,100.6745911,straight road,no slope
5792904,2022-02-24T01:08:00Z,2022-02-24T02:52:00Z,สมุทรปราการ,Samut Prakan,expressway authority of thailand,บางพลี-สุขสวัสดิ์,large truck with trailer,other,rear-end collision,2,0,3,clear,13.637099,100.547235,straight road,other
6324701,2022-02-24T01:26:00Z,2022-06-07T11:22:00Z,กรุงเทพมหานคร,Bangkok,department of highways,แขวงคลองสองต้นนุ่น - พิมพา,private/passenger car,speeding,rear-end collision,2,0,1,clear,13.73204018,100.7715395,straight road,no slope
7443800,2022-02-24T02:26:00Z,2022-12-08T10:37:00Z,กรุงเทพมหานคร,Bangkok,department of highways,ไม่ทราบ,private/passenger car,speeding,rollover/fallen on curved road,1,0,0,clear,13.69231532,100.4074135,wide curve,no slope
7007959,2022-02-24T11:29:00Z,2022-09-30T11:26:00Z,ปทุมธานี,Pathum Thani,department of highways,วัดนาบุญ - คลอง 14,other,speeding,rollover/fallen on straight road,1,0,0,clear,14.07615724,100.8906939,straight road,no slope
5795142,2022-02-24T12:10:00Z,2022-02-24T13:19:00Z,สมุทรปราการ,Samut Prakan,expressway authority of thailand,บางนา-ชลบุรี,4-wheel pickup truck,other,rear-end collision,2,0,1,clear,13.599924,100.790361,straight road,other
6324807,2022-02-24T12:21:00Z,2022-06-07T11:46:00Z,สมุทรปราการ,Samut Prakan,department of highways,แขวงคลองสองต้นนุ่น - พิมพา,large truck with trailer,speeding,rear-end collision,2,0,0,clear,13.6699002,100.844053,straight road,no slope
5796725,2022-02-24T14:17:00Z,2022-02-24T19:17:00Z,สมุทรปราการ,Samut Prakan,expressway authority of thailand,บางพลี-สุขสวัสดิ์,4-wheel pickup truck,other,side collision,2,0,0,clear,13.63189,100.580157,straight road,other
6324700,2022-02-24T16:17:00Z,2022-06-07T11:24:00Z,กรุงเทพมหานคร,Bangkok,department of highways,แขวงคลองสองต้นนุ่น - พิมพา,private/passenger car,speeding,rear-end collision,4,0,0,clear,13.73131583,100.7145828,straight road,no slope
6566117,2022-02-24T19:50:00Z,2022-03-01T16:45:00Z,กรุงเทพมหานคร,Bangkok,department of rural roads,สะพานกรุงเทพฯ,motorcycle,illegal overtaking,other,2,0,3,clear,13.701972,100.490268,straight road,no slope
6324410,2022-02-24T23:30:00Z,2022-06-07T10:25:00Z,กรุงเทพมหานคร,Bangkok,department of highways,แขวงรามอินทรา - บางพลี,private/passenger car,speeding,rear-end collision,2,0,0,clear,13.70464912,100.6997207,straight road,no slope
5843096,2022-02-25T00:38:00Z,2022-03-04T10:19:00Z,กรุงเทพมหานคร,Bangkok,expressway authority of thailand,รามอินทรา-วงแหวนรอบนอก,other,other,collision with obstruction (on road surface),1,0,0,clear,NA,NA,y-intersection,other
5843202,2022-02-25T10:38:00Z,2022-03-04T10:42:00Z,สมุทรปราการ,Samut Prakan,expressway authority of thailand,บางพลี-สุขสวัสดิ์,4-wheel pickup truck,other,rear-end collision,2,0,0,clear,13.631185,100.582859,straight road,other
6252880,2022-02-25T15:50:00Z,2022-05-26T11:19:00Z,สมุทรสาคร,Samut Sakhon,department of highways,แสมดำ - สะพานข้ามแม่น้ำท่าจีนฝั่งตะวันตก,4-wheel pickup truck,speeding,rear-end collision,2,0,0,clear,13.59257368,100.3546706,straight road,no slope
7515278,2022-02-25T17:50:00Z,2022-12-28T16:10:00Z,กรุงเทพมหานคร,Bangkok,department of highways,ไม่ทราบ,motorcycle,speeding,rear-end collision,2,0,0,clear,13.79694981,100.5610016,straight road,no slope
7445513,2022-02-25T20:30:00Z,2022-12-09T08:44:00Z,กรุงเทพมหานคร,Bangkok,department of highways,ไม่ทราบ,private/passenger car,cutting in closely by people/vehicles/animals,rear-end collision,2,0,0,clear,13.68163186,100.4761773,straight road,no slope
5837243,2022-02-25T21:55:00Z,2022-03-03T11:57:00Z,กรุงเทพมหานคร,Bangkok,expressway authority of thailand,พญาไท-บางโคล่,other,other,other,1,0,0,clear,NA,NA,y-intersection,other
5803947,2022-02-25T22:12:00Z,2022-02-25T23:18:00Z,สมุทรปราการ,Samut Prakan,expressway authority of thailand,บางนา-ชลบุรี,large truck with trailer,other,rear-end collision,2,0,1,clear,13.62059075,100.7381258,straight road,other
6324382,2022-02-25T23:05:00Z,2022-06-07T10:23:00Z,กรุงเทพมหานคร,Bangkok,department of highways,แขวงรามอินทรา - บางพลี,large truck with trailer,speeding,rear-end collision,2,0,3,clear,13.70933699,100.7001203,straight road,no slope
6242201,2022-02-26T00:30:00Z,2022-05-24T11:11:00Z,สมุทรปราการ,Samut Prakan,department of highways,ท้ายบ้าน - บางตำหรุ,motorcycle,speeding,rollover/fallen on curved road,1,1,0,clear,13.53894251,100.621891,wide curve,no slope
5812229,2022-02-26T05:04:00Z,2022-02-27T10:48:00Z,ปทุมธานี,Pathum Thani,department of highways,บางปะอิน - แขวงรามอินทรา,large truck with trailer,speeding,rollover/fallen on straight road,1,0,0,clear,14.09135309,100.6920442,straight road,no slope
5832801,2022-02-26T09:45:00Z,2022-03-02T20:10:00Z,กรุงเทพมหานคร,Bangkok,department of highways,ถนนศรีนครินทร - แขวงคลองสองต้นนุ่น,4-wheel pickup truck,speeding,rear-end collision,2,0,0,clear,13.73157378,100.7131398,straight road,no slope
5812317,2022-02-26T11:18:00Z,2022-02-27T11:10:00Z,กรุงเทพมหานคร,Bangkok,department of highways,บางปะอิน - แขวงรามอินทรา,6-wheel truck,speeding,rear-end collision,2,0,3,clear,13.8819957,100.6853279,straight road,no slope
5843066,2022-02-26T23:34:00Z,2022-03-04T10:13:00Z,กรุงเทพมหานคร,Bangkok,expressway authority of thailand,รามอินทรา-อาจณรงค์,other,other,other,1,0,0,clear,NA,NA,other,other
6324744,2022-02-27T12:47:00Z,2022-06-07T11:33:00Z,ปทุมธานี,Pathum Thani,department of highways,บางปะอิน - แขวงรามอินทรา,4-wheel pickup truck,speeding,rollover/fallen on straight road,1,0,0,clear,13.94568012,100.7116431,straight road,no slope
6324746,2022-02-28T00:36:00Z,2022-06-07T11:31:00Z,กรุงเทพมหานคร,Bangkok,department of highways,แขวงคลองสองต้นนุ่น - พิมพา,motorcycle,speeding,rollover/fallen on straight road,1,0,2,clear,13.73101359,100.7172918,straight road,no slope
6566119,2022-02-28T07:00:00Z,2022-03-01T16:45:00Z,สมุทรปราการ,Samut Prakan,department of rural roads,สะพานภูมิพลที่ 2 ไปสะพานภูมิพลที่ 1,private/passenger car,tailgating,other,3,0,2,clear,13.652889,100.541002,straight road,slope area
6566122,2022-02-28T07:43:00Z,2022-03-01T16:46:00Z,สมุทรปราการ,Samut Prakan,department of rural roads,จุดเชื่อมต่อถนนวงแหวนอุตสาหกรรมเข้าสะพานภูมิพลที่ 2,motorcycle,speeding,other,1,1,1,clear,13.664632,100.538815,grade-separated intersection/ramps,other
7560735,2022-02-28T08:30:00Z,2023-01-16T11:40:00Z,กรุงเทพมหานคร,Bangkok,department of highways,ดินแดง - งามวงศ์วาน,4-wheel pickup truck,speeding,rear-end collision,2,0,1,clear,13.76433811,100.5481308,other,other
5830065,2022-02-28T09:00:00Z,2022-03-02T11:01:00Z,ปทุมธานี,Pathum Thani,department of highways,บางปะอิน - แขวงรามอินทรา,other,speeding,rollover/fallen on straight road,1,0,0,clear,14.14423541,100.6619015,straight road,no slope
7560763,2022-02-28T11:00:00Z,2023-01-16T13:34:00Z,กรุงเทพมหานคร,Bangkok,department of highways,ดินแดง - งามวงศ์วาน,6-wheel truck,speeding,rear-end collision,2,0,0,clear,13.81228789,100.5594516,straight road,slope area
5820325,2022-02-28T16:50:00Z,2022-02-28T19:30:00Z,กรุงเทพมหานคร,Bangkok,expressway authority of thailand,หมอชิต-กาญจนาฯ,other,other,collision with obstruction (on road surface),1,0,0,clear,NA,NA,straight road,other
6539832,2022-03-01T00:14:00Z,2022-07-12T14:52:00Z,สมุทรปราการ,Samut Prakan,department of highways,แขวงคลองสองต้นนุ่น - พิมพา,private/passenger car,speeding,rear-end collision,3,0,1,clear,13.6502093,100.8746517,straight road,no slope
7331197,2022-03-01T01:55:00Z,2022-07-22T14:32:00Z,สมุทรสาคร,Samut Sakhon,department of highways,แสมดำ - สะพานข้ามแม่น้ำท่าจีนฝั่งตะวันตก,4-wheel pickup truck,speeding,collision with obstruction (on road surface),1,1,2,clear,13.60185212,100.3693932,straight road,no slope
6585060,2022-03-01T06:05:00Z,2022-07-21T10:32:00Z,ปทุมธานี,Pathum Thani,department of highways,ลำลูกกา - คลอง 16,private/passenger car,speeding,rollover/fallen on straight road,1,0,0,clear,13.94420153,100.7744551,other,other
5881308,2022-03-01T07:55:00Z,2022-03-10T09:31:00Z,นครปฐม,Nakhon Pathom,department of highways,บ้านบ่อ - พระประโทน,4-wheel pickup truck,speeding,rear-end collision,2,0,2,clear,13.67170631,100.0883782,straight road,no slope
6539612,2022-03-01T09:34:00Z,2022-07-12T14:33:00Z,สมุทรปราการ,Samut Prakan,department of highways,แขวงคลองสองต้นนุ่น - พิมพา,private/passenger car,falling asleep,rollover/fallen on straight road,1,0,0,clear,13.66841985,100.8463517,straight road,no slope
6031799,2022-03-01T09:38:00Z,2022-04-04T09:51:00Z,สมุทรปราการ,Samut Prakan,expressway authority of thailand,บางพลี-สุขสวัสดิ์,6-wheel truck,other,rear-end collision,3,0,0,clear,13.630637,100.531997,straight road,other
6539608,2022-03-01T11:47:00Z,2022-07-12T14:34:00Z,กรุงเทพมหานคร,Bangkok,department of highways,แขวงคลองสองต้นนุ่น - พิมพา,4-wheel pickup truck,vehicle equipment failure,rollover/fallen on straight road,1,0,0,clear,13.73300162,100.7915112,straight road,no slope
5824274,2022-03-01T12:12:00Z,2022-03-01T12:28:00Z,สมุทรปราการ,Samut Prakan,expressway authority of thailand,บางพลี-สุขสวัสดิ์,other,other,rear-end collision,2,0,0,clear,13.630798,100.672229,straight road,other
5843308,2022-03-01T14:05:00Z,2022-03-04T11:05:00Z,กรุงเทพมหานคร,Bangkok,department of highways,บางปะอิน - แขวงรามอินทรา,private/passenger car,speeding,rear-end collision,3,0,2,clear,13.83806952,100.6731507,straight road,no slope
6539827,2022-03-01T19:30:00Z,2022-07-12T14:51:00Z,สมุทรปราการ,Samut Prakan,department of highways,แขวงรามอินทรา - บางพลี,private/passenger car,speeding,rear-end collision,2,0,0,clear,13.65714235,100.6919262,straight road,no slope
6566131,2022-03-01T21:05:00Z,2022-03-04T09:13:00Z,กรุงเทพมหานคร,Bangkok,department of rural roads,สะพานภูมิพลที่ 1 ไปสะพานภูมิพลที่ 2,private/passenger car,speeding,other,2,0,0,clear,13.670603,100.538575,straight road,slope area
6591058,2022-03-01T21:10:00Z,2022-07-22T10:02:00Z,สมุทรสาคร,Samut Sakhon,department of highways,แสมดำ - สะพานข้ามแม่น้ำท่าจีนฝั่งตะวันตก,private/passenger car,speeding,rear-end collision,2,0,0,clear,13.60444605,100.3719762,straight road,no slope
5828696,2022-03-02T00:41:00Z,2022-03-02T04:10:00Z,สมุทรปราการ,Samut Prakan,expressway authority of thailand,บางพลี-สุขสวัสดิ์,4-wheel pickup truck,other,rear-end collision,2,0,1,clear,13.62904,100.527976,grade-separated intersection/ramps,other
5991896,2022-03-02T06:50:00Z,2022-03-28T09:18:00Z,กรุงเทพมหานคร,Bangkok,department of highways,งามวงศ์วาน - ดอนเมือง,other,speeding,rollover/fallen on straight road,1,0,0,clear,13.92101396,100.6020427,straight road,no slope
7518299,2022-03-02T09:32:00Z,2022-12-29T11:39:00Z,สมุทรปราการ,Samut Prakan,expressway authority of thailand,บางพลี-สุขสวัสดิ์,7-10-wheel truck,other,rear-end collision,2,0,0,clear,13.627311,100.594099,straight road,other
6539070,2022-03-02T14:00:00Z,2022-07-12T13:57:00Z,สมุทรปราการ,Samut Prakan,department of highways,แขวงคลองสองต้นนุ่น - พิมพา,large truck with trailer,speeding,rollover/fallen on straight road,1,0,0,clear,13.61139348,100.9351462,straight road,no slope
5842846,2022-03-02T16:09:00Z,2022-03-04T09:29:00Z,กรุงเทพมหานคร,Bangkok,department of highways,แขวงรามอินทรา - บางพลี,7-10-wheel truck,speeding,rollover/fallen on straight road,1,0,0,clear,13.76142885,100.6959763,straight road,no slope
6032799,2022-03-02T20:12:00Z,2022-04-04T13:43:00Z,กรุงเทพมหานคร,Bangkok,expressway authority of thailand,พญาไท-บางโคล่,other,other,other,1,0,0,clear,13.73929559,100.5197721,straight road,other
5843262,2022-03-03T05:40:00Z,2022-03-04T10:55:00Z,กรุงเทพมหานคร,Bangkok,department of highways,ถนนศรีนครินทร - แขวงคลองสองต้นนุ่น,4-wheel pickup truck,falling asleep,rollover/fallen on straight road,1,0,0,clear,13.73956226,100.6516903,other,other
5843392,2022-03-03T11:56:00Z,2022-03-04T11:23:00Z,ปทุมธานี,Pathum Thani,department of highways,บางปะอิน - แขวงรามอินทรา,private/passenger car,speeding,rear-end collision,2,0,0,clear,13.94386572,100.7109377,straight road,no slope
6539828,2022-03-03T12:31:00Z,2022-07-12T14:51:00Z,กรุงเทพมหานคร,Bangkok,department of highways,แขวงรามอินทรา - บางพลี,4-wheel pickup truck,speeding,rollover/fallen on curved road,1,0,0,rainy,13.73305634,100.7054847,other,other
6031805,2022-03-03T13:35:00Z,2022-04-04T09:52:00Z,สมุทรปราการ,Samut Prakan,expressway authority of thailand,บางพลี-สุขสวัสดิ์,other,other,collision with obstruction (on road surface),1,0,0,clear,13.63839,100.557946,straight road,other
6539796,2022-03-03T14:39:00Z,2022-07-12T14:48:00Z,กรุงเทพมหานคร,Bangkok,department of highways,แขวงคลองสองต้นนุ่น - พิมพา,4-wheel pickup truck,speeding,rear-end collision,2,0,0,clear,13.73205841,100.7724488,straight road,no slope
5843075,2022-03-03T16:14:00Z,2022-03-04T10:17:00Z,กรุงเทพมหานคร,Bangkok,department of highways,แขวงรามอินทรา - บางพลี,private/passenger car,speeding,rear-end collision,4,0,0,clear,13.77191721,100.6902793,straight road,no slope
6539740,2022-03-03T19:30:00Z,2022-07-12T14:41:00Z,ปทุมธานี,Pathum Thani,department of highways,บางปะอิน - แขวงรามอินทรา,4-wheel pickup truck,speeding,rollover/fallen on curved road,1,0,0,clear,14.01061175,100.7043582,other,other
7008619,2022-03-03T22:10:00Z,2022-09-30T13:34:00Z,กรุงเทพมหานคร,Bangkok,department of highways,บางแค - คลองมหาสวัสดิ์,4-wheel pickup truck,speeding,rear-end collision,2,0,0,clear,13.74575014,100.405764,straight road,no slope
5841651,2022-03-03T23:13:00Z,2022-03-04T03:14:00Z,กรุงเทพมหานคร,Bangkok,expressway authority of thailand,ดาวคะนอง-ท่าเรือ,other,other,other,1,0,0,clear,NA,NA,other,other
7446433,2022-03-04T04:00:00Z,2022-12-09T09:25:00Z,ปทุมธานี,Pathum Thani,department of highways,ไม่ทราบ,4-wheel pickup truck,speeding,rollover/fallen on straight road,1,0,0,clear,14.10366825,100.570229,straight road,no slope
6144659,2022-03-04T09:25:00Z,2022-04-26T10:05:00Z,กรุงเทพมหานคร,Bangkok,expressway authority of thailand,ดาวคะนอง-ท่าเรือ,other,other,rollover/fallen on straight road,1,0,1,clear,13.67613921,100.5129628,grade-separated intersection/ramps,other
6031806,2022-03-04T10:06:00Z,2022-04-04T09:52:00Z,สมุทรปราการ,Samut Prakan,expressway authority of thailand,บางพลี-สุขสวัสดิ์,van,other,rear-end collision,2,0,0,clear,13.627311,100.594099,straight road,other
6539809,2022-03-04T11:25:00Z,2022-07-12T14:48:00Z,กรุงเทพมหานคร,Bangkok,department of highways,แขวงรามอินทรา - บางพลี,4-wheel pickup truck,speeding,rollover/fallen on straight road,1,0,0,clear,13.66335325,100.6964376,straight road,no slope
7446426,2022-03-04T11:50:00Z,2022-12-09T09:39:00Z,กรุงเทพมหานคร,Bangkok,department of highways,ไม่ทราบ,private/passenger car,speeding,rear-end collision,2,0,0,clear,13.84659795,100.5610223,straight road,no slope
6539609,2022-03-04T14:46:00Z,2022-07-12T14:34:00Z,สมุทรปราการ,Samut Prakan,department of highways,แขวงคลองสองต้นนุ่น - พิมพา,private/passenger car,speeding,rollover/fallen on straight road,1,0,0,clear,13.68867213,100.8306554,straight road,no slope
6590890,2022-03-04T17:30:00Z,2022-07-22T09:33:00Z,นนทบุรี,Nonthaburi,department of highways,บางบัวทอง - บางคูวัด,4-wheel pickup truck,speeding,rollover/fallen on straight road,1,0,0,clear,13.94985814,100.4543173,straight road,no slope
6539808,2022-03-05T00:45:00Z,2022-07-12T14:47:00Z,กรุงเทพมหานคร,Bangkok,department of highways,แขวงรามอินทรา - บางพลี,large truck with trailer,speeding,rear-end collision,2,0,0,clear,13.79831318,100.6813744,straight road,no slope
6033098,2022-03-05T02:20:00Z,2022-04-04T14:38:00Z,กรุงเทพมหานคร,Bangkok,expressway authority of thailand,พญาไท-บางโคล่,other,other,rear-end collision,2,0,0,clear,NA,NA,straight road,other
6539666,2022-03-05T07:20:00Z,2022-07-12T14:35:00Z,สมุทรปราการ,Samut Prakan,department of highways,แขวงคลองสองต้นนุ่น - พิมพา,private/passenger car,speeding,rollover/fallen on straight road,1,0,0,clear,13.65118671,100.8731255,straight road,no slope
5926811,2022-03-05T08:30:00Z,2022-03-17T14:04:00Z,สมุทรสาคร,Samut Sakhon,department of highways,บ้านบ่อ - พระประโทน,private/passenger car,speeding,rollover/fallen on straight road,1,0,0,clear,13.62953925,100.09422000000001,straight road,no slope
7331216,2022-03-05T09:30:00Z,2022-03-28T10:03:00Z,นครปฐม,Nakhon Pathom,department of highways,พุทธมณฑลสาย 4 - นครชัยศรี,large truck with trailer,speeding,rear-end collision,2,1,0,clear,13.77349329,100.2122077,straight road,no slope
6016006,2022-03-05T09:32:00Z,2022-04-01T12:08:00Z,กรุงเทพมหานคร,Bangkok,expressway authority of thailand,แจ้งวัฒนะ-พญาไท,other,other,rear-end collision,3,0,0,clear,13.79299195,100.5388413,straight road,other
5855602,2022-03-05T11:29:00Z,2022-03-06T10:40:00Z,กรุงเทพมหานคร,Bangkok,department of highways,ถนนศรีนครินทร - แขวงคลองสองต้นนุ่น,private/passenger car,speeding,rear-end collision,2,0,0,clear,13.73261861,100.704039,straight road,no slope
6539802,2022-03-05T21:07:00Z,2022-07-12T14:45:00Z,กรุงเทพมหานคร,Bangkok,department of highways,แขวงรามอินทรา - บางพลี,4-wheel pickup truck,speeding,rear-end collision,2,0,2,clear,13.69278701,100.6994712,straight road,no slope
6566160,2022-03-06T13:28:00Z,2022-03-16T08:32:00Z,ปทุมธานี,Pathum Thani,department of rural roads,แยกทางหลวงหมายเลข 305 (กม.ที่ 34+150) - บ้านหนองหมู,motorcycle,speeding,other,2,1,2,clear,14.107395,100.913542,straight road,no slope
6539679,2022-03-06T14:38:00Z,2022-07-12T14:37:00Z,สมุทรปราการ,Samut Prakan,department of highways,แขวงคลองสองต้นนุ่น - พิมพา,private/passenger car,speeding,rear-end collision,3,0,1,clear,13.66841985,100.8463517,straight road,no slope
7331227,2022-03-06T15:25:00Z,2022-06-10T15:10:00Z,นนทบุรี,Nonthaburi,department of highways,คลองมหาสวัสดิ์ - คลองบางไผ่,private/passenger car,speeding,rear-end collision,5,0,1,clear,13.87897259,100.4094788,straight road,no slope
7518323,2022-03-06T20:54:00Z,2022-12-29T11:39:00Z,กรุงเทพมหานคร,Bangkok,expressway authority of thailand,แจ้งวัฒนะ-พญาไท,other,other,rear-end collision,2,0,3,clear,13.83320122,100.5393624,straight road,other
6539684,2022-03-06T21:30:00Z,2022-07-12T14:39:00Z,กรุงเทพมหานคร,Bangkok,department of highways,แขวงรามอินทรา - บางพลี,4-wheel pickup truck,speeding,rollover/fallen on straight road,2,0,0,clear,13.765229830000001,100.6941846,straight road,no slope
7446936,2022-03-07T05:30:00Z,2022-12-09T09:59:00Z,สมุทรสาคร,Samut Sakhon,department of highways,ไม่ทราบ,7-10-wheel truck,speeding,rear-end collision,2,0,2,clear,13.50234622,100.1262966,straight road,no slope
6539660,2022-03-07T06:50:00Z,2022-07-12T14:39:00Z,กรุงเทพมหานคร,Bangkok,department of highways,แขวงคลองสองต้นนุ่น - พิมพา,private/passenger car,speeding,rear-end collision,4,0,0,clear,13.73091718,100.7181984,straight road,no slope
7567919,2022-03-07T11:30:00Z,2023-01-24T07:32:00Z,สมุทรสาคร,Samut Sakhon,department of highways,บ้านบ่อ - พระประโทน,7-10-wheel truck,speeding,rear-end collision,2,0,1,clear,13.5918072,100.1048389,straight road,no slope
7444759,2022-03-07T12:30:00Z,2022-12-08T14:14:00Z,สมุทรปราการ,Samut Prakan,department of highways,ไม่ทราบ,private/passenger car,speeding,rear-end collision,2,0,1,clear,13.58940628,100.8301909,straight road,no slope
7518325,2022-03-07T14:27:00Z,2022-12-29T11:39:00Z,สมุทรปราการ,Samut Prakan,expressway authority of thailand,บางพลี-สุขสวัสดิ์,other,other,rear-end collision,3,0,0,clear,13.622656,100.604075,straight road,other
6031810,2022-03-07T15:01:00Z,2022-04-04T09:53:00Z,สมุทรปราการ,Samut Prakan,expressway authority of thailand,บางพลี-สุขสวัสดิ์,4-wheel pickup truck,other,rear-end collision,4,0,0,clear,13.628688,100.59168,straight road,other
6539682,2022-03-07T15:14:00Z,2022-07-12T14:38:00Z,ปทุมธานี,Pathum Thani,department of highways,บางปะอิน - แขวงรามอินทรา,4-wheel pickup truck,speeding,rollover/fallen on curved road,1,0,0,clear,13.93355173,100.7103771,wide curve,no slope
6590789,2022-03-07T22:00:00Z,2022-07-22T09:08:00Z,กรุงเทพมหานคร,Bangkok,department of highways,งามวงศ์วาน - ดอนเมือง,4-wheel pickup truck,speeding,collision with obstruction (on road surface),1,0,0,clear,13.88386006,100.5814192,other,other
7567909,2022-03-07T22:30:00Z,2023-01-24T07:27:00Z,นครปฐม,Nakhon Pathom,department of highways,ดอนตูม - ลำลูกบัว,4-wheel pickup truck,speeding,rollover/fallen on straight road,1,0,0,rainy,13.96491139,100.0847813,other,other
6539592,2022-03-07T22:50:00Z,2022-07-12T14:30:00Z,กรุงเทพมหานคร,Bangkok,department of highways,แขวงรามอินทรา - บางพลี,4-wheel pickup truck,speeding,rollover/fallen on straight road,1,0,0,clear,13.75407421,100.700292,straight road,no slope
7008517,2022-03-08T00:37:00Z,2022-09-30T13:16:00Z,นครปฐม,Nakhon Pathom,department of highways,พระประโทน - สระกระเทียม,4-wheel pickup truck,speeding,rear-end collision,2,1,1,clear,13.80374153,100.0202393,straight road,no slope
6566162,2022-03-08T01:44:00Z,2022-03-16T08:28:00Z,สมุทรปราการ,Samut Prakan,department of rural roads,สะพานภูมิพลที่ 1 ไปสะพานภูมิพลที่ 2,private/passenger car,speeding,other,2,0,1,rainy,13.652847,100.541226,straight road,slope area
5874233,2022-03-08T01:55:00Z,2022-03-09T09:23:00Z,ปทุมธานี,Pathum Thani,department of highways,บางปะอิน - แขวงรามอินทรา,private/passenger car,speeding,rear-end collision,2,0,0,clear,14.06989233,100.6961748,straight road,no slope
7567911,2022-03-08T05:30:00Z,2023-01-24T07:29:00Z,สมุทรสาคร,Samut Sakhon,department of highways,บ้านบ่อ - พระประโทน,van,speeding,rollover/fallen on straight road,2,0,1,clear,13.63298786,100.0935387,other,other
6539595,2022-03-08T11:20:00Z,2022-07-12T14:31:00Z,สมุทรปราการ,Samut Prakan,department of highways,แขวงคลองสองต้นนุ่น - พิมพา,private/passenger car,speeding,rear-end collision,2,0,0,clear,13.6197223,100.9221133,straight road,no slope
7446490,2022-03-08T14:00:00Z,2022-12-09T09:40:00Z,กรุงเทพมหานคร,Bangkok,department of highways,ไม่ทราบ,motorcycle,speeding,rear-end collision,2,0,2,clear,13.78898064,100.5614342,straight road,no slope
6585028,2022-03-08T17:00:00Z,2022-07-21T10:25:00Z,ปทุมธานี,Pathum Thani,department of highways,ลำลูกกา - คลอง 16,private/passenger car,cutting in closely by people/vehicles/animals,rear-end collision,2,0,1,clear,13.93745142,100.7554784,straight road,no slope
6566145,2022-03-08T22:11:00Z,2022-03-14T11:47:00Z,สมุทรปราการ,Samut Prakan,department of rural roads,สะพานภูมิพลที่ 2 ไปสะพานภูมิพลที่ 1,motorcycle,unfamiliarity with the route/unskilled driving,other,2,0,1,clear,13.652267,100.541063,straight road,slope area
6591027,2022-03-08T23:15:00Z,2022-07-22T09:57:00Z,สมุทรปราการ,Samut Prakan,department of highways,บางนา - ทางเข้าท่าอากาศยานสุวรรณภูมิ,motorcycle,speeding,rollover/fallen on curved road,1,1,0,clear,13.66272774,100.658412,other,other
7446981,2022-03-09T03:00:00Z,2022-12-09T09:41:00Z,กรุงเทพมหานคร,Bangkok,department of highways,ไม่ทราบ,private/passenger car,speeding,rollover/fallen on straight road,1,0,0,clear,13.82212538,100.5584426,straight road,no slope
5992127,2022-03-09T06:00:00Z,2022-03-28T10:03:00Z,นครปฐม,Nakhon Pathom,department of highways,พุทธมณฑลสาย 4 - นครชัยศรี,7-10-wheel truck,speeding,rollover/fallen on straight road,1,0,0,clear,13.78577332,100.2770796,straight road,no slope
5881750,2022-03-09T10:43:00Z,2022-03-10T10:55:00Z,กรุงเทพมหานคร,Bangkok,department of highways,ถนนศรีนครินทร - แขวงคลองสองต้นนุ่น,4-wheel pickup truck,speeding,rollover/fallen on straight road,1,0,0,clear,13.73979935,100.6506228,straight road,no slope
5876400,2022-03-09T13:35:00Z,2022-03-09T16:21:00Z,กรุงเทพมหานคร,Bangkok,expressway authority of thailand,บางนา-ท่าเรือ,4-wheel pickup truck,other,other,2,0,0,clear,13.70934312,100.5837487,straight road,other
6031864,2022-03-09T14:55:00Z,2022-04-04T10:07:00Z,กรุงเทพมหานคร,Bangkok,expressway authority of thailand,ดาวคะนอง-ท่าเรือ,other,other,rear-end collision,2,0,0,clear,13.68784571,100.5221303,straight road,other
6031867,2022-03-09T16:52:00Z,2022-04-04T10:08:00Z,กรุงเทพมหานคร,Bangkok,expressway authority of thailand,ดาวคะนอง-ท่าเรือ,other,other,rear-end collision,6,0,0,clear,13.6733038,100.5106965,straight road,other
5881836,2022-03-09T17:41:00Z,2022-03-10T11:13:00Z,กรุงเทพมหานคร,Bangkok,department of highways,ถนนศรีนครินทร - แขวงคลองสองต้นนุ่น,private/passenger car,speeding,rear-end collision,6,0,0,clear,13.73333773,100.6973871,straight road,no slope
6539517,2022-03-09T18:22:00Z,2022-07-12T14:27:00Z,กรุงเทพมหานคร,Bangkok,department of highways,แขวงรามอินทรา - บางพลี,private/passenger car,speeding,rear-end collision,3,0,0,clear,13.7499083,100.7020756,straight road,no slope
6031837,2022-03-09T22:19:00Z,2022-04-04T09:59:00Z,กรุงเทพมหานคร,Bangkok,expressway authority of thailand,รามอินทรา-อาจณรงค์,other,other,collision with obstruction (on road surface),2,0,0,clear,13.749654,100.603828,wide curve,other
5879829,2022-03-10T01:38:00Z,2022-03-10T02:50:00Z,กรุงเทพมหานคร,Bangkok,expressway authority of thailand,รามอินทรา-อาจณรงค์,6-wheel truck,other,rear-end collision,2,0,1,clear,NA,NA,straight road,other
7007765,2022-03-10T15:10:00Z,2022-09-30T10:47:00Z,ปทุมธานี,Pathum Thani,department of highways,ต่างระดับรังสิต - วัดนาบุญ,4-wheel pickup truck,speeding,head-on collision (not overtaking),4,0,0,rainy,14.02310301,100.741319,other,other
5894779,2022-03-10T15:43:00Z,2022-03-12T09:59:00Z,ปทุมธานี,Pathum Thani,department of highways,บางปะอิน - แขวงรามอินทรา,private/passenger car,speeding,rear-end collision,3,0,0,clear,14.00257275,100.7072201,straight road,no slope
5926285,2022-03-10T16:00:00Z,2022-03-17T11:50:00Z,นครปฐม,Nakhon Pathom,department of highways,บ้านบ่อ - พระประโทน,4-wheel pickup truck,vehicle equipment failure,rollover/fallen on straight road,1,0,0,clear,13.74495289,100.08513,straight road,no slope
6539351,2022-03-10T18:29:00Z,2022-07-12T14:18:00Z,ปทุมธานี,Pathum Thani,department of highways,บางปะอิน - แขวงรามอินทรา,4-wheel pickup truck,speeding,rear-end collision,4,0,0,clear,14.0680789,100.6966522,straight road,no slope
7564980,2022-03-10T18:54:00Z,2023-01-20T06:48:00Z,กรุงเทพมหานคร,Bangkok,department of highways,บางนา - ทางเข้าท่าอากาศยานสุวรรณภูมิ,private/passenger car,cutting in closely by people/vehicles/animals,rear-end collision,2,0,1,clear,13.66896065,100.6297365,straight road,no slope
6033105,2022-03-10T19:57:00Z,2022-04-04T14:39:00Z,กรุงเทพมหานคร,Bangkok,expressway authority of thailand,พญาไท-บางโคล่,other,other,side collision,2,0,2,clear,13.72872005,100.5175755,straight road,other
6590871,2022-03-10T23:30:00Z,2022-07-22T09:25:00Z,สมุทรสาคร,Samut Sakhon,department of highways,สมุทรสาคร - บางบอน,private/passenger car,speeding,rollover/fallen on straight road,1,0,0,clear,13.631867,100.364187,straight road,no slope
6590791,2022-03-11T01:00:00Z,2022-07-22T09:07:00Z,กรุงเทพมหานคร,Bangkok,department of highways,งามวงศ์วาน - ดอนเมือง,private/passenger car,speeding,rollover/fallen on straight road,1,0,0,clear,13.84753878,100.5615279,straight road,no slope
6586093,2022-03-11T04:10:00Z,2022-07-21T14:44:00Z,ปทุมธานี,Pathum Thani,department of highways,สนามกีฬาธูปะเตมีย์ - ต่างระดับคลองหลวง,large truck with trailer,speeding,rollover/fallen on straight road,1,0,0,clear,13.98831578,100.6156334,other,other
6590941,2022-03-11T05:40:00Z,2022-07-22T09:44:00Z,นนทบุรี,Nonthaburi,department of highways,บางบัวทอง - ไทรน้อย,private/passenger car,speeding,rollover/fallen on straight road,1,0,1,clear,13.92410161,100.4155969,straight road,no slope
6032810,2022-03-11T08:58:00Z,2022-04-04T13:45:00Z,กรุงเทพมหานคร,Bangkok,expressway authority of thailand,พญาไท-บางโคล่,4-wheel pickup truck,other,rear-end collision,4,0,0,clear,13.74813882,100.5210944,straight road,other
6591032,2022-03-11T15:30:00Z,2022-07-22T09:55:00Z,สมุทรสาคร,Samut Sakhon,department of highways,แสมดำ - สะพานข้ามแม่น้ำท่าจีนฝั่งตะวันตก,7-10-wheel truck,speeding,collision with obstruction (on road surface),1,0,0,clear,13.60184951,100.3694013,straight road,no slope
6539433,2022-03-11T16:30:00Z,2022-07-12T14:20:00Z,ปทุมธานี,Pathum Thani,department of highways,บางปะอิน - แขวงรามอินทรา,private/passenger car,speeding,rollover/fallen on straight road,1,0,0,clear,13.92095148,100.7049081,straight road,no slope
6590950,2022-03-11T16:30:00Z,2022-07-22T09:42:00Z,นนทบุรี,Nonthaburi,department of highways,คลองบางไผ่ - คลองบางหลวง,4-wheel pickup truck,speeding,rollover/fallen on straight road,1,0,0,clear,13.93290872,100.4156238,straight road,no slope
6148317,2022-03-12T00:10:00Z,2022-05-03T11:34:00Z,สมุทรสาคร,Samut Sakhon,department of highways,บ้านบ่อ - พระประโทน,4-wheel pickup truck,falling asleep,rollover/fallen on straight road,2,0,3,clear,13.54170141,100.1683161,straight road,no slope
5900278,2022-03-12T03:04:00Z,2022-03-13T09:06:00Z,กรุงเทพมหานคร,Bangkok,department of highways,แขวงรามอินทรา - บางพลี,large truck with trailer,speeding,collision with obstruction (on road surface),1,0,0,clear,13.75775547,100.6983018,straight road,no slope
5894959,2022-03-12T06:22:00Z,2022-03-12T10:49:00Z,กรุงเทพมหานคร,Bangkok,department of highways,บางปะอิน - แขวงรามอินทรา,large truck with trailer,speeding,rear-end collision,2,0,1,clear,13.84531994,100.672346,straight road,no slope
6539197,2022-03-12T07:26:00Z,2022-07-12T14:06:00Z,กรุงเทพมหานคร,Bangkok,department of highways,แขวงคลองสองต้นนุ่น - พิมพา,4-wheel pickup truck,running red lights/traffic signals,other,1,0,0,clear,13.73272283,100.7887968,other,other
6539347,2022-03-12T10:15:00Z,2022-07-12T14:16:00Z,สมุทรปราการ,Samut Prakan,department of highways,แขวงรามอินทรา - บางพลี,private/passenger car,speeding,rollover/fallen on curved road,1,0,2,clear,13.64943779,100.6872484,wide curve,no slope
6539270,2022-03-12T12:20:00Z,2022-07-12T14:14:00Z,กรุงเทพมหานคร,Bangkok,department of highways,แขวงคลองสองต้นนุ่น - พิมพา,4-wheel pickup truck,running red lights/traffic signals,other,1,0,0,clear,13.73244664,100.7860851,other,other
6538197,2022-03-12T15:25:00Z,2022-07-12T11:16:00Z,สมุทรปราการ,Samut Prakan,department of highways,แขวงคลองสองต้นนุ่น - พิมพา,4-wheel pickup truck,vehicle equipment failure,rollover/fallen on straight road,1,0,0,clear,13.69602621,100.8270424,straight road,no slope
6566148,2022-03-13T01:31:00Z,2022-03-16T08:26:00Z,สมุทรปราการ,Samut Prakan,department of rural roads,สะพานภูมิพลที่ 1 ไปสะพานภูมิพลที่ 2,motorcycle,speeding,other,1,0,1,clear,13.666386,100.538462,straight road,slope area
6539062,2022-03-13T11:20:00Z,2022-07-12T14:00:00Z,ปทุมธานี,Pathum Thani,department of highways,บางปะอิน - แขวงรามอินทรา,other,speeding,rollover/fallen on straight road,1,0,0,clear,14.11574083,100.6782898,straight road,no slope
6539268,2022-03-13T16:11:00Z,2022-07-12T14:14:00Z,สมุทรปราการ,Samut Prakan,department of highways,แขวงคลองสองต้นนุ่น - พิมพา,private/passenger car,speeding,rear-end collision,2,0,1,clear,13.65807282,100.8624127,straight road,no slope
5902146,2022-03-13T17:45:00Z,2022-03-13T18:15:00Z,กรุงเทพมหานคร,Bangkok,expressway authority of thailand,บางปะอิน-แจ้งวัฒนะ,4-wheel pickup truck,other,rear-end collision,2,0,0,clear,NA,NA,straight road,other
6585080,2022-03-13T17:50:00Z,2022-07-21T10:36:00Z,นนทบุรี,Nonthaburi,department of highways,คลองมหาสวัสดิ์ - คลองบางไผ่,private/passenger car,speeding,rollover/fallen on straight road,1,0,0,clear,13.87344965,100.4099965,straight road,no slope
6585000,2022-03-13T21:20:00Z,2022-07-21T10:24:00Z,ปทุมธานี,Pathum Thani,department of highways,ลำลูกกา - คลอง 16,4-wheel pickup truck,speeding,rear-end collision,2,0,0,clear,13.95073278,100.814605,straight road,no slope
5963238,2022-03-14T02:00:00Z,2022-03-23T13:20:00Z,กรุงเทพมหานคร,Bangkok,department of highways,บางปะอิน - แขวงรามอินทรา,large truck with trailer,falling asleep,rollover/fallen on straight road,1,0,0,clear,13.88528176,100.6867844,straight road,no slope
7564964,2022-03-14T12:30:00Z,2023-01-20T06:38:00Z,กรุงเทพมหานคร,Bangkok,department of highways,บางนา - ทางเข้าท่าอากาศยานสุวรรณภูมิ,6-wheel truck,speeding,rear-end collision,2,0,1,clear,13.66995754,100.6241535,straight road,no slope
6539288,2022-03-14T14:09:00Z,2022-07-12T14:12:00Z,กรุงเทพมหานคร,Bangkok,department of highways,แขวงคลองสองต้นนุ่น - พิมพา,private/passenger car,speeding,rear-end collision,2,0,3,clear,13.72968736,100.7526728,straight road,no slope
5909361,2022-03-15T00:12:00Z,2022-03-15T00:41:00Z,กรุงเทพมหานคร,Bangkok,expressway authority of thailand,ดินแดง-ท่าเรือ,other,other,other,1,0,0,clear,NA,NA,y-intersection,other
6031883,2022-03-15T09:45:00Z,2022-04-04T10:11:00Z,กรุงเทพมหานคร,Bangkok,expressway authority of thailand,ดินแดง-ท่าเรือ,other,other,rear-end collision,3,0,0,clear,NA,NA,straight road,other
6897506,2022-03-15T10:30:00Z,2022-09-13T15:08:00Z,นครปฐม,Nakhon Pathom,department of highways,พระประโทน - สระกระเทียม,4-wheel pickup truck,speeding,head-on collision (not overtaking),3,0,2,clear,13.81361851,100.0833168,straight road,no slope
6539191,2022-03-15T12:47:00Z,2022-07-12T14:07:00Z,กรุงเทพมหานคร,Bangkok,department of highways,แขวงคลองสองต้นนุ่น - พิมพา,4-wheel pickup truck,speeding,rear-end collision,3,0,0,clear,13.73081817,100.7190996,straight road,no slope
7446267,2022-03-15T12:50:00Z,2022-12-09T09:42:00Z,กรุงเทพมหานคร,Bangkok,department of highways,ไม่ทราบ,private/passenger car,speeding,rear-end collision,2,0,1,clear,13.8253523,100.5581025,straight road,no slope
5992307,2022-03-15T15:45:00Z,2022-03-28T10:33:00Z,สมุทรสาคร,Samut Sakhon,department of highways,สะพานข้ามแม่น้ำท่าจีนฝั่งตะวันตก - นาโคก,4-wheel pickup truck,cutting in closely by people/vehicles/animals,rear-end collision,2,0,0,clear,13.52982852,100.2002504,straight road,no slope
6031884,2022-03-15T16:30:00Z,2022-04-04T10:11:00Z,กรุงเทพมหานคร,Bangkok,expressway authority of thailand,ดินแดง-ท่าเรือ,4-wheel pickup truck,other,rear-end collision,2,0,0,clear,NA,NA,straight road,other
6031890,2022-03-16T07:08:00Z,2022-04-04T10:12:00Z,กรุงเทพมหานคร,Bangkok,expressway authority of thailand,ดินแดง-ท่าเรือ,other,other,rear-end collision,3,0,0,clear,NA,NA,grade-separated intersection/ramps,other
6590917,2022-03-16T10:00:00Z,2022-07-22T09:36:00Z,ปทุมธานี,Pathum Thani,department of highways,ต่างระดับลาดหลุมแก้ว - แยกนพวงศ์,other,speeding,rollover/fallen on straight road,1,0,0,clear,14.02865359,100.3568163,straight road,no slope
7446920,2022-03-16T11:00:00Z,2022-12-09T09:38:00Z,กรุงเทพมหานคร,Bangkok,department of highways,ไม่ทราบ,motorcycle,speeding,rear-end collision,2,0,0,clear,13.83487062,100.5571974,straight road,no slope
6031892,2022-03-16T15:07:00Z,2022-04-04T10:13:00Z,กรุงเทพมหานคร,Bangkok,expressway authority of thailand,ดินแดง-ท่าเรือ,other,other,rear-end collision,2,0,0,clear,13.71719812,100.5552771,grade-separated intersection/ramps,other
6539065,2022-03-16T16:08:00Z,2022-07-12T13:59:00Z,กรุงเทพมหานคร,Bangkok,department of highways,ถนนศรีนครินทร - แขวงคลองสองต้นนุ่น,4-wheel pickup truck,speeding,rear-end collision,4,0,0,clear,13.73191511,100.7103771,straight road,no slope
5921784,2022-03-16T18:34:00Z,2022-03-16T19:47:00Z,กรุงเทพมหานคร,Bangkok,expressway authority of thailand,ดินแดง-ท่าเรือ,other,other,rear-end collision,5,0,1,clear,13.74415536,100.55018,straight road,other
6590892,2022-03-16T20:30:00Z,2022-07-22T09:31:00Z,สมุทรปราการ,Samut Prakan,department of highways,บางปู - บางพลี,private/passenger car,speeding,rollover/fallen on straight road,1,0,1,clear,13.6022562,100.6993988,other,other
6566169,2022-03-17T01:00:00Z,2022-03-18T09:14:00Z,นนทบุรี,Nonthaburi,department of rural roads,ถนนราชพฤกษ์,private/passenger car,cutting in closely by people/vehicles/animals,pedestrian collision,1,1,0,clear,13.803041,100.449885,straight road,no slope
7513188,2022-03-17T11:18:00Z,2022-12-27T19:10:00Z,กรุงเทพมหานคร,Bangkok,department of highways,ไม่ทราบ,private/passenger car,speeding,rear-end collision,3,0,0,clear,13.84521447,100.5602203,straight road,no slope
6539130,2022-03-17T12:00:00Z,2022-07-12T14:00:00Z,กรุงเทพมหานคร,Bangkok,department of highways,แขวงคลองสองต้นนุ่น - พิมพา,7-10-wheel truck,running red lights/traffic signals,other,1,0,0,clear,13.73244664,100.7860851,other,other
6539054,2022-03-17T13:20:00Z,2022-07-12T13:57:00Z,สมุทรปราการ,Samut Prakan,department of highways,แขวงรามอินทรา - บางพลี,7-10-wheel truck,speeding,rear-end collision,2,0,0,clear,13.65358723,100.6891635,straight road,no slope
6566191,2022-03-17T16:50:00Z,2022-03-24T13:26:00Z,นนทบุรี,Nonthaburi,department of rural roads,แยกทางหลวงหมายเลข 340 (กม.ที่ 32+150) - บ้านคลองบางหลวง,private/passenger car,speeding,other,2,1,0,clear,13.993366,100.38114,straight road,no slope
7438796,2022-03-17T19:00:00Z,2022-12-07T10:10:00Z,ปทุมธานี,Pathum Thani,department of highways,ไม่ทราบ,4-wheel pickup truck,running red lights/traffic signals,head-on collision (not overtaking),2,0,0,clear,14.11844869,100.5698025,other,other
6538746,2022-03-17T19:55:00Z,2022-07-12T13:27:00Z,สมุทรปราการ,Samut Prakan,department of highways,แขวงคลองสองต้นนุ่น - พิมพา,private/passenger car,speeding,rear-end collision,2,0,0,clear,13.64479564,100.8830765,straight road,no slope
5930534,2022-03-17T22:08:00Z,2022-03-18T02:45:00Z,สมุทรปราการ,Samut Prakan,expressway authority of thailand,บางพลี-สุขสวัสดิ์,large truck with trailer,other,rear-end collision,2,0,1,clear,13.630982,100.532855,grade-separated intersection/ramps,other
6538735,2022-03-17T22:48:00Z,2022-07-12T13:26:00Z,สมุทรปราการ,Samut Prakan,department of highways,แขวงคลองสองต้นนุ่น - พิมพา,4-wheel pickup truck,vehicle equipment failure,rollover/fallen on straight road,1,0,0,clear,13.62021499,100.9213489,straight road,no slope
5962840,2022-03-18T08:30:00Z,2022-03-23T11:30:00Z,ปทุมธานี,Pathum Thani,department of highways,บางปะอิน - แขวงรามอินทรา,4-wheel pickup truck,speeding,rollover/fallen on straight road,1,0,0,clear,13.96004126,100.7129842,straight road,no slope
5969028,2022-03-18T16:15:00Z,2022-03-24T11:40:00Z,กรุงเทพมหานคร,Bangkok,department of highways,ถนนศรีนครินทร - แขวงคลองสองต้นนุ่น,private/passenger car,speeding,rear-end collision,2,0,0,clear,13.73198546,100.7100096,straight road,no slope
6580062,2022-03-18T16:16:00Z,2022-07-20T14:26:00Z,สมุทรปราการ,Samut Prakan,department of highways,บางพลี - กิ่งแก้ว,private/passenger car,speeding,rollover/fallen on straight road,1,0,0,clear,13.6169226,100.7035026,straight road,no slope
5943521,2022-03-18T17:21:00Z,2022-03-20T09:10:00Z,กรุงเทพมหานคร,Bangkok,department of highways,ถนนศรีนครินทร - แขวงคลองสองต้นนุ่น,large truck with trailer,speeding,rear-end collision,2,0,0,clear,13.73194638,100.7101974,straight road,no slope
6538741,2022-03-18T18:03:00Z,2022-07-12T13:28:00Z,สมุทรปราการ,Samut Prakan,department of highways,แขวงคลองสองต้นนุ่น - พิมพา,private/passenger car,speeding,rear-end collision,2,0,0,clear,13.67236568,100.8402336,straight road,no slope
6538773,2022-03-18T18:54:00Z,2022-07-12T13:31:00Z,กรุงเทพมหานคร,Bangkok,department of highways,แขวงคลองสองต้นนุ่น - พิมพา,private/passenger car,speeding,rear-end collision,3,0,0,clear,13.7293304,100.736298,straight road,no slope
6031843,2022-03-18T18:55:00Z,2022-04-04T10:01:00Z,กรุงเทพมหานคร,Bangkok,expressway authority of thailand,รามอินทรา-อาจณรงค์,4-wheel pickup truck,other,rear-end collision,2,0,0,clear,13.778288,100.60723,straight road,other
6538770,2022-03-18T20:19:00Z,2022-07-12T13:32:00Z,กรุงเทพมหานคร,Bangkok,department of highways,แขวงคลองสองต้นนุ่น - พิมพา,private/passenger car,speeding,rear-end collision,4,0,0,clear,13.72979419,100.7554006,straight road,no slope
6538975,2022-03-18T21:06:00Z,2022-07-12T13:51:00Z,กรุงเทพมหานคร,Bangkok,department of highways,แขวงรามอินทรา - บางพลี,4-wheel pickup truck,speeding,rear-end collision,3,0,4,clear,13.81224326,100.6774717,straight road,no slope
5943718,2022-03-19T00:33:00Z,2022-03-20T09:58:00Z,กรุงเทพมหานคร,Bangkok,department of highways,ถนนศรีนครินทร - แขวงคลองสองต้นนุ่น,van,speeding,rear-end collision,2,0,0,clear,13.73460923,100.6856552,straight road,no slope
6538869,2022-03-19T05:30:00Z,2022-07-12T13:45:00Z,ปทุมธานี,Pathum Thani,department of highways,บางปะอิน - แขวงรามอินทรา,7-10-wheel truck,falling asleep,collision with obstruction (on road surface),2,1,0,clear,13.95185471,100.7125524,straight road,no slope
7446513,2022-03-19T10:30:00Z,2022-12-09T09:56:00Z,กรุงเทพมหานคร,Bangkok,department of highways,ไม่ทราบ,4-wheel pickup truck,speeding,rollover/fallen on straight road,1,0,1,clear,13.67912868,100.4067269,straight road,no slope
7518348,2022-03-19T16:53:00Z,2022-12-29T11:39:00Z,สมุทรปราการ,Samut Prakan,expressway authority of thailand,บางพลี-สุขสวัสดิ์,6-wheel truck,other,side collision,2,1,0,clear,13.632354,100.577381,straight road,other
6584539,2022-03-19T20:00:00Z,2022-07-21T08:43:00Z,กรุงเทพมหานคร,Bangkok,department of highways,ดินแดง - งามวงศ์วาน,private/passenger car,speeding,rollover/fallen on straight road,1,0,1,clear,13.82999586,100.5576038,other,other
6585232,2022-03-19T21:20:00Z,2022-07-21T11:09:00Z,ปทุมธานี,Pathum Thani,department of highways,สะพานข้ามแม่น้ำเจ้าพระยาปทุมธานี - ต่างระดับลาดหลุมแก้ว,4-wheel pickup truck,speeding,rollover/fallen on straight road,1,0,0,clear,14.04649106,100.465824,straight road,no slope
6538870,2022-03-19T22:09:00Z,2022-07-12T13:49:00Z,กรุงเทพมหานคร,Bangkok,department of highways,ถนนศรีนครินทร - แขวงคลองสองต้นนุ่น,private/passenger car,speeding,rollover/fallen on straight road,1,0,0,clear,13.73760815,100.6595278,straight road,no slope
5941827,2022-03-20T00:14:00Z,2022-03-20T00:59:00Z,กรุงเทพมหานคร,Bangkok,expressway authority of thailand,ดินแดง-ท่าเรือ,other,other,collision with obstruction (on road surface),1,0,1,rainy,13.72626288,100.5524935,straight road,other
6538879,2022-03-20T00:55:00Z,2022-07-12T13:48:00Z,กรุงเทพมหานคร,Bangkok,department of highways,แขวงรามอินทรา - บางพลี,private/passenger car,speeding,rear-end collision,3,0,0,clear,13.81459264,100.6768441,straight road,no slope
6584996,2022-03-20T03:50:00Z,2022-07-21T10:20:00Z,สมุทรปราการ,Samut Prakan,department of highways,บางนา - ทางเข้าท่าอากาศยานสุวรรณภูมิ,private/passenger car,falling asleep,rollover/fallen on straight road,1,0,0,clear,13.62513653,100.7289058,straight road,no slope
7446523,2022-03-20T05:30:00Z,2022-12-09T09:49:00Z,กรุงเทพมหานคร,Bangkok,department of highways,ไม่ทราบ,4-wheel pickup truck,speeding,rear-end collision,2,0,0,clear,13.69358965,100.4076978,straight road,no slope
6585185,2022-03-20T06:00:00Z,2022-07-21T10:59:00Z,สมุทรปราการ,Samut Prakan,department of highways,คู้บอน - ประเวศ,4-wheel pickup truck,falling asleep,rollover/fallen on straight road,1,0,1,clear,13.65523969,100.6907728,straight road,no slope
7567868,2022-03-20T06:00:00Z,2023-01-24T06:55:00Z,นครปฐม,Nakhon Pathom,department of highways,นครปฐม - หนองปลาไหล,7-10-wheel truck,speeding,rollover/fallen on straight road,2,0,0,clear,13.83001292,100.0360566,straight road,no slope
6146427,2022-03-20T06:40:00Z,2022-04-28T14:19:00Z,นครปฐม,Nakhon Pathom,department of highways,อ้อมน้อย - ศาลายา,4-wheel pickup truck,speeding,rollover/fallen on straight road,1,0,1,clear,13.72357201,100.2988699,straight road,no slope
6538818,2022-03-20T15:10:00Z,2022-07-12T13:41:00Z,กรุงเทพมหานคร,Bangkok,department of highways,แขวงรามอินทรา - บางพลี,private/passenger car,speeding,rear-end collision,3,0,0,rainy,13.73705058,100.7028535,straight road,no slope
6538716,2022-03-20T16:45:00Z,2022-07-12T13:24:00Z,ปทุมธานี,Pathum Thani,department of highways,บางปะอิน - แขวงรามอินทรา,4-wheel pickup truck,falling asleep,rollover/fallen on straight road,1,0,0,clear,13.96826134,100.7128715,straight road,no slope
6538820,2022-03-20T17:13:00Z,2022-07-12T13:40:00Z,กรุงเทพมหานคร,Bangkok,department of highways,ถนนศรีนครินทร - แขวงคลองสองต้นนุ่น,4-wheel pickup truck,speeding,rear-end collision,5,0,4,rainy,13.74132875,100.6427774,straight road,no slope
6584998,2022-03-20T18:28:00Z,2022-07-21T10:22:00Z,ปทุมธานี,Pathum Thani,department of highways,ลำลูกกา - คลอง 16,private/passenger car,driving under the influence of alcohol,rear-end collision,2,0,1,clear,13.94059872,100.7651237,straight road,no slope
7446317,2022-03-20T19:10:00Z,2022-12-09T09:52:00Z,กรุงเทพมหานคร,Bangkok,department of highways,ไม่ทราบ,private/passenger car,speeding,rear-end collision,2,0,1,clear,13.69360789,100.4075798,straight road,no slope
6032819,2022-03-20T20:57:00Z,2022-04-04T13:48:00Z,กรุงเทพมหานคร,Bangkok,expressway authority of thailand,แจ้งวัฒนะ-พญาไท,other,other,rear-end collision,2,0,0,clear,13.81235232,100.5500908,straight road,other
6590840,2022-03-20T23:30:00Z,2022-07-22T09:23:00Z,สมุทรปราการ,Samut Prakan,department of highways,ทางเข้าท่าอากาศยานสุวรรณภูมิ - บางวัว,private/passenger car,falling asleep,rollover/fallen on straight road,1,0,1,clear,13.60731368,100.7699811,straight road,no slope
6566178,2022-03-21T02:00:00Z,2022-03-22T13:36:00Z,นนทบุรี,Nonthaburi,department of rural roads,ถนนราชพฤกษ์,motorcycle,abrupt lane change,other,1,1,0,clear,13.838876,100.447321,y-intersection,other
6585101,2022-03-21T03:00:00Z,2022-07-21T10:43:00Z,สมุทรปราการ,Samut Prakan,department of highways,คลองพระยาสุเรนทร์ - ประเวศ,private/passenger car,speeding,rollover/fallen on straight road,1,0,2,clear,13.65747857,100.6921112,straight road,no slope
6538794,2022-03-21T06:56:00Z,2022-07-12T13:35:00Z,กรุงเทพมหานคร,Bangkok,department of highways,แขวงคลองสองต้นนุ่น - พิมพา,4-wheel pickup truck,falling asleep,rollover/fallen on curved road,1,0,0,rainy,13.73014333,100.7597807,wide curve,no slope
6538793,2022-03-21T08:51:00Z,2022-07-12T13:36:00Z,สมุทรปราการ,Samut Prakan,department of highways,แขวงคลองสองต้นนุ่น - พิมพา,4-wheel pickup truck,speeding,rear-end collision,2,0,0,clear,13.67088535,100.8425242,straight road,no slope
6566190,2022-03-21T09:46:00Z,2022-03-24T11:21:00Z,กรุงเทพมหานคร,Bangkok,department of rural roads,สะพานภูมิพลที่ 2 ไปสะพานภูมิพลที่ 1,4-wheel pickup truck,no road divider lines,other,2,0,1,clear,13.669058,100.538321,straight road,slope area
6015944,2022-03-21T10:25:00Z,2022-04-01T11:51:00Z,สมุทรปราการ,Samut Prakan,expressway authority of thailand,บางพลี-สุขสวัสดิ์,4-wheel pickup truck,other,rear-end collision,2,0,1,clear,13.628232,100.592495,straight road,other
5950580,2022-03-21T11:30:00Z,2022-03-21T14:00:00Z,นนทบุรี,Nonthaburi,expressway authority of thailand,แจ้งวัฒนะ-พญาไท,4-wheel pickup truck,other,rear-end collision,2,0,0,clear,13.86099586,100.5332869,straight road,other
7455191,2022-03-21T18:15:00Z,2022-12-13T08:39:00Z,กรุงเทพมหานคร,Bangkok,department of highways,ไม่ทราบ,private/passenger car,illegal overtaking,rear-end collision,2,0,1,clear,13.80787839,100.5598766,straight road,no slope
5956029,2022-03-22T02:30:00Z,2022-03-22T10:21:00Z,สมุทรปราการ,Samut Prakan,department of highways,บางตำหรุ - คลองด่าน,large truck with trailer,speeding,head-on collision (not overtaking),2,2,0,clear,13.5037963,100.8348477,other,other
7564972,2022-03-22T09:33:00Z,2023-01-20T06:44:00Z,กรุงเทพมหานคร,Bangkok,department of highways,บางนา - ทางเข้าท่าอากาศยานสุวรรณภูมิ,motorcycle,speeding,rear-end collision,2,0,2,clear,13.66750636,100.6337973,other,other
6538787,2022-03-22T10:01:00Z,2022-07-12T13:36:00Z,สมุทรปราการ,Samut Prakan,department of highways,แขวงคลองสองต้นนุ่น - พิมพา,private/passenger car,falling asleep,rollover/fallen on straight road,1,0,0,clear,13.66891243,100.8455872,straight road,no slope
6032825,2022-03-22T12:20:00Z,2022-04-04T13:49:00Z,กรุงเทพมหานคร,Bangkok,expressway authority of thailand,พญาไท-ศรีนครินทร์,6-wheel truck,other,rear-end collision,2,0,1,clear,13.76586755,100.5396574,straight road,other
7446444,2022-03-22T15:40:00Z,2022-12-09T09:55:00Z,กรุงเทพมหานคร,Bangkok,department of highways,ไม่ทราบ,private/passenger car,speeding,rear-end collision,2,0,0,clear,13.67910262,100.4069039,straight road,no slope
7446386,2022-03-22T17:00:00Z,2022-12-09T09:45:00Z,กรุงเทพมหานคร,Bangkok,department of highways,ไม่ทราบ,private/passenger car,cutting in closely by people/vehicles/animals,rear-end collision,2,0,1,clear,13.77196645,100.5523905,straight road,no slope
6566194,2022-03-22T19:43:00Z,2022-03-24T11:21:00Z,สมุทรปราการ,Samut Prakan,department of rural roads,สะพานภูมิพลที่ 2 ไปสะพานภูมิพลที่ 1,motorcycle,speeding,other,2,0,1,clear,13.652074,100.541039,straight road,slope area
7447022,2022-03-22T23:30:00Z,2022-12-09T09:26:00Z,กรุงเทพมหานคร,Bangkok,department of highways,ไม่ทราบ,private/passenger car,speeding,rear-end collision,3,0,0,clear,13.66596215,100.5163193,straight road,no slope
7446631,2022-03-23T01:00:00Z,2022-12-09T09:34:00Z,กรุงเทพมหานคร,Bangkok,department of highways,ไม่ทราบ,motorcycle,speeding,rollover/fallen on straight road,1,0,1,other,13.79798557,100.5608985,straight road,no slope
6590808,2022-03-23T05:00:00Z,2022-07-22T09:10:00Z,กรุงเทพมหานคร,Bangkok,department of highways,อุดมสุข - สมุทรปราการ,private/passenger car,speeding,rear-end collision,2,1,1,clear,13.66128123,100.6434855,other,other
6538240,2022-03-23T09:00:00Z,2022-07-12T11:29:00Z,กรุงเทพมหานคร,Bangkok,department of highways,แขวงรามอินทรา - บางพลี,other,speeding,rollover/fallen on straight road,1,0,0,clear,13.76440399,100.6946325,straight road,no slope
6538587,2022-03-23T09:00:00Z,2022-07-12T12:46:00Z,ปทุมธานี,Pathum Thani,department of highways,บางปะอิน - แขวงรามอินทรา,4-wheel pickup truck,speeding,rollover/fallen on straight road,1,0,0,clear,13.94823901,100.7123136,straight road,no slope
6538738,2022-03-23T09:33:00Z,2022-07-12T13:26:00Z,กรุงเทพมหานคร,Bangkok,department of highways,แขวงรามอินทรา - บางพลี,4-wheel pickup truck,speeding,rollover/fallen on straight road,1,0,1,clear,13.80815132,100.6785983,straight road,no slope
5969316,2022-03-23T10:25:00Z,2022-03-24T13:07:00Z,กรุงเทพมหานคร,Bangkok,department of highways,แขวงรามอินทรา - บางพลี,private/passenger car,speeding,rear-end collision,2,0,1,clear,13.77481146,100.6889087,straight road,no slope
7446854,2022-03-23T18:00:00Z,2022-12-09T09:37:00Z,กรุงเทพมหานคร,Bangkok,department of highways,ไม่ทราบ,other,speeding,rear-end collision,2,0,0,clear,13.78987642,100.5615629,straight road,no slope
6585267,2022-03-23T20:13:00Z,2022-07-21T11:18:00Z,ปทุมธานี,Pathum Thani,department of highways,สะพานคลองเปรม - สะพานข้ามแม่น้ำเจ้าพระยาปทุมธานี,large passenger vehicle,speeding,rollover/fallen on curved road,1,0,0,clear,14.00555521,100.5641001,wide curve,slope area
6585059,2022-03-23T22:20:00Z,2022-07-21T10:33:00Z,ปทุมธานี,Pathum Thani,department of highways,ต่างระดับรังสิต - วัดนาบุญ,private/passenger car,speeding,rollover/fallen on straight road,1,0,0,clear,13.99722454,100.6742719,straight road,no slope
6590792,2022-03-23T23:20:00Z,2022-07-22T09:06:00Z,กรุงเทพมหานคร,Bangkok,department of highways,อุดมสุข - สมุทรปราการ,private/passenger car,vehicle equipment failure,other,1,0,0,clear,13.65945158,100.6431797,straight road,no slope
7446180,2022-03-23T23:30:00Z,2022-12-09T09:20:00Z,สมุทรปราการ,Samut Prakan,department of highways,ไม่ทราบ,large truck with trailer,speeding,collision with obstruction (on road surface),1,0,0,clear,13.61820254,100.7439127,straight road,no slope
6538586,2022-03-24T07:15:00Z,2022-07-12T12:48:00Z,ปทุมธานี,Pathum Thani,department of highways,บางปะอิน - แขวงรามอินทรา,private/passenger car,speeding,rollover/fallen on straight road,1,0,0,clear,13.99414568,100.7108036,straight road,no slope
6538581,2022-03-24T11:00:00Z,2022-07-12T12:47:00Z,กรุงเทพมหานคร,Bangkok,department of highways,บางปะอิน - แขวงรามอินทรา,4-wheel pickup truck,speeding,rollover/fallen on straight road,1,0,0,rainy,13.82347944,100.6748164,straight road,no slope
6584556,2022-03-24T12:30:00Z,2022-07-21T08:45:00Z,ปทุมธานี,Pathum Thani,department of highways,ลำลูกกา - คลอง 16,4-wheel pickup truck,speeding,rollover/fallen on straight road,1,0,0,rainy,13.95766472,100.8594462,straight road,no slope
7557980,2022-03-24T16:00:00Z,2023-01-12T12:07:00Z,กรุงเทพมหานคร,Bangkok,department of highways,ถนนศรีนครินทร - แขวงคลองสองต้นนุ่น,other,speeding,rollover/fallen on curved road,1,0,0,clear,13.74145902,100.641109,other,other
5987416,2022-03-24T16:10:00Z,2022-03-27T12:49:00Z,กรุงเทพมหานคร,Bangkok,department of highways,ถนนศรีนครินทร - แขวงคลองสองต้นนุ่น,private/passenger car,speeding,rear-end collision,2,0,0,clear,13.73312408,100.6996509,other,other
7446837,2022-03-24T22:40:00Z,2022-12-09T09:54:00Z,กรุงเทพมหานคร,Bangkok,department of highways,ไม่ทราบ,private/passenger car,speeding,rear-end collision,2,0,1,clear,13.68784602,100.4069549,straight road,no slope
6031822,2022-03-25T05:30:00Z,2022-04-04T09:56:00Z,สมุทรปราการ,Samut Prakan,expressway authority of thailand,บางนา-ชลบุรี,4-wheel pickup truck,other,rear-end collision,2,0,0,clear,13.621487,100.736491,straight road,other
6009337,2022-03-25T07:50:00Z,2022-03-31T08:25:00Z,กรุงเทพมหานคร,Bangkok,department of highways,บางปะอิน - แขวงรามอินทรา,van,speeding,rear-end collision,2,0,1,clear,13.85841128,100.6759617,straight road,no slope
5975177,2022-03-25T08:00:00Z,2022-03-25T09:54:00Z,สมุทรปราการ,Samut Prakan,department of highways,บางตำหรุ - คลองด่าน,private/passenger car,speeding,rear-end collision,2,1,0,clear,13.50835254,100.7194188,straight road,no slope
6538558,2022-03-25T08:06:00Z,2022-07-12T12:44:00Z,ปทุมธานี,Pathum Thani,department of highways,บางปะอิน - แขวงรามอินทรา,large truck with trailer,speeding,rollover/fallen on straight road,1,0,0,clear,13.9800938,100.7133221,straight road,no slope
6031814,2022-03-25T08:30:00Z,2022-04-04T09:54:00Z,สมุทรปราการ,Samut Prakan,expressway authority of thailand,บางพลี-สุขสวัสดิ์,4-wheel pickup truck,other,rear-end collision,2,0,0,rainy,13.61262,100.658905,straight road,other
5987496,2022-03-25T10:34:00Z,2022-03-27T13:05:00Z,กรุงเทพมหานคร,Bangkok,department of highways,ถนนศรีนครินทร - แขวงคลองสองต้นนุ่น,private/passenger car,speeding,rear-end collision,4,0,0,rainy,13.73372335,100.6932807,straight road,no slope
7446722,2022-03-25T14:00:00Z,2022-12-09T09:35:00Z,กรุงเทพมหานคร,Bangkok,department of highways,ไม่ทราบ,private/passenger car,illegal overtaking,rear-end collision,3,0,0,clear,13.78514357,100.5597704,straight road,no slope
6538641,2022-03-25T14:49:00Z,2022-07-12T13:03:00Z,กรุงเทพมหานคร,Bangkok,department of highways,แขวงคลองสองต้นนุ่น - พิมพา,private/passenger car,speeding,rear-end collision,3,0,0,clear,13.73062536,100.7209128,straight road,no slope
6033113,2022-03-25T18:19:00Z,2022-04-04T14:40:00Z,กรุงเทพมหานคร,Bangkok,expressway authority of thailand,แจ้งวัฒนะ-พญาไท,other,other,rear-end collision,3,0,0,clear,NA,NA,straight road,other
6538683,2022-03-25T20:49:00Z,2022-07-12T13:10:00Z,กรุงเทพมหานคร,Bangkok,department of highways,แขวงรามอินทรา - บางพลี,private/passenger car,speeding,rear-end collision,2,0,0,clear,13.79994899,100.6809586,straight road,no slope
5979775,2022-03-26T01:44:00Z,2022-03-26T02:47:00Z,กรุงเทพมหานคร,Bangkok,expressway authority of thailand,พญาไท-ศรีนครินทร์,other,other,rear-end collision,2,0,1,clear,13.75338992,100.5638621,y-intersection,other
7446212,2022-03-26T03:00:00Z,2022-12-09T09:23:00Z,ปทุมธานี,Pathum Thani,department of highways,ไม่ทราบ,6-wheel truck,falling asleep,rear-end collision,3,0,0,clear,14.08335855,100.570752,straight road,no slope
7446146,2022-03-26T09:30:00Z,2022-12-09T09:46:00Z,กรุงเทพมหานคร,Bangkok,department of highways,ไม่ทราบ,private/passenger car,speeding,rear-end collision,2,0,1,clear,13.82496602,100.5581499,straight road,no slope
6238636,2022-03-26T12:30:00Z,2022-05-20T09:56:00Z,สมุทรสาคร,Samut Sakhon,department of highways,นาโคก - แพรกหนามแดง,motorcycle,speeding,rear-end collision,2,0,1,clear,13.44720518,100.0759783,straight road,no slope
6538660,2022-03-26T16:23:00Z,2022-07-12T13:06:00Z,กรุงเทพมหานคร,Bangkok,department of highways,แขวงคลองสองต้นนุ่น - พิมพา,4-wheel pickup truck,speeding,rear-end collision,3,0,0,clear,13.73121422,100.715484,straight road,no slope
5987681,2022-03-26T17:44:00Z,2022-03-27T13:51:00Z,กรุงเทพมหานคร,Bangkok,department of highways,ถนนศรีนครินทร - แขวงคลองสองต้นนุ่น,6-wheel truck,speeding,rear-end collision,2,0,0,clear,13.73236847,100.7077727,straight road,no slope
6782629,2022-03-26T19:15:00Z,2022-08-25T09:05:00Z,ปทุมธานี,Pathum Thani,department of highways,คลองบางหลวง - ต่างระดับเชียงรากน้อย,large truck with trailer,speeding,rollover/fallen on straight road,1,0,0,rainy,14.07997386,100.5020687,straight road,no slope
7564970,2022-03-26T20:00:00Z,2023-01-20T06:43:00Z,กรุงเทพมหานคร,Bangkok,department of highways,บางนา - ทางเข้าท่าอากาศยานสุวรรณภูมิ,motorcycle,speeding,rear-end collision,2,0,1,clear,13.6658162,100.6461704,other,other
7331293,2022-03-27T02:00:00Z,2022-09-14T09:33:00Z,สมุทรปราการ,Samut Prakan,department of highways,ทางเข้าท่าอากาศยานสุวรรณภูมิ - บางวัว,large truck with trailer,speeding,rear-end collision,2,1,0,clear,13.57860712,100.8810514,straight road,no slope
6015764,2022-03-27T03:30:00Z,2022-04-01T11:12:00Z,กรุงเทพมหานคร,Bangkok,expressway authority of thailand,รามอินทรา-อาจณรงค์,large truck with trailer,other,rear-end collision,2,0,0,clear,13.803698,100.616663,straight road,other
6538665,2022-03-27T11:34:00Z,2022-07-12T13:06:00Z,กรุงเทพมหานคร,Bangkok,department of highways,แขวงคลองสองต้นนุ่น - พิมพา,private/passenger car,speeding,rollover/fallen on straight road,1,0,0,clear,13.72965349,100.749945,straight road,no slope
5988043,2022-03-27T14:49:00Z,2022-03-27T15:17:00Z,กรุงเทพมหานคร,Bangkok,expressway authority of thailand,ดาวคะนอง-ท่าเรือ,other,other,rear-end collision,2,0,0,clear,13.68787284,100.5217929,straight road,other
6242153,2022-03-27T19:00:00Z,2022-05-24T10:20:00Z,นครปฐม,Nakhon Pathom,department of highways,อ้อมใหญ่ - นครชัยศรี,private/passenger car,speeding,rollover/fallen on curved road,1,0,0,clear,13.74119848,100.2397325,wide curve,no slope
6538662,2022-03-27T19:12:00Z,2022-07-12T13:07:00Z,สมุทรปราการ,Samut Prakan,department of highways,แขวงคลองสองต้นนุ่น - พิมพา,private/passenger car,speeding,rear-end collision,3,0,0,clear,13.66644952,100.8494094,straight road,no slope
6009387,2022-03-27T22:24:00Z,2022-03-31T08:51:00Z,ปทุมธานี,Pathum Thani,department of highways,บางปะอิน - แขวงรามอินทรา,4-wheel pickup truck,speeding,rear-end collision,2,0,0,clear,13.96097052,100.7127508,straight road,no slope
6080991,2022-03-28T01:10:00Z,2022-04-12T14:48:00Z,นนทบุรี,Nonthaburi,department of highways,ปากเกร็ด -  คลองประปา,private/passenger car,speeding,rollover/fallen on straight road,1,0,0,clear,13.90665821,100.5133554,straight road,no slope
6782613,2022-03-28T03:40:00Z,2022-08-25T09:05:00Z,ปทุมธานี,Pathum Thani,department of highways,เทคโนโลยีปทุมธานี - ต่างระดับเชียงรากน้อย,large truck with trailer,falling asleep,rollover/fallen on straight road,1,0,2,clear,14.10818156,100.5701297,straight road,no slope
5992835,2022-03-28T10:13:00Z,2022-03-28T12:35:00Z,สมุทรปราการ,Samut Prakan,expressway authority of thailand,บางนา-ชลบุรี,4-wheel pickup truck,other,rear-end collision,3,0,0,clear,13.61013,100.762677,y-intersection,other
6003858,2022-03-28T12:40:00Z,2022-03-30T09:48:00Z,กรุงเทพมหานคร,Bangkok,department of highways,ถนนศรีนครินทร - แขวงคลองสองต้นนุ่น,private/passenger car,speeding,rear-end collision,2,0,0,clear,13.73151125,100.7136279,straight road,no slope
5993428,2022-03-28T14:15:00Z,2022-03-28T14:55:00Z,กรุงเทพมหานคร,Bangkok,expressway authority of thailand,รามอินทรา-อาจณรงค์,4-wheel pickup truck,other,rear-end collision,2,0,2,clear,13.802777,100.616013,straight road,other
6009523,2022-03-28T14:37:00Z,2022-03-31T09:33:00Z,ปทุมธานี,Pathum Thani,department of highways,บางปะอิน - แขวงรามอินทรา,private/passenger car,speeding,rear-end collision,3,0,2,clear,14.12837461,100.6709218,straight road,no slope
6538663,2022-03-28T16:38:00Z,2022-07-12T13:08:00Z,กรุงเทพมหานคร,Bangkok,department of highways,แขวงคลองสองต้นนุ่น - พิมพา,4-wheel pickup truck,overloaded vehicle,other,1,0,0,clear,13.73244664,100.7860851,straight road,no slope
6242154,2022-03-28T23:50:00Z,2022-05-24T10:22:00Z,กรุงเทพมหานคร,Bangkok,department of highways,มหาวิทยาลัยเกษตรศาสตร์ - คันนายาว,van,speeding,rollover/fallen on straight road,1,0,1,clear,13.82994898,100.6226688,other,other
5996871,2022-03-29T04:09:00Z,2022-03-29T05:06:00Z,กรุงเทพมหานคร,Bangkok,expressway authority of thailand,แจ้งวัฒนะ-พญาไท,other,other,collision with obstruction (on road surface),1,0,1,clear,13.84281473,100.5338762,wide curve,other
5997349,2022-03-29T05:33:00Z,2022-03-29T07:15:00Z,สมุทรปราการ,Samut Prakan,expressway authority of thailand,บางพลี-สุขสวัสดิ์,large truck with trailer,other,rear-end collision,2,0,1,clear,13.615367000000001,100.66066,straight road,other
6006152,2022-03-29T07:30:00Z,2022-03-30T18:35:00Z,ปทุมธานี,Pathum Thani,department of highways,บางปะอิน - แขวงรามอินทรา,large truck with trailer,speeding,rollover/fallen on straight road,1,0,0,clear,13.99581654,100.7101706,straight road,no slope
6003961,2022-03-29T07:46:00Z,2022-03-30T10:12:00Z,กรุงเทพมหานคร,Bangkok,department of highways,ถนนศรีนครินทร - แขวงคลองสองต้นนุ่น,van,speeding,rear-end collision,2,0,0,clear,13.73738408,100.6594419,straight road,no slope
6591417,2022-03-29T13:00:00Z,2022-07-22T11:24:00Z,นนทบุรี,Nonthaburi,department of highways,คลองบางไผ่ - คลองบางหลวง,7-10-wheel truck,speeding,rollover/fallen on straight road,1,0,0,clear,13.96752993,100.4323071,straight road,no slope
7567899,2022-03-29T13:30:00Z,2023-01-24T07:21:00Z,สมุทรสาคร,Samut Sakhon,department of highways,บ้านบ่อ - พระประโทน,4-wheel pickup truck,speeding,head-on collision (not overtaking),2,0,0,clear,13.63215374,100.0937399,other,other
6032840,2022-03-29T16:40:00Z,2022-04-04T13:51:00Z,กรุงเทพมหานคร,Bangkok,expressway authority of thailand,พญาไท-ศรีนครินทร์,other,other,rear-end collision,3,0,0,clear,13.76277293,100.5441376,wide curve,other
6033114,2022-03-29T18:00:00Z,2022-04-04T14:41:00Z,กรุงเทพมหานคร,Bangkok,expressway authority of thailand,แจ้งวัฒนะ-พญาไท,other,other,collision with obstruction (on road surface),1,0,1,clear,NA,NA,straight road,other
6538639,2022-03-29T18:22:00Z,2022-07-12T13:01:00Z,กรุงเทพมหานคร,Bangkok,department of highways,แขวงรามอินทรา - บางพลี,private/passenger car,speeding,rear-end collision,2,0,1,clear,13.73693594,100.7028964,straight road,no slope
6538638,2022-03-29T19:29:00Z,2022-07-12T13:00:00Z,กรุงเทพมหานคร,Bangkok,department of highways,ถนนศรีนครินทร - แขวงคลองสองต้นนุ่น,4-wheel pickup truck,speeding,rear-end collision,4,0,1,clear,13.73155294,100.7133329,straight road,no slope
6023474,2022-03-29T21:30:00Z,2022-04-02T18:49:00Z,กรุงเทพมหานคร,Bangkok,department of highways,บางปะอิน - แขวงรามอินทรา,4-wheel pickup truck,speeding,rollover/fallen on straight road,1,0,5,clear,13.83002191,100.6743684,straight road,no slope
6585078,2022-03-30T03:30:00Z,2022-07-21T10:39:00Z,กรุงเทพมหานคร,Bangkok,department of highways,งามวงศ์วาน - ดอนเมือง,4-wheel pickup truck,speeding,rollover/fallen on straight road,1,0,1,clear,13.91937119,100.601128,straight road,no slope
6538245,2022-03-30T08:51:00Z,2022-07-12T11:26:00Z,สมุทรปราการ,Samut Prakan,department of highways,แขวงคลองสองต้นนุ่น - พิมพา,private/passenger car,vehicle equipment failure,other,1,0,0,clear,13.61873954,100.9236422,straight road,no slope
6538243,2022-03-30T09:55:00Z,2022-07-12T11:27:00Z,สมุทรปราการ,Samut Prakan,department of highways,แขวงคลองสองต้นนุ่น - พิมพา,private/passenger car,speeding,rollover/fallen on straight road,1,0,0,clear,13.67088535,100.8425242,straight road,no slope
6004341,2022-03-30T10:00:00Z,2022-03-30T11:42:00Z,กรุงเทพมหานคร,Bangkok,department of highways,แขวงรามอินทรา - บางพลี,private/passenger car,speeding,rear-end collision,3,0,4,clear,13.77118778,100.6907058,straight road,no slope
6005614,2022-03-30T13:10:00Z,2022-03-30T16:20:00Z,กรุงเทพมหานคร,Bangkok,department of highways,แขวงรามอินทรา - บางพลี,7-10-wheel truck,speeding,rear-end collision,2,0,4,clear,13.77126593,100.6906763,straight road,no slope
6538241,2022-03-30T16:23:00Z,2022-07-12T11:28:00Z,กรุงเทพมหานคร,Bangkok,department of highways,แขวงคลองสองต้นนุ่น - พิมพา,private/passenger car,speeding,rollover/fallen on straight road,1,0,0,clear,13.71234145,100.8190012,straight road,no slope
6032844,2022-03-30T21:00:00Z,2022-04-04T13:52:00Z,กรุงเทพมหานคร,Bangkok,expressway authority of thailand,แจ้งวัฒนะ-พญาไท,other,other,other,1,0,1,clear,NA,NA,other,other
6566203,2022-03-30T22:00:00Z,2022-04-01T09:49:00Z,กรุงเทพมหานคร,Bangkok,department of rural roads,สะพานภูมิพลที่ 1 ไปสะพานภูมิพลที่ 2,motorcycle,unfamiliarity with the route/unskilled driving,other,2,0,1,clear,13.672136,100.538771,straight road,slope area
6009627,2022-03-30T23:23:00Z,2022-03-31T09:57:00Z,ปทุมธานี,Pathum Thani,department of highways,บางปะอิน - แขวงรามอินทรา,large truck with trailer,speeding,rear-end collision,2,0,0,clear,13.95822176,100.7126838,straight road,no slope
6011288,2022-03-30T23:45:00Z,2022-03-31T16:25:00Z,สมุทรปราการ,Samut Prakan,department of highways,บางปู - บางพลี,motorcycle,speeding,pedestrian collision,1,1,0,clear,13.59034462,100.6980631,straight road,no slope
6585294,2022-03-31T00:10:00Z,2022-07-21T11:20:00Z,นนทบุรี,Nonthaburi,department of highways,บางบัวทอง - ไทรน้อย,private/passenger car,speeding,rollover/fallen on straight road,2,0,1,clear,13.92703561,100.4104069,straight road,no slope
6009782,2022-03-31T00:15:00Z,2022-03-31T10:38:00Z,กรุงเทพมหานคร,Bangkok,department of highways,บางปะอิน - แขวงรามอินทรา,7-10-wheel truck,speeding,rear-end collision,2,0,1,clear,13.90631714,100.6976554,straight road,no slope
6566202,2022-03-31T05:00:00Z,2022-04-01T09:49:00Z,นนทบุรี,Nonthaburi,department of rural roads,ถนนราชพฤกษ์,large truck with trailer,falling asleep,other,1,1,2,clear,13.917567,100.451459,straight road,no slope
6566205,2022-03-31T07:00:00Z,2022-04-01T09:51:00Z,กรุงเทพมหานคร,Bangkok,department of rural roads,สะพานภูมิพลที่ 2 ไปสะพานภูมิพลที่ 1,7-10-wheel truck,brake/anti-lock brake system failure,other,1,0,0,clear,13.685499,100.544918,straight road,slope area
7446159,2022-03-31T07:30:00Z,2022-12-09T09:47:00Z,กรุงเทพมหานคร,Bangkok,department of highways,ไม่ทราบ,4-wheel pickup truck,speeding,rear-end collision,2,0,0,clear,13.70613184,100.4064453,straight road,no slope
6537444,2022-03-31T08:47:00Z,2022-07-12T08:15:00Z,กรุงเทพมหานคร,Bangkok,department of highways,แขวงรามอินทรา - บางพลี,large truck with trailer,speeding,rear-end collision,3,0,0,clear,13.72271736,100.7011208,other,other
6032883,2022-03-31T10:13:00Z,2022-04-04T13:59:00Z,กรุงเทพมหานคร,Bangkok,expressway authority of thailand,หมอชิต-กาญจนาฯ,other,other,side collision,0,0,1,clear,13.821571,100.536621,straight road,other
6585298,2022-03-31T14:00:00Z,2022-07-21T11:24:00Z,สมุทรปราการ,Samut Prakan,department of highways,บางปู - บางพลี,large truck with trailer,vehicle equipment failure,collision with obstruction (on road surface),1,0,0,clear,13.53851746,100.6892279,straight road,no slope
7446527,2022-03-31T19:10:00Z,2022-12-09T09:57:00Z,กรุงเทพมหานคร,Bangkok,department of highways,ไม่ทราบ,private/passenger car,speeding,rear-end collision,2,0,1,clear,13.67607428,100.4067027,straight road,no slope
7565205,2022-04-01T04:00:00Z,2023-01-20T09:22:00Z,นนทบุรี,Nonthaburi,department of highways,คลองมหาสวัสดิ์ - คลองบางไผ่,large truck with trailer,speeding,rollover/fallen on straight road,1,0,0,clear,13.83688974,100.4135129,other,other
6680150,2022-04-01T07:23:00Z,2022-08-08T10:12:00Z,กรุงเทพมหานคร,Bangkok,department of highways,แขวงคลองสองต้นนุ่น - พิมพา,4-wheel pickup truck,vehicle equipment failure,rollover/fallen on straight road,1,0,0,clear,13.72924962,100.7335701,straight road,no slope
6531232,2022-04-01T09:10:00Z,2022-07-11T08:41:00Z,นครปฐม,Nakhon Pathom,department of highways,พุทธมณฑลสาย 4 - นครชัยศรี,4-wheel pickup truck,speeding,rear-end collision,2,0,1,clear,13.78103748,100.2374554,straight road,no slope
6148932,2022-04-01T11:56:00Z,2022-05-04T14:17:00Z,กรุงเทพมหานคร,Bangkok,expressway authority of thailand,พญาไท-ศรีนครินทร์,other,other,rear-end collision,4,0,0,clear,NA,NA,straight road,other
6681001,2022-04-01T17:50:00Z,2022-08-08T13:31:00Z,กรุงเทพมหานคร,Bangkok,department of highways,บางปะอิน - แขวงรามอินทรา,6-wheel truck,speeding,rear-end collision,2,1,0,clear,13.90053449,100.6950188,straight road,no slope
6018091,2022-04-01T20:01:00Z,2022-04-01T20:42:00Z,สมุทรปราการ,Samut Prakan,expressway authority of thailand,บางพลี-สุขสวัสดิ์,other,other,side collision,2,0,0,clear,13.632193,100.578315,straight road,other
6566213,2022-04-01T20:59:00Z,2022-04-04T10:40:00Z,กรุงเทพมหานคร,Bangkok,department of rural roads,สะพานภูมิพลที่ 1 ไปสะพานภูมิพลที่ 2,motorcycle,speeding,other,2,0,1,clear,13.670768,100.538634,straight road,slope area
6681003,2022-04-02T11:48:00Z,2022-08-08T13:34:00Z,กรุงเทพมหานคร,Bangkok,department of highways,ถนนศรีนครินทร - แขวงคลองสองต้นนุ่น,private/passenger car,speeding,rear-end collision,3,0,0,clear,13.73329604,100.6973764,straight road,no slope
6032925,2022-04-02T13:18:00Z,2022-04-04T14:08:00Z,ปทุมธานี,Pathum Thani,department of highways,บางปะอิน - แขวงรามอินทรา,6-wheel truck,speeding,rear-end collision,2,0,0,clear,13.94652354,100.7116565,straight road,no slope
6566215,2022-04-02T13:30:00Z,2022-04-04T10:41:00Z,กรุงเทพมหานคร,Bangkok,department of rural roads,สะพานภูมิพลที่ 1 ไปสะพานภูมิพลที่ 2,4-wheel pickup truck,speeding,other,2,0,1,clear,13.671125,100.538667,straight road,slope area
6022694,2022-04-02T14:14:00Z,2022-04-02T15:16:00Z,กรุงเทพมหานคร,Bangkok,expressway authority of thailand,อาจณรงค์-บางนา,4-wheel pickup truck,other,rear-end collision,2,0,4,clear,13.678358,100.603695,wide curve,other
6149077,2022-04-02T17:00:00Z,2022-05-05T10:24:00Z,ปทุมธานี,Pathum Thani,department of highways,วัดนาบุญ - คลอง 14,large truck with trailer,speeding,rollover/fallen on straight road,1,0,0,clear,14.04997772,100.8160293,straight road,no slope
6028829,2022-04-03T01:04:00Z,2022-04-03T20:17:00Z,กรุงเทพมหานคร,Bangkok,expressway authority of thailand,ดาวคะนอง-ท่าเรือ,other,other,collision with obstruction (on road surface),1,0,1,clear,NA,NA,merge lane,other
6680537,2022-04-03T08:13:00Z,2022-08-08T11:48:00Z,ปทุมธานี,Pathum Thani,department of highways,บางปะอิน - แขวงรามอินทรา,4-wheel pickup truck,speeding,rollover/fallen on straight road,1,0,0,clear,14.01506705,100.7017135,straight road,no slope
6026649,2022-04-03T09:02:00Z,2022-04-03T10:30:00Z,กรุงเทพมหานคร,Bangkok,expressway authority of thailand,พญาไท-ศรีนครินทร์,van,other,rear-end collision,4,0,0,rainy,NA,NA,y-intersection,other
6680527,2022-04-03T09:20:00Z,2022-08-08T11:41:00Z,กรุงเทพมหานคร,Bangkok,department of highways,บางปะอิน - แขวงรามอินทรา,4-wheel pickup truck,speeding,rollover/fallen on straight road,1,0,0,clear,13.82894887,100.6740814,straight road,no slope
6680142,2022-04-03T10:06:00Z,2022-08-08T10:10:00Z,สมุทรปราการ,Samut Prakan,department of highways,แขวงคลองสองต้นนุ่น - พิมพา,private/passenger car,speeding,rollover/fallen on straight road,1,0,0,clear,13.65807282,100.8624127,straight road,no slope
6902658,2022-04-03T12:50:00Z,2022-09-14T09:31:00Z,สมุทรปราการ,Samut Prakan,department of highways,บางนา - ทางเข้าท่าอากาศยานสุวรรณภูมิ,private/passenger car,falling asleep,rollover/fallen on straight road,1,0,0,clear,13.66149495,100.6608689,straight road,no slope
7434199,2022-04-04T00:30:00Z,2022-12-06T10:12:00Z,นครปฐม,Nakhon Pathom,department of highways,ไม่ทราบ,4-wheel pickup truck,falling asleep,rollover/fallen on straight road,1,0,0,clear,13.75185449,100.1975253,other,other
6032274,2022-04-04T00:48:00Z,2022-04-04T11:32:00Z,นนทบุรี,Nonthaburi,expressway authority of thailand,บางปะอิน-แจ้งวัฒนะ,large truck with trailer,other,rear-end collision,2,0,1,clear,13.910951,100.544533,straight road,other
6950188,2022-04-04T03:30:00Z,2022-09-21T10:52:00Z,นนทบุรี,Nonthaburi,department of highways,คลองบางไผ่ - คลองบางหลวง,private/passenger car,speeding,rollover/fallen on straight road,1,1,0,clear,13.91426578,100.409849,straight road,no slope
7565191,2022-04-04T03:45:00Z,2023-01-20T09:17:00Z,นนทบุรี,Nonthaburi,department of highways,คลองบางไผ่ - คลองบางหลวง,7-10-wheel truck,speeding,rollover/fallen on straight road,1,0,1,clear,13.9750496,100.4363358,straight road,no slope
6566217,2022-04-04T05:57:00Z,2022-04-06T07:40:00Z,สมุทรปราการ,Samut Prakan,department of rural roads,ทางออกจากถนนวงแหวนอุตสาหกรรมสู่ถนนสุขสวัสดิ์,passenger pickup truck,falling asleep,other,1,0,1,clear,13.664527,100.519022,straight road,no slope
6138820,2022-04-04T06:53:00Z,2022-04-22T08:40:00Z,สมุทรปราการ,Samut Prakan,expressway authority of thailand,บางพลี-สุขสวัสดิ์,other,other,side collision,3,0,4,clear,13.638748,100.554405,merge lane,other
6149057,2022-04-04T07:02:00Z,2022-05-05T09:37:00Z,สมุทรปราการ,Samut Prakan,expressway authority of thailand,บางพลี-สุขสวัสดิ์,other,other,rear-end collision,6,0,0,clear,13.632387,100.57555,straight road,other
6031904,2022-04-04T07:35:00Z,2022-04-04T10:18:00Z,กรุงเทพมหานคร,Bangkok,department of highways,แขวงรามอินทรา - บางพลี,7-10-wheel truck,speeding,rear-end collision,3,0,0,clear,13.74251422,100.7028079,straight road,no slope
6681004,2022-04-04T07:40:00Z,2022-08-08T13:32:00Z,กรุงเทพมหานคร,Bangkok,department of highways,แขวงรามอินทรา - บางพลี,4-wheel pickup truck,speeding,rear-end collision,3,0,0,clear,13.69004029,100.6993854,straight road,no slope
6681006,2022-04-04T09:30:00Z,2022-08-08T13:30:00Z,กรุงเทพมหานคร,Bangkok,department of highways,แขวงรามอินทรา - บางพลี,private/passenger car,speeding,rear-end collision,3,0,0,clear,13.6883542,100.6993961,straight road,no slope
6032453,2022-04-04T11:13:00Z,2022-04-04T12:09:00Z,กรุงเทพมหานคร,Bangkok,expressway authority of thailand,รามอินทรา-อาจณรงค์,other,other,other,1,0,1,clear,NA,NA,wide curve,other
6680148,2022-04-04T11:55:00Z,2022-08-08T10:13:00Z,กรุงเทพมหานคร,Bangkok,department of highways,แขวงคลองสองต้นนุ่น - พิมพา,4-wheel pickup truck,speeding,rear-end collision,2,0,0,clear,13.73121422,100.715484,straight road,no slope
6680147,2022-04-04T12:37:00Z,2022-08-08T10:14:00Z,สมุทรปราการ,Samut Prakan,department of highways,แขวงคลองสองต้นนุ่น - พิมพา,4-wheel pickup truck,vehicle equipment failure,rollover/fallen on straight road,1,0,0,clear,13.65020669,100.8746543,straight road,no slope
6034524,2022-04-04T14:47:00Z,2022-04-04T20:14:00Z,กรุงเทพมหานคร,Bangkok,expressway authority of thailand,แจ้งวัฒนะ-พญาไท,other,other,collision with obstruction (on road surface),1,0,0,clear,NA,NA,other,other
6033777,2022-04-04T16:02:00Z,2022-04-04T16:52:00Z,กรุงเทพมหานคร,Bangkok,expressway authority of thailand,ดินแดง-ท่าเรือ,other,other,side collision,2,0,1,clear,NA,NA,straight road,other
6033798,2022-04-04T16:35:00Z,2022-04-04T16:58:00Z,กรุงเทพมหานคร,Bangkok,expressway authority of thailand,ดินแดง-ท่าเรือ,other,other,rear-end collision,3,0,0,clear,NA,NA,straight road,other
6680169,2022-04-04T17:32:00Z,2022-08-08T10:15:00Z,กรุงเทพมหานคร,Bangkok,department of highways,แขวงคลองสองต้นนุ่น - พิมพา,4-wheel pickup truck,speeding,rollover/fallen on straight road,1,0,0,clear,13.73042995,100.7227233,straight road,no slope
6680521,2022-04-04T21:35:00Z,2022-08-08T11:37:00Z,ปทุมธานี,Pathum Thani,department of highways,บางปะอิน - แขวงรามอินทรา,private/passenger car,speeding,rear-end collision,3,0,1,clear,13.93151595,100.7077244,straight road,no slope
7553834,2022-04-05T08:25:00Z,2023-01-07T16:00:00Z,กรุงเทพมหานคร,Bangkok,department of highways,ดินแดง - งามวงศ์วาน,motorcycle,inadequate visibility,rear-end collision,2,0,1,clear,13.81417875,100.5592636,wide curve,slope area
6149058,2022-04-05T12:27:00Z,2022-05-05T09:37:00Z,กรุงเทพมหานคร,Bangkok,expressway authority of thailand,แจ้งวัฒนะ-พญาไท,other,other,collision with obstruction (on road surface),1,0,0,clear,NA,NA,wide curve,other
6680193,2022-04-05T13:44:00Z,2022-08-08T10:22:00Z,กรุงเทพมหานคร,Bangkok,department of highways,แขวงคลองสองต้นนุ่น - พิมพา,private/passenger car,speeding,rollover/fallen on straight road,1,0,0,clear,13.72986975,100.7572111,straight road,no slope
6148935,2022-04-05T14:15:00Z,2022-05-04T15:36:00Z,กรุงเทพมหานคร,Bangkok,expressway authority of thailand,พญาไท-ศรีนครินทร์,4-wheel pickup truck,other,rear-end collision,3,0,0,clear,13.76459488,100.5409791,straight road,other
6038756,2022-04-05T14:23:00Z,2022-04-05T15:30:00Z,กรุงเทพมหานคร,Bangkok,expressway authority of thailand,ดาวคะนอง-ท่าเรือ,4-wheel pickup truck,other,rollover/fallen on straight road,3,0,0,clear,13.69592009,100.5359159,straight road,other
6680190,2022-04-05T17:19:00Z,2022-08-08T10:23:00Z,กรุงเทพมหานคร,Bangkok,department of highways,แขวงคลองสองต้นนุ่น - พิมพา,private/passenger car,speeding,rear-end collision,2,0,0,clear,13.72986975,100.7572138,straight road,no slope
7047734,2022-04-05T18:30:00Z,2022-10-06T11:21:00Z,กรุงเทพมหานคร,Bangkok,department of highways,บางแค - คลองมหาสวัสดิ์,4-wheel pickup truck,speeding,rear-end collision,2,0,1,clear,13.6830196,100.4066169,straight road,no slope
7565064,2022-04-05T21:00:00Z,2023-01-20T08:33:00Z,ปทุมธานี,Pathum Thani,department of highways,บางคูวัด - บางพูน,4-wheel pickup truck,speeding,rear-end collision,2,0,0,clear,13.96671782,100.5438656,wide curve,no slope
6680427,2022-04-05T23:10:00Z,2022-08-08T11:15:00Z,ปทุมธานี,Pathum Thani,department of highways,บางปะอิน - แขวงรามอินทรา,large truck with trailer,speeding,rollover/fallen on straight road,1,0,0,clear,13.94027332,100.7102644,straight road,no slope
6680435,2022-04-06T00:07:00Z,2022-08-08T11:19:00Z,ปทุมธานี,Pathum Thani,department of highways,บางปะอิน - แขวงรามอินทรา,large truck with trailer,vehicle equipment failure,other,1,0,0,clear,14.12121373,100.6749344,straight road,no slope
6680436,2022-04-06T08:30:00Z,2022-08-08T11:17:00Z,ปทุมธานี,Pathum Thani,department of highways,บางปะอิน - แขวงรามอินทรา,4-wheel pickup truck,speeding,rear-end collision,3,0,0,clear,13.95914062,100.7126999,straight road,no slope
6048525,2022-04-06T13:00:00Z,2022-04-07T08:13:00Z,ปทุมธานี,Pathum Thani,department of highways,บางปะอิน - แขวงรามอินทรา,4-wheel pickup truck,speeding,rear-end collision,2,0,1,clear,13.92796241,100.7070324,straight road,no slope
6062585,2022-04-06T21:47:00Z,2022-04-09T14:00:00Z,กรุงเทพมหานคร,Bangkok,department of highways,ถนนศรีนครินทร - แขวงคลองสองต้นนุ่น,private/passenger car,speeding,rear-end collision,2,0,0,clear,13.73194377,100.7101598,straight road,no slope
6047677,2022-04-06T22:10:00Z,2022-04-07T03:52:00Z,สมุทรปราการ,Samut Prakan,expressway authority of thailand,บางพลี-สุขสวัสดิ์,4-wheel pickup truck,other,rear-end collision,2,0,0,clear,13.63372,100.539657,grade-separated intersection/ramps,other
6047133,2022-04-06T23:45:00Z,2022-04-07T00:54:00Z,กรุงเทพมหานคร,Bangkok,expressway authority of thailand,พญาไท-ศรีนครินทร์,other,other,rear-end collision,2,0,0,clear,13.74849714,100.603302,grade-separated intersection/ramps,other
6055994,2022-04-07T02:00:00Z,2022-04-08T13:46:00Z,สมุทรปราการ,Samut Prakan,department of highways,ราษฎร์บูรณะ - พระสมุทรเจดีย์,motorcycle,speeding,rear-end collision,3,1,0,clear,13.64503023,100.5243578,straight road,no slope
6950085,2022-04-07T02:30:00Z,2022-09-21T10:33:00Z,นครปฐม,Nakhon Pathom,department of highways,ดอนตูม - บางเลน,private/passenger car,speeding,rollover/fallen on curved road,1,0,0,clear,13.96719155,100.1552215,wide curve,no slope
7564956,2022-04-07T09:19:00Z,2023-01-20T06:34:00Z,กรุงเทพมหานคร,Bangkok,department of highways,บางนา - ทางเข้าท่าอากาศยานสุวรรณภูมิ,4-wheel pickup truck,speeding,rear-end collision,2,0,1,clear,13.6733404,100.607568,straight road,no slope
6917242,2022-04-07T11:50:00Z,2022-09-16T11:50:00Z,ปทุมธานี,Pathum Thani,department of highways,บางบัวทอง -  ลาดบัวหลวง,large truck with trailer,speeding,rollover/fallen on straight road,1,0,0,clear,14.01686788,100.3614083,straight road,no slope
7331329,2022-04-07T12:40:00Z,2022-04-23T10:24:00Z,กรุงเทพมหานคร,Bangkok,department of highways,ถนนศรีนครินทร - แขวงคลองสองต้นนุ่น,private/passenger car,speeding,rear-end collision,2,0,3,clear,13.73933037,100.6515911,straight road,no slope
6056139,2022-04-07T13:30:00Z,2022-04-08T14:17:00Z,สมุทรปราการ,Samut Prakan,department of highways,ราษฎร์บูรณะ - พระสมุทรเจดีย์,6-wheel truck,speeding,rear-end collision,2,0,1,clear,13.64517619,100.5242693,straight road,no slope
6055992,2022-04-07T13:50:00Z,2022-04-08T13:48:00Z,สมุทรปราการ,Samut Prakan,department of highways,บางนา - ทางเข้าท่าอากาศยานสุวรรณภูมิ,motorcycle,speeding,rear-end collision,3,1,0,clear,13.65173928,100.6783864,straight road,no slope
6149054,2022-04-07T14:04:00Z,2022-05-05T09:36:00Z,สมุทรปราการ,Samut Prakan,expressway authority of thailand,บางพลี-สุขสวัสดิ์,4-wheel pickup truck,other,side collision,3,0,0,clear,13.625147,100.667528,straight road,other
7564950,2022-04-07T14:50:00Z,2023-01-20T06:28:00Z,กรุงเทพมหานคร,Bangkok,department of highways,บางนา - ทางเข้าท่าอากาศยานสุวรรณภูมิ,motorcycle,speeding,rear-end collision,2,0,1,clear,13.66640261,100.639379,straight road,no slope
7564946,2022-04-07T15:00:00Z,2023-01-20T06:23:00Z,สมุทรปราการ,Samut Prakan,department of highways,บางพลี - กิ่งแก้ว,motorcycle,cutting in closely by people/vehicles/animals,collision at intersection corner,2,0,1,clear,13.60782985,100.7003751,other,other
6680257,2022-04-07T15:29:00Z,2022-08-08T10:39:00Z,กรุงเทพมหานคร,Bangkok,department of highways,แขวงคลองสองต้นนุ่น - พิมพา,private/passenger car,speeding,rollover/fallen on straight road,1,0,0,clear,13.73086247,100.7616475,straight road,no slope
6149053,2022-04-07T16:20:00Z,2022-05-05T09:35:00Z,สมุทรปราการ,Samut Prakan,expressway authority of thailand,บางพลี-สุขสวัสดิ์,6-wheel truck,other,rear-end collision,2,0,0,clear,13.638624,100.550644,straight road,other
7561568,2022-04-07T18:52:00Z,2023-01-17T10:46:00Z,กรุงเทพมหานคร,Bangkok,department of highways,บางแค - คลองมหาสวัสดิ์,4-wheel pickup truck,speeding,rear-end collision,2,0,1,clear,13.68204492,100.406566,straight road,no slope
6259930,2022-04-07T23:00:00Z,2022-05-27T14:30:00Z,ปทุมธานี,Pathum Thani,department of highways,ต่างระดับรังสิต - วัดนาบุญ,private/passenger car,other,rollover/fallen on straight road,1,0,0,clear,14.02173421,100.7380923,straight road,no slope
6680236,2022-04-08T04:50:00Z,2022-08-08T10:32:00Z,กรุงเทพมหานคร,Bangkok,department of highways,แขวงรามอินทรา - บางพลี,6-wheel truck,speeding,rear-end collision,2,0,1,clear,13.80637491,100.6790247,straight road,no slope
7476771,2022-04-08T06:23:00Z,2022-12-21T10:06:00Z,นนทบุรี,Nonthaburi,department of highways,ไม่ทราบ,motorcycle,falling asleep,rear-end collision,3,0,0,clear,13.93160186,100.4025265,straight road,no slope
6566232,2022-04-08T10:25:00Z,2022-04-21T11:32:00Z,สมุทรปราการ,Samut Prakan,department of rural roads,สะพานภูมิพลที่ 1 ไปสะพานภูมิพลที่ 2,motorcycle,debris/obstruction on the road,other,1,0,1,clear,13.652425,100.541236,straight road,slope area
6056495,2022-04-08T13:40:00Z,2022-04-08T15:28:00Z,กรุงเทพมหานคร,Bangkok,expressway authority of thailand,ดาวคะนอง-ท่าเรือ,other,other,other,3,0,0,clear,13.68931278,100.5228741,straight road,other
6056598,2022-04-08T14:46:00Z,2022-04-08T15:47:00Z,กรุงเทพมหานคร,Bangkok,expressway authority of thailand,บางนา-ท่าเรือ,van,other,side collision,4,0,1,clear,13.71130891,100.5795732,straight road,other
6566528,2022-04-08T15:30:00Z,2022-04-21T11:32:00Z,กรุงเทพมหานคร,Bangkok,department of rural roads,สะพานภูมิพลที่ 2 ไปสะพานภูมิพลที่ 1,private/passenger car,speeding,other,1,0,0,clear,13.684622,100.543195,grade-separated intersection/ramps,other
6566530,2022-04-08T18:30:00Z,2022-04-21T11:32:00Z,สมุทรปราการ,Samut Prakan,department of rural roads,ทางเข้าถนนสุขสวัสดิ์สู่ถนนวงแหวนอุตสาหกรรม,passenger pickup truck,illegal overtaking,other,2,0,1,clear,13.665206,100.519322,straight road,no slope
7564181,2022-04-08T20:00:00Z,2023-01-19T11:04:00Z,สมุทรสาคร,Samut Sakhon,department of highways,สะพานข้ามแม่น้ำท่าจีนฝั่งตะวันตก - นาโคก,4-wheel pickup truck,speeding,rear-end collision,2,0,1,clear,13.53100462,100.2037319,straight road,no slope
6680192,2022-04-08T20:30:00Z,2022-08-08T10:24:00Z,กรุงเทพมหานคร,Bangkok,department of highways,แขวงคลองสองต้นนุ่น - พิมพา,4-wheel pickup truck,speeding,rollover/fallen on straight road,1,0,0,clear,13.73300422,100.7915112,straight road,no slope
7027111,2022-04-08T21:00:00Z,2022-10-03T10:43:00Z,สมุทรสาคร,Samut Sakhon,department of highways,แสมดำ - สะพานข้ามแม่น้ำท่าจีนฝั่งตะวันตก,7-10-wheel truck,speeding,rear-end collision,2,0,3,clear,13.59270404,100.3514761,straight road,no slope
6680238,2022-04-09T00:05:00Z,2022-08-08T10:30:00Z,กรุงเทพมหานคร,Bangkok,department of highways,แขวงรามอินทรา - บางพลี,other,speeding,rear-end collision,2,0,0,clear,13.7940595,100.6828523,straight road,no slope
6566533,2022-04-09T01:37:00Z,2022-04-22T09:45:00Z,กรุงเทพมหานคร,Bangkok,department of rural roads,สะพานภูมิพลที่ 1 ไปสะพานภูมิพลที่ 2,motorcycle,speeding,other,2,0,1,clear,13.676009,100.539393,straight road,slope area
6680213,2022-04-09T11:06:00Z,2022-08-08T10:28:00Z,สมุทรปราการ,Samut Prakan,department of highways,แขวงคลองสองต้นนุ่น - พิมพา,private/passenger car,speeding,rear-end collision,5,0,0,clear,13.66841985,100.8463517,straight road,no slope
6680255,2022-04-09T11:14:00Z,2022-08-08T10:35:00Z,ปทุมธานี,Pathum Thani,department of highways,บางปะอิน - แขวงรามอินทรา,large truck with trailer,speeding,rear-end collision,3,0,1,clear,13.98287874,100.7133007,straight road,no slope
7565015,2022-04-09T15:00:00Z,2023-01-20T07:07:00Z,สมุทรปราการ,Samut Prakan,department of highways,บางเมือง - บางพลี,7-10-wheel truck,speeding,rollover/fallen on straight road,1,0,0,clear,13.60620313,100.6912663,other,other
6063784,2022-04-09T16:45:00Z,2022-04-09T18:57:00Z,กรุงเทพมหานคร,Bangkok,expressway authority of thailand,บางนา-ท่าเรือ,4-wheel pickup truck,other,rear-end collision,2,0,1,clear,NA,NA,grade-separated intersection/ramps,other
6680215,2022-04-09T16:54:00Z,2022-08-08T10:26:00Z,สมุทรปราการ,Samut Prakan,department of highways,แขวงคลองสองต้นนุ่น - พิมพา,private/passenger car,speeding,rear-end collision,6,0,0,clear,13.66595694,100.8501765,straight road,no slope
7518371,2022-04-09T23:11:00Z,2022-12-29T11:39:00Z,กรุงเทพมหานคร,Bangkok,expressway authority of thailand,แจ้งวัฒนะ-พญาไท,other,other,rollover/fallen on straight road,2,0,1,clear,13.81235232,100.5500908,straight road,other
6680218,2022-04-10T00:01:00Z,2022-08-08T10:29:00Z,สมุทรปราการ,Samut Prakan,department of highways,แขวงคลองสองต้นนุ่น - พิมพา,4-wheel pickup truck,speeding,rear-end collision,2,0,2,clear,13.6935714,100.8282494,straight road,no slope
6148936,2022-04-10T00:48:00Z,2022-05-04T15:58:00Z,กรุงเทพมหานคร,Bangkok,expressway authority of thailand,พญาไท-บางโคล่,other,other,collision with obstruction (on road surface),1,0,0,clear,NA,NA,wide curve,other
6680239,2022-04-10T03:14:00Z,2022-08-08T10:34:00Z,กรุงเทพมหานคร,Bangkok,department of highways,บางปะอิน - แขวงรามอินทรา,private/passenger car,speeding,rear-end collision,2,0,3,clear,13.85841388,100.6757927,straight road,no slope
6068163,2022-04-10T12:40:00Z,2022-04-10T13:42:00Z,กรุงเทพมหานคร,Bangkok,expressway authority of thailand,พญาไท-ศรีนครินทร์,other,other,rear-end collision,2,0,0,clear,13.75276784,100.5901399,straight road,other
7027435,2022-04-10T16:00:00Z,2022-10-03T11:49:00Z,ปทุมธานี,Pathum Thani,department of highways,วัดนาบุญ - คลอง 14,private/passenger car,speeding,rear-end collision,3,0,0,clear,14.06035674,100.845826,straight road,no slope
7564192,2022-04-10T16:05:00Z,2023-01-19T11:06:00Z,สมุทรสาคร,Samut Sakhon,department of highways,แสมดำ - สะพานข้ามแม่น้ำท่าจีนฝั่งตะวันตก,4-wheel pickup truck,speeding,rollover/fallen on straight road,1,0,2,clear,13.57818736,100.3038534,straight road,no slope
6073445,2022-04-10T16:37:00Z,2022-04-11T09:50:00Z,ปทุมธานี,Pathum Thani,department of highways,บางปะอิน - แขวงรามอินทรา,4-wheel pickup truck,speeding,rear-end collision,2,0,1,clear,13.9288944,100.7070082,straight road,no slope
7565014,2022-04-10T20:00:00Z,2023-01-20T07:06:00Z,สมุทรปราการ,Samut Prakan,department of highways,ทางเข้าท่าอากาศยานสุวรรณภูมิด้านถนนบางนา - บางวัว,large truck with trailer,speeding,rear-end collision,2,0,1,clear,13.63437459,100.7406565,straight road,no slope
6680116,2022-04-10T21:30:00Z,2022-08-08T10:08:00Z,กรุงเทพมหานคร,Bangkok,department of highways,บางปะอิน - แขวงรามอินทรา,private/passenger car,vehicle equipment failure,rear-end collision,3,0,6,clear,13.88857818,100.6884098,straight road,no slope
6942926,2022-04-10T23:00:00Z,2022-09-20T07:59:00Z,ปทุมธานี,Pathum Thani,department of highways,วัดนาบุญ - คลอง 14,motorcycle,speeding,rear-end collision,2,0,1,clear,14.0767192,100.8923757,other,other
6074934,2022-04-11T05:00:00Z,2022-04-11T15:03:00Z,กรุงเทพมหานคร,Bangkok,department of highways,บางบอน - โรงพยาบาลบางปะกอก 8,4-wheel pickup truck,speeding,rollover/fallen on straight road,1,0,1,clear,13.66191718,100.4037094,straight road,no slope
6566261,2022-04-11T06:05:00Z,2022-04-12T15:00:00Z,นครปฐม,Nakhon Pathom,department of rural roads,แยกทางหลวงหมายเลข 346 (กม.ที่ 47+500) - บ้านศาลายา,private/passenger car,falling asleep,other,1,0,1,clear,13.848579,100.304328,straight road,no slope
6076180,2022-04-11T07:16:00Z,2022-04-11T19:45:00Z,กรุงเทพมหานคร,Bangkok,department of highways,แยกเข้ามีนบุรี - คลองหลวงแพ่ง,private/passenger car,falling asleep,rollover/fallen on straight road,1,0,0,clear,13.81385292,100.7659229,straight road,no slope
6073507,2022-04-11T07:40:00Z,2022-04-11T10:02:00Z,กรุงเทพมหานคร,Bangkok,department of highways,อรุณอมรินทร์ - พุทธมณฑลสาย 4,private/passenger car,speeding,rear-end collision,3,0,0,clear,13.78716696,100.3684652,straight road,no slope
6075388,2022-04-11T10:36:00Z,2022-04-11T16:35:00Z,สมุทรปราการ,Samut Prakan,expressway authority of thailand,บางพลี-สุขสวัสดิ์,6-wheel truck,other,rear-end collision,2,0,1,clear,13.606834,100.626326,straight road,other
6566237,2022-04-11T10:50:00Z,2022-04-11T16:28:00Z,สมุทรปราการ,Samut Prakan,department of rural roads,ทางเข้าถนนปู่เจ้าสมิงพรายสู่ถนนวงแหวนอุตสาหกรรม,motorcycle,speeding,other,2,0,2,clear,13.650172,100.541481,straight road,no slope
6149050,2022-04-11T12:41:00Z,2022-05-05T09:34:00Z,สมุทรปราการ,Samut Prakan,expressway authority of thailand,บางพลี-สุขสวัสดิ์,4-wheel pickup truck,other,rear-end collision,2,0,0,clear,13.616158,100.661124,straight road,other
7560808,2022-04-11T14:00:00Z,2023-01-16T14:24:00Z,กรุงเทพมหานคร,Bangkok,department of highways,ดินแดง - งามวงศ์วาน,private/passenger car,cutting in closely by people/vehicles/animals,rear-end collision,2,0,0,clear,13.8435508,100.5593875,straight road,no slope
6079001,2022-04-11T15:40:00Z,2022-04-12T07:16:00Z,กรุงเทพมหานคร,Bangkok,department of highways,พระประแดง - บางแค,4-wheel pickup truck,vehicle equipment failure,rollover/fallen on straight road,1,0,0,clear,13.62584296,100.4644346,straight road,no slope
6566241,2022-04-11T15:50:00Z,2022-04-11T16:51:00Z,นนทบุรี,Nonthaburi,department of rural roads,ถนนนครอินทร์,passenger pickup truck,abrupt lane change,other,2,0,1,clear,13.822426,100.428091,straight road,no slope
6149049,2022-04-11T15:56:00Z,2022-05-05T09:33:00Z,สมุทรปราการ,Samut Prakan,expressway authority of thailand,บางพลี-สุขสวัสดิ์,7-10-wheel truck,other,rear-end collision,2,0,0,clear,13.614401,100.618416,straight road,other
6079873,2022-04-11T17:18:00Z,2022-04-12T11:23:00Z,กรุงเทพมหานคร,Bangkok,department of highways,ถนนศรีนครินทร - แขวงคลองสองต้นนุ่น,4-wheel pickup truck,speeding,rear-end collision,2,0,0,clear,13.74147987,100.642021,straight road,no slope
6078375,2022-04-11T22:00:00Z,2022-04-12T02:34:00Z,สมุทรปราการ,Samut Prakan,department of highways,สำโรง - สะพานภูมิพล,motorcycle,speeding,rear-end collision,2,0,1,clear,13.64482692,100.5845466,straight road,no slope
6242120,2022-04-11T22:05:00Z,2022-05-24T09:59:00Z,นครปฐม,Nakhon Pathom,department of highways,อ้อมน้อย - ศาลายา,private/passenger car,speeding,collision with obstruction (on road surface),1,0,0,clear,13.7833481,100.3026652,other,other
6078986,2022-04-11T23:50:00Z,2022-04-12T07:13:00Z,กรุงเทพมหานคร,Bangkok,department of highways,บางบอน - โรงพยาบาลบางปะกอก 8,4-wheel pickup truck,speeding,rollover/fallen on straight road,1,0,1,clear,13.66199276,100.4040313,straight road,no slope
6566315,2022-04-12T02:50:00Z,2022-04-18T13:47:00Z,นนทบุรี,Nonthaburi,department of rural roads,ถนนนครอินทร์,motorcycle,driving under the influence of alcohol,other,1,0,1,clear,13.82421,100.458778,straight road,no slope
6080515,2022-04-12T04:10:00Z,2022-04-12T13:43:00Z,ปทุมธานี,Pathum Thani,department of highways,บางคูวัด - บางพูน,motorcycle,speeding,rollover/fallen on curved road,1,1,1,clear,13.96671782,100.54555,wide curve,no slope
6079833,2022-04-12T05:35:00Z,2022-04-12T11:14:00Z,กรุงเทพมหานคร,Bangkok,department of highways,บางปะอิน - แขวงรามอินทรา,large truck with trailer,speeding,rear-end collision,2,0,1,clear,13.83633501,100.6736415,straight road,no slope
6086703,2022-04-12T06:00:00Z,2022-04-13T12:03:00Z,นครปฐม,Nakhon Pathom,department of highways,อ้อมน้อย - ศาลายา,motorcycle,speeding,rear-end collision,2,0,1,clear,13.74330106,100.3001198,straight road,no slope
6079850,2022-04-12T10:14:00Z,2022-04-12T11:19:00Z,กรุงเทพมหานคร,Bangkok,department of highways,ถนนศรีนครินทร - แขวงคลองสองต้นนุ่น,4-wheel pickup truck,speeding,rear-end collision,2,0,1,clear,13.74139128,100.6424367,straight road,no slope
6081091,2022-04-12T11:03:00Z,2022-04-12T14:58:00Z,กรุงเทพมหานคร,Bangkok,department of highways,บางปะอิน - แขวงรามอินทรา,4-wheel pickup truck,speeding,rear-end collision,4,0,2,clear,13.87547292,100.6817928,straight road,no slope
6080977,2022-04-12T11:20:00Z,2022-04-12T14:49:00Z,ปทุมธานี,Pathum Thani,department of highways,ลำลูกกา - คลอง 16,4-wheel pickup truck,speeding,rollover/fallen on straight road,1,0,1,rainy,13.94336852,100.771341,straight road,no slope
6145651,2022-04-12T11:27:00Z,2022-04-27T15:38:00Z,สมุทรปราการ,Samut Prakan,expressway authority of thailand,บางพลี-สุขสวัสดิ์,other,other,rollover/fallen on straight road,2,0,1,clear,13.633934,100.569287,straight road,other
6080973,2022-04-12T13:00:00Z,2022-04-12T14:48:00Z,กรุงเทพมหานคร,Bangkok,department of highways,ดินแดง - งามวงศ์วาน,private/passenger car,speeding,rollover/fallen on straight road,1,0,2,clear,13.79830276,100.5608493,straight road,no slope
7560777,2022-04-12T13:10:00Z,2023-01-16T13:55:00Z,กรุงเทพมหานคร,Bangkok,department of highways,ดินแดง - งามวงศ์วาน,private/passenger car,speeding,rollover/fallen on straight road,1,0,1,clear,13.79829887,100.5608546,straight road,no slope
6085630,2022-04-12T14:00:00Z,2022-04-13T05:51:00Z,ปทุมธานี,Pathum Thani,department of highways,คลองบางไผ่ - คลองบางหลวง,motorcycle,speeding,rear-end collision,2,0,4,clear,14.01299035,100.4519677,straight road,no slope
6566282,2022-04-12T15:13:00Z,2022-04-13T05:59:00Z,สมุทรสาคร,Samut Sakhon,department of rural roads,แยกทางหลวงหมายเลข 3091 (กม.ที่ 5+600) - วัดหนองพะอง,motorcycle,illegal overtaking,other,2,1,0,clear,13.67256,100.314558,straight road,no slope
7414571,2022-04-12T16:00:00Z,2022-11-29T13:31:00Z,สมุทรปราการ,Samut Prakan,department of highways,บางตำหรุ - คลองด่าน,4-wheel pickup truck,speeding,rear-end collision,2,0,1,clear,13.50951049,100.7108679,connecting to school area,other
6086079,2022-04-12T16:05:00Z,2022-04-13T09:43:00Z,กรุงเทพมหานคร,Bangkok,department of highways,บางปะอิน - แขวงรามอินทรา,4-wheel pickup truck,speeding,rear-end collision,4,0,1,clear,13.90949871,100.6993988,straight road,no slope
6086249,2022-04-12T17:12:00Z,2022-04-13T10:23:00Z,กรุงเทพมหานคร,Bangkok,department of highways,แขวงคลองสองต้นนุ่น - พิมพา,private/passenger car,speeding,rear-end collision,3,0,0,clear,13.73014073,100.7254135,straight road,no slope
6566313,2022-04-12T18:00:00Z,2022-04-13T13:41:00Z,นนทบุรี,Nonthaburi,department of rural roads,ถนนราชพฤกษ์,motorcycle,speeding,other,1,0,1,clear,13.947462,100.459443,straight road,no slope
6085725,2022-04-12T18:15:00Z,2022-04-13T08:45:00Z,กรุงเทพมหานคร,Bangkok,department of highways,งามวงศ์วาน - ดอนเมือง,private/passenger car,speeding,rear-end collision,2,0,0,clear,13.89424397,100.5871296,straight road,no slope
6083606,2022-04-12T19:00:00Z,2022-04-12T20:22:00Z,กรุงเทพมหานคร,Bangkok,department of highways,บางพลัด - บางบำหรุ,motorcycle,speeding,rear-end collision,2,0,1,clear,13.78838085,100.4705179,straight road,no slope
6085704,2022-04-12T20:30:00Z,2022-04-13T08:15:00Z,นครปฐม,Nakhon Pathom,department of highways,กระทุ่มล้ม - พุทธมณฑล,motorcycle,speeding,rear-end collision,2,0,1,clear,13.79638822,100.3273469,other,other
6085728,2022-04-12T21:00:00Z,2022-04-13T08:49:00Z,สมุทรปราการ,Samut Prakan,department of highways,บางนา - ทางเข้าท่าอากาศยานสุวรรณภูมิ,motorcycle,speeding,rear-end collision,2,0,1,clear,13.6600745,100.6643638,straight road,no slope
6085766,2022-04-12T21:00:00Z,2022-04-13T08:54:00Z,นนทบุรี,Nonthaburi,department of highways,บางบัวทอง - บางคูวัด,private/passenger car,speeding,rear-end collision,2,0,1,clear,13.94325398,100.4265296,straight road,no slope
6086205,2022-04-12T21:00:00Z,2022-04-13T10:11:00Z,สมุทรปราการ,Samut Prakan,department of highways,แขวงคลองสองต้นนุ่น - พิมพา,private/passenger car,speeding,rear-end collision,6,0,0,clear,13.65758283,100.8631772,straight road,no slope
7511287,2022-04-12T22:08:00Z,2022-12-27T09:03:00Z,สมุทรสาคร,Samut Sakhon,department of highways,ไม่ทราบ,motorcycle,speeding,pedestrian collision,1,1,0,clear,13.58287253,100.2778146,wide curve,no slope
6091681,2022-04-12T23:42:00Z,2022-04-14T05:58:00Z,ปทุมธานี,Pathum Thani,department of highways,วัดนาบุญ - คลอง 14,4-wheel pickup truck,speeding,rear-end collision,2,2,0,clear,14.05024312,100.8168635,straight road,no slope
6566327,2022-04-13T02:16:00Z,2022-04-13T21:42:00Z,สมุทรสาคร,Samut Sakhon,department of rural roads,แยกทางหลวงหมายเลข 4 (กม.ที่ 21+000) - บ้านคลองมะเดื่อ,motorcycle,driving under the influence of alcohol,other,2,1,0,clear,13.662462,100.313336,straight road,no slope
6086910,2022-04-13T03:00:00Z,2022-04-13T12:47:00Z,ปทุมธานี,Pathum Thani,department of highways,บางคูวัด - แยกปทุมวิไล,private/passenger car,speeding,collision with obstruction (on road surface),2,0,0,clear,13.96118657,100.5133179,straight road,no slope
6094630,2022-04-13T04:00:00Z,2022-04-14T17:34:00Z,นนทบุรี,Nonthaburi,department of highways,บางบัวทอง - ไทรน้อย,6-wheel truck,speeding,rear-end collision,2,0,1,clear,13.97418546,100.3359568,straight road,no slope
7560788,2022-04-13T04:30:00Z,2023-01-16T14:00:00Z,กรุงเทพมหานคร,Bangkok,department of highways,ดินแดง - งามวงศ์วาน,private/passenger car,falling asleep,rear-end collision,2,0,0,clear,13.82856225,100.5577697,other,other
6950215,2022-04-13T05:20:00Z,2022-09-21T10:59:00Z,นนทบุรี,Nonthaburi,department of highways,คลองมหาสวัสดิ์ - คลองบางไผ่,motorcycle,speeding,rollover/fallen on straight road,1,1,1,clear,13.85974199,100.4113644,straight road,no slope
6086274,2022-04-13T08:41:00Z,2022-04-13T10:27:00Z,กรุงเทพมหานคร,Bangkok,department of highways,บางปะอิน - แขวงรามอินทรา,4-wheel pickup truck,speeding,rear-end collision,4,0,0,clear,13.88847663,100.6884929,straight road,no slope
6086705,2022-04-13T09:10:00Z,2022-04-13T12:04:00Z,กรุงเทพมหานคร,Bangkok,department of highways,อรุณอมรินทร์ - พุทธมณฑลสาย 4,4-wheel pickup truck,speeding,rear-end collision,2,0,0,clear,13.78716696,100.3684652,straight road,no slope
6091982,2022-04-13T09:15:00Z,2022-04-14T06:51:00Z,สมุทรสาคร,Samut Sakhon,department of highways,แสมดำ - สะพานข้ามแม่น้ำท่าจีนฝั่งตะวันตก,4-wheel pickup truck,speeding,rear-end collision,2,1,0,clear,13.55789171,100.2715918,straight road,no slope
6566364,2022-04-13T11:20:00Z,2022-04-18T14:01:00Z,นครปฐม,Nakhon Pathom,department of rural roads,แยกทางหลวงชนบท นฐ.4014 (กม.ที่ 4+500) - แยกทางหลวงชนบท นฐ.4006 (กม.ที่ 11+200),motorcycle,driving under the influence of alcohol,other,1,0,1,clear,13.814616,100.226862,straight road,no slope
6091955,2022-04-13T12:00:00Z,2022-04-14T06:49:00Z,กรุงเทพมหานคร,Bangkok,department of highways,แยกมหาวิทยาลัยเกษตรศาสตร์ - สี่แยกแคราย,private/passenger car,speeding,rear-end collision,2,0,0,clear,13.83980662,100.575462,other,other
6091923,2022-04-13T12:30:00Z,2022-04-14T06:44:00Z,กรุงเทพมหานคร,Bangkok,department of highways,อรุณอมรินทร์ - พุทธมณฑลสาย 4,private/passenger car,speeding,rear-end collision,2,0,0,clear,13.78548156,100.3877422,straight road,no slope
6091951,2022-04-13T14:00:00Z,2022-04-14T06:47:00Z,กรุงเทพมหานคร,Bangkok,department of highways,งามวงศ์วาน - ดอนเมือง,motorcycle,cutting in closely by people/vehicles/animals,rear-end collision,2,0,1,clear,13.89377269,100.5869713,straight road,no slope
6091948,2022-04-13T14:30:00Z,2022-04-14T06:46:00Z,นครปฐม,Nakhon Pathom,department of highways,ลาดบัวหลวง - สองพี่น้อง,6-wheel truck,speeding,rear-end collision,2,0,1,clear,14.16064126,100.2472857,straight road,no slope
6566363,2022-04-13T19:20:00Z,2022-04-14T15:47:00Z,นครปฐม,Nakhon Pathom,department of rural roads,แยกทางหลวงหมายเลข 346 (กม.ที่ 63+850) - บ้านไผ่คอกเนื้อ,motorcycle,speeding,pedestrian collision,1,0,1,clear,14.074306,100.082795,four-way intersection,other
6566492,2022-04-13T19:20:00Z,2022-04-17T15:08:00Z,นนทบุรี,Nonthaburi,department of rural roads,ถนนราชพฤกษ์,motorcycle,speeding,other,2,0,2,clear,13.80721,100.449858,straight road,no slope
6091981,2022-04-13T20:00:00Z,2022-04-14T06:54:00Z,นนทบุรี,Nonthaburi,department of highways,พระราม 7 - แคราย,motorcycle,cutting in closely by people/vehicles/animals,other,2,0,1,clear,13.84385112,100.5070469,connecting to public/commercial area,other
6092695,2022-04-13T20:00:00Z,2022-04-14T09:55:00Z,สมุทรสาคร,Samut Sakhon,department of highways,แสมดำ - สะพานข้ามแม่น้ำท่าจีนฝั่งตะวันตก,motorcycle,speeding,rollover/fallen on straight road,1,1,0,clear,13.59311596,100.3401813,straight road,no slope
6092911,2022-04-13T20:20:00Z,2022-04-14T10:52:00Z,สมุทรสาคร,Samut Sakhon,department of highways,แสมดำ - สะพานข้ามแม่น้ำท่าจีนฝั่งตะวันตก,private/passenger car,cutting in closely by people/vehicles/animals,rear-end collision,3,0,1,clear,13.59729507,100.3649112,other,other
7331382,2022-04-13T20:40:00Z,2022-04-14T10:15:00Z,สมุทรปราการ,Samut Prakan,department of highways,แบริ่ง - ท้ายบ้าน,pedestrian,cutting in closely by people/vehicles/animals,pedestrian collision,1,1,0,clear,13.64158961,100.5938995,straight road,no slope
6093264,2022-04-13T21:00:00Z,2022-04-14T12:20:00Z,สมุทรปราการ,Samut Prakan,department of highways,บางเมือง - บางพลี,private/passenger car,speeding,head-on collision (not overtaking),2,0,0,clear,13.61202956,100.6674644,straight road,no slope
6566382,2022-04-13T21:10:00Z,2022-04-15T05:06:00Z,นนทบุรี,Nonthaburi,department of rural roads,เลี่ยงเมืองปากเกร็ด,motorcycle,speeding,other,2,0,1,clear,13.894547,100.515944,straight road,no slope
6566510,2022-04-13T21:58:00Z,2022-04-19T09:02:00Z,สมุทรปราการ,Samut Prakan,department of rural roads,แยกทางหลวงหมายเลข 34 (กม.ที่ 18+165) - บ้านลาดกระบัง,motorcycle,cutting in closely by people/vehicles/animals,other,1,0,1,clear,13.638446,100.773665,straight road,no slope
6918713,2022-04-13T22:00:00Z,2022-09-16T14:23:00Z,สมุทรปราการ,Samut Prakan,department of highways,แบริ่ง - ท้ายบ้าน,motorcycle,running red lights/traffic signals,rear-end collision,2,0,2,clear,13.64281208,100.5941087,other,other
6092795,2022-04-13T23:20:00Z,2022-04-14T10:17:00Z,สมุทรปราการ,Samut Prakan,department of highways,บางพลี - บางบ่อ,motorcycle,speeding,rear-end collision,2,0,1,clear,13.60066333,100.7141831,straight road,no slope
6099146,2022-04-14T01:15:00Z,2022-04-15T10:44:00Z,นนทบุรี,Nonthaburi,department of highways,พระราม 7 - แคราย,motorcycle,speeding,rollover/fallen on straight road,1,0,1,clear,13.85000759,100.515866,straight road,no slope
6121884,2022-04-14T01:35:00Z,2022-04-19T09:29:00Z,สมุทรปราการ,Samut Prakan,expressway authority of thailand,บางนา-ชลบุรี,other,other,side collision,2,0,0,clear,13.603377,100.780842,straight road,other
6092693,2022-04-14T02:00:00Z,2022-04-14T09:59:00Z,กรุงเทพมหานคร,Bangkok,department of highways,ดินแดง - งามวงศ์วาน,private/passenger car,speeding,rollover/fallen on straight road,1,0,0,clear,13.78588533,100.5602056,straight road,no slope
7331395,2022-04-14T03:30:00Z,2022-04-14T17:37:00Z,ปทุมธานี,Pathum Thani,department of highways,สนามกีฬาธูปเตมีย์ - ลำลูกกา,motorcycle,speeding,rollover/fallen on curved road,1,1,0,clear,13.95029026,100.6418037,wide curve,no slope
6092628,2022-04-14T06:30:00Z,2022-04-14T09:42:00Z,กรุงเทพมหานคร,Bangkok,department of highways,แยก คปอ. - สนามกีฬาธูปะเตมีย์,private/passenger car,speeding,rollover/fallen on straight road,1,0,1,clear,13.94842123,100.6226554,straight road,no slope
6098332,2022-04-14T06:34:00Z,2022-04-15T06:42:00Z,สมุทรปราการ,Samut Prakan,department of highways,แขวงคลองสองต้นนุ่น - พิมพา,van,speeding,rollover/fallen on straight road,1,0,0,clear,13.67138053,100.8417597,straight road,no slope
6098333,2022-04-14T07:33:00Z,2022-04-15T06:42:00Z,กรุงเทพมหานคร,Bangkok,department of highways,แขวงคลองสองต้นนุ่น - พิมพา,private/passenger car,speeding,rollover/fallen on straight road,1,0,0,clear,13.73013812,100.725435,straight road,no slope
6094778,2022-04-14T07:40:00Z,2022-04-14T18:00:00Z,นครปฐม,Nakhon Pathom,department of highways,ลำลูกบัว - หนองกระทุ่ม,private/passenger car,speeding,rollover/fallen on straight road,1,0,2,clear,14.03640025,100.055556,straight road,no slope
6566378,2022-04-14T11:30:00Z,2022-04-14T23:30:00Z,นนทบุรี,Nonthaburi,department of rural roads,ถนนราชพฤกษ์,private/passenger car,vehicle equipment failure,other,2,0,1,clear,13.822487,100.448843,straight road,other
6098335,2022-04-14T14:00:00Z,2022-04-15T06:42:00Z,ปทุมธานี,Pathum Thani,department of highways,บางบัวทอง -  ลาดบัวหลวง,4-wheel pickup truck,speeding,rear-end collision,2,0,4,clear,14.00201581,100.3723222,straight road,no slope
6094675,2022-04-14T14:30:00Z,2022-04-14T17:41:00Z,กรุงเทพมหานคร,Bangkok,department of highways,งามวงศ์วาน - ดอนเมือง,4-wheel pickup truck,speeding,rear-end collision,2,0,0,clear,13.92155547,100.6024209,straight road,no slope
6099044,2022-04-14T15:20:00Z,2022-04-15T10:19:00Z,สมุทรปราการ,Samut Prakan,department of highways,บางนา - ทางเข้าท่าอากาศยานสุวรรณภูมิ,6-wheel truck,speeding,rear-end collision,3,0,0,clear,13.66388494,100.6523529,other,other
6098348,2022-04-14T15:30:00Z,2022-04-15T06:49:00Z,สมุทรสาคร,Samut Sakhon,department of highways,แสมดำ - สะพานข้ามแม่น้ำท่าจีนฝั่งตะวันตก,4-wheel pickup truck,speeding,rollover/fallen on straight road,1,0,3,clear,13.56556797,100.2800274,straight road,no slope
6566430,2022-04-14T18:28:00Z,2022-04-15T14:08:00Z,นครปฐม,Nakhon Pathom,department of rural roads,แยกทางหลวงหมายเลข 4 (กม.ที่ 59+720) - บ้านองครักษ์,motorcycle,driving under the influence of alcohol,other,1,1,0,clear,13.835758,100.024676,straight road,no slope
6950177,2022-04-14T19:00:00Z,2022-09-21T10:49:00Z,นนทบุรี,Nonthaburi,department of highways,คลองมหาสวัสดิ์ - คลองบางไผ่,motorcycle,speeding,rollover/fallen on straight road,1,0,1,clear,13.85240868,100.4118821,straight road,no slope
6099099,2022-04-14T19:30:00Z,2022-04-15T10:33:00Z,นนทบุรี,Nonthaburi,department of highways,สะพานพระนั่งเกล้า - ต่างระดับบางใหญ่,private/passenger car,speeding,rear-end collision,2,0,1,clear,13.87666552,100.4510182,straight road,no slope
6566404,2022-04-14T19:51:00Z,2022-04-15T12:35:00Z,นครปฐม,Nakhon Pathom,department of rural roads,แยกทางหลวงหมายเลข 3310 (กม.ที่ 10+700) - บ้านกลาง,motorcycle,driving under the influence of alcohol,other,1,0,1,clear,13.806099,100.251092,straight road,other
6098311,2022-04-14T20:00:00Z,2022-04-15T06:32:00Z,ปทุมธานี,Pathum Thani,department of highways,วัดนาบุญ - คลอง 14,motorcycle,speeding,rear-end collision,2,0,0,clear,14.03253606,100.7651397,straight road,no slope
6099143,2022-04-14T20:00:00Z,2022-04-15T10:43:00Z,นนทบุรี,Nonthaburi,department of highways,สะพานพระนั่งเกล้า - ต่างระดับบางใหญ่,private/passenger car,speeding,rear-end collision,3,0,2,clear,13.87278043,100.4605079,straight road,no slope
6566389,2022-04-14T20:00:00Z,2022-04-15T05:05:00Z,สมุทรสาคร,Samut Sakhon,department of rural roads,แยกทางหลวงชนบท สค.4002 (กม.ที่ 9+900) - บ้านบางยาง,motorcycle,driving under the influence of alcohol,other,1,0,1,clear,13.650228,100.19848,y-intersection,other
6950213,2022-04-14T20:00:00Z,2022-09-21T10:58:00Z,นนทบุรี,Nonthaburi,department of highways,คลองมหาสวัสดิ์ - คลองบางไผ่,motorcycle,speeding,rear-end collision,2,0,2,clear,13.81127432,100.4116487,straight road,no slope
6099120,2022-04-14T21:00:00Z,2022-04-15T10:38:00Z,นนทบุรี,Nonthaburi,department of highways,สะพานพระนั่งเกล้า - ต่างระดับบางใหญ่,large passenger vehicle,speeding,rear-end collision,2,0,2,clear,13.872106,100.462034,straight road,no slope
6099072,2022-04-14T21:15:00Z,2022-04-15T10:23:00Z,กรุงเทพมหานคร,Bangkok,department of highways,บางบอน - โรงพยาบาลบางปะกอก 8,4-wheel pickup truck,speeding,rear-end collision,2,0,2,clear,13.64656545,100.3818843,straight road,no slope
6105712,2022-04-15T00:01:00Z,2022-04-16T11:52:00Z,นครปฐม,Nakhon Pathom,department of highways,นครปฐม - หนองปลาไหล,private/passenger car,speeding,rear-end collision,2,0,1,clear,13.9083948,99.98077332,wide curve,no slope
6566433,2022-04-15T03:00:00Z,2022-04-16T06:38:00Z,สมุทรสาคร,Samut Sakhon,department of rural roads,แยกทางหลวงหมายเลข 35 (กม.ที่ 35+000) - บ้านบางยาง,motorcycle,using psychoactive substances,other,1,0,1,clear,13.610025,100.210275,straight road,no slope
6099290,2022-04-15T03:50:00Z,2022-04-15T11:25:00Z,กรุงเทพมหานคร,Bangkok,department of highways,อรุณอมรินทร์ - พุทธมณฑลสาย 4,private/passenger car,driving under the influence of alcohol,rollover/fallen on straight road,1,0,0,clear,13.78083169,100.4307622,straight road,no slope
7560784,2022-04-15T04:30:00Z,2023-01-16T13:58:00Z,กรุงเทพมหานคร,Bangkok,department of highways,ดินแดง - งามวงศ์วาน,4-wheel pickup truck,falling asleep,rear-end collision,2,0,0,clear,13.82856225,100.5577697,straight road,no slope
6104374,2022-04-15T06:30:00Z,2022-04-16T06:08:00Z,ปทุมธานี,Pathum Thani,department of highways,วัดนาบุญ - คลอง 14,6-wheel truck,vehicle equipment failure,rollover/fallen on straight road,1,0,4,clear,14.03089929,100.7603145,other,other
6104527,2022-04-15T07:40:00Z,2022-04-16T06:37:00Z,ปทุมธานี,Pathum Thani,department of highways,วัดนาบุญ - คลอง 14,private/passenger car,speeding,rear-end collision,2,0,0,clear,14.03063907,100.7601562,straight road,no slope
6101284,2022-04-15T10:30:00Z,2022-04-15T18:58:00Z,กรุงเทพมหานคร,Bangkok,department of highways,รัชดาภิเษก - รามอินทรา,private/passenger car,speeding,rear-end collision,2,0,0,clear,13.8192757,100.6547078,other,other
6100088,2022-04-15T10:55:00Z,2022-04-15T14:37:00Z,สมุทรปราการ,Samut Prakan,department of highways,แขวงคลองสองต้นนุ่น - พิมพา,private/passenger car,speeding,rollover/fallen on straight road,1,0,0,clear,13.67351501,100.8388254,straight road,no slope
6100554,2022-04-15T13:58:00Z,2022-04-15T16:24:00Z,กรุงเทพมหานคร,Bangkok,department of highways,แขวงคลองสองต้นนุ่น - พิมพา,private/passenger car,speeding,rear-end collision,2,0,2,clear,13.73111,100.7163906,straight road,no slope
6101845,2022-04-15T16:30:00Z,2022-04-15T20:53:00Z,กรุงเทพมหานคร,Bangkok,department of highways,ดาวคะนอง -  แสมดำ,4-wheel pickup truck,vehicle equipment failure,rollover/fallen on straight road,1,0,0,clear,13.6522762,100.423893,straight road,no slope
7518378,2022-04-15T16:46:00Z,2022-12-29T11:39:00Z,สมุทรปราการ,Samut Prakan,expressway authority of thailand,บางนา-ชลบุรี,4-wheel pickup truck,other,rear-end collision,3,0,0,clear,13.643628,100.693142,straight road,other
6107746,2022-04-15T18:45:00Z,2022-04-16T20:02:00Z,กรุงเทพมหานคร,Bangkok,expressway authority of thailand,รามอินทรา-อาจณรงค์,other,other,collision with obstruction (on road surface),1,0,1,clear,13.838589,100.633705,straight road,other
6107837,2022-04-15T21:30:00Z,2022-04-16T20:23:00Z,นครปฐม,Nakhon Pathom,department of highways,พระประโทน - สระกระเทียม,private/passenger car,speeding,rollover/fallen on straight road,1,0,1,clear,13.8052653,100.0420698,straight road,no slope
6104490,2022-04-15T22:26:00Z,2022-04-16T06:33:00Z,กรุงเทพมหานคร,Bangkok,department of highways,ดาวคะนอง -  แสมดำ,4-wheel pickup truck,speeding,rollover/fallen on straight road,1,0,1,clear,13.66245929,100.4394123,other,other
6104493,2022-04-15T23:45:00Z,2022-04-16T06:32:00Z,กรุงเทพมหานคร,Bangkok,department of highways,บางแค - คลองมหาสวัสดิ์,private/passenger car,speeding,rear-end collision,2,0,1,clear,13.72833767,100.4058605,straight road,no slope
6107702,2022-04-16T01:30:00Z,2022-04-16T19:57:00Z,สมุทรปราการ,Samut Prakan,department of highways,ราษฎร์บูรณะ - พระสมุทรเจดีย์,private/passenger car,speeding,pedestrian collision,1,1,0,clear,13.64541599,100.5243659,other,other
6950186,2022-04-16T01:30:00Z,2022-09-21T10:50:00Z,นนทบุรี,Nonthaburi,department of highways,คลองมหาสวัสดิ์ - คลองบางไผ่,motorcycle,speeding,rollover/fallen on straight road,1,0,1,clear,13.88306068,100.4089424,straight road,no slope
6107749,2022-04-16T06:56:00Z,2022-04-16T20:09:00Z,กรุงเทพมหานคร,Bangkok,department of highways,ดาวคะนอง -  แสมดำ,4-wheel pickup truck,speeding,rear-end collision,2,0,0,clear,13.64052614,100.4085561,straight road,no slope
6105392,2022-04-16T08:30:00Z,2022-04-16T10:33:00Z,นนทบุรี,Nonthaburi,department of highways,บางบัวทอง - บางคูวัด,4-wheel pickup truck,speeding,rollover/fallen on straight road,1,0,1,clear,13.94351169,100.4275891,straight road,no slope
6107729,2022-04-16T09:30:00Z,2022-04-16T20:04:00Z,สมุทรปราการ,Samut Prakan,department of highways,บางนา - ทางเข้าท่าอากาศยานสุวรรณภูมิ,private/passenger car,vehicle equipment failure,rear-end collision,2,0,1,clear,13.65473666,100.6723863,straight road,no slope
6145650,2022-04-16T15:30:00Z,2022-04-27T15:37:00Z,สมุทรปราการ,Samut Prakan,expressway authority of thailand,บางนา-ชลบุรี,4-wheel pickup truck,other,rear-end collision,2,0,0,clear,13.594232,100.806974,straight road,other
6110009,2022-04-16T15:47:00Z,2022-04-17T06:11:00Z,กรุงเทพมหานคร,Bangkok,department of highways,แขวงคลองสองต้นนุ่น - พิมพา,4-wheel pickup truck,vehicle equipment failure,rollover/fallen on straight road,1,0,0,clear,13.72458039,100.8129582,straight road,no slope
6107748,2022-04-16T15:50:00Z,2022-04-16T20:06:00Z,กรุงเทพมหานคร,Bangkok,department of highways,บางบอน - โรงพยาบาลบางปะกอก 8,private/passenger car,speeding,rear-end collision,2,0,1,clear,13.6496437,100.3857627,straight road,no slope
6566485,2022-04-16T15:50:00Z,2022-04-17T13:47:00Z,นครปฐม,Nakhon Pathom,department of rural roads,แยกทางหลวงหมายเลข 4 (กม.ที่ 59+720) - บ้านองครักษ์,motorcycle,driving under the influence of alcohol,other,1,0,1,clear,13.830311,100.029891,straight road,no slope
6110011,2022-04-16T16:30:00Z,2022-04-17T06:11:00Z,กรุงเทพมหานคร,Bangkok,department of highways,บางปะอิน - แขวงรามอินทรา,large truck with trailer,speeding,rear-end collision,2,0,0,clear,13.91353159,100.7017591,straight road,no slope
6107220,2022-04-16T16:34:00Z,2022-04-16T18:05:00Z,กรุงเทพมหานคร,Bangkok,department of highways,แขวงคลองสองต้นนุ่น - พิมพา,4-wheel pickup truck,speeding,rear-end collision,5,0,0,clear,13.71805581,100.8161849,straight road,no slope
6115484,2022-04-16T17:00:00Z,2022-04-18T06:39:00Z,นนทบุรี,Nonthaburi,department of highways,บางบัวทอง -  ลาดบัวหลวง,motorcycle,speeding,collision with obstruction (on road surface),2,0,1,clear,13.97637963,100.3913873,straight road,no slope
6110081,2022-04-16T17:40:00Z,2022-04-17T06:43:00Z,สมุทรปราการ,Samut Prakan,department of highways,สำโรง - สะพานภูมิพล,4-wheel pickup truck,speeding,rear-end collision,3,0,1,clear,13.64939087,100.5622414,straight road,no slope
7510986,2022-04-16T19:20:00Z,2022-12-27T09:09:00Z,นนทบุรี,Nonthaburi,department of highways,ไม่ทราบ,private/passenger car,cutting in closely by people/vehicles/animals,pedestrian collision,1,1,0,clear,13.8488409,100.4360247,straight road,no slope
6111061,2022-04-16T19:30:00Z,2022-04-17T11:25:00Z,สมุทรปราการ,Samut Prakan,department of highways,สำโรง - สะพานภูมิพล,motorcycle,speeding,rear-end collision,2,0,1,clear,13.64485038,100.5851179,straight road,no slope
6566467,2022-04-16T20:07:00Z,2022-04-17T06:40:00Z,สมุทรสาคร,Samut Sakhon,department of rural roads,แยกทางหลวงหมายเลข 35 (กม.ที่ 35+000) - บ้านบางยาง,motorcycle,cutting in closely by people/vehicles/animals,other,2,1,0,clear,13.553188,100.212087,straight road,no slope
6110076,2022-04-16T20:10:00Z,2022-04-17T06:40:00Z,นนทบุรี,Nonthaburi,department of highways,สะพานพระนั่งเกล้า - ต่างระดับบางใหญ่,motorcycle,speeding,rear-end collision,2,0,4,clear,13.87543126,100.4290268,straight road,no slope
6566497,2022-04-17T02:15:00Z,2022-04-18T06:40:00Z,สมุทรสาคร,Samut Sakhon,department of rural roads,แยกทางหลวงหมายเลข 375 (กม.ที่ 12+000) - บ้านโคกวัด (ตอนสมุทรสาคร),motorcycle,speeding,other,1,1,0,clear,13.590201,100.099727,straight road,no slope
6566509,2022-04-17T05:40:00Z,2022-04-18T12:35:00Z,นครปฐม,Nakhon Pathom,department of rural roads,เทพนิมิต - บ้านลานตากฟ้า,motorcycle,abrupt lane change,other,2,0,1,clear,13.829307,100.295514,straight road,no slope
6115500,2022-04-17T11:45:00Z,2022-04-18T06:41:00Z,สมุทรปราการ,Samut Prakan,department of highways,ท้ายบ้าน - บางตำหรุ,motorcycle,cutting in closely by people/vehicles/animals,rear-end collision,2,0,1,clear,13.52146263,100.6560141,straight road,no slope
6566537,2022-04-17T13:10:00Z,2022-04-18T12:36:00Z,นนทบุรี,Nonthaburi,department of rural roads,แยกทางหลวงหมายเลข 9 (กม.ที่ 36+900) - คลองกำนันจิตร,motorcycle,speeding,other,1,0,1,rainy,13.879447,100.37524,sharp curve,no slope
6122570,2022-04-17T13:19:00Z,2022-04-19T12:16:00Z,กรุงเทพมหานคร,Bangkok,department of highways,บางปะอิน - แขวงรามอินทรา,private/passenger car,speeding,rear-end collision,3,0,0,clear,13.89083045,100.689598,straight road,no slope
6566498,2022-04-17T16:40:00Z,2022-04-18T06:36:00Z,สมุทรสาคร,Samut Sakhon,department of rural roads,แยกทางหลวงหมายเลข 35 (กม.ที่ 46+300) - เมืองสมุทรสงคราม (ตอนสมุทรสาคร),motorcycle,driving under the influence of alcohol,other,2,0,2,clear,13.485453,100.088854,straight road,no slope
6566505,2022-04-17T17:00:00Z,2022-04-18T14:31:00Z,ปทุมธานี,Pathum Thani,department of rural roads,แยกทางหลวงหมายเลข 305 (กม.ที่ 26+350) - เลียบคลอง 11 ฝั่งตะวันตก,motorcycle,driving under the influence of alcohol,other,1,0,1,rainy,14.095034,100.84609,straight road,no slope
6950237,2022-04-17T19:20:00Z,2022-09-21T11:01:00Z,นนทบุรี,Nonthaburi,department of highways,คลองบางไผ่ - คลองบางหลวง,private/passenger car,cutting in closely by people/vehicles/animals,rear-end collision,2,0,1,clear,13.93353611,100.4160717,straight road,no slope
6115506,2022-04-17T19:30:00Z,2022-04-18T06:43:00Z,ปทุมธานี,Pathum Thani,department of highways,วัดนาบุญ - คลอง 14,private/passenger car,speeding,rear-end collision,3,0,0,clear,14.06181637,100.8500263,straight road,no slope
7414760,2022-04-17T20:45:00Z,2022-11-29T13:47:00Z,สมุทรปราการ,Samut Prakan,department of highways,บางตำหรุ - คลองด่าน,motorcycle,speeding,rear-end collision,2,0,0,clear,13.50957569,100.711112,straight road,no slope
7560785,2022-04-17T20:50:00Z,2023-01-16T13:57:00Z,กรุงเทพมหานคร,Bangkok,department of highways,ดินแดง - งามวงศ์วาน,private/passenger car,speeding,rear-end collision,3,0,0,clear,13.77459739,100.5538801,straight road,no slope
6122041,2022-04-17T21:30:00Z,2022-04-19T10:13:00Z,กรุงเทพมหานคร,Bangkok,department of highways,งามวงศ์วาน - ดอนเมือง,motorcycle,speeding,rear-end collision,2,0,2,clear,13.91263598,100.5973568,straight road,no slope
7007789,2022-04-18T06:00:00Z,2022-09-30T10:51:00Z,สมุทรสาคร,Samut Sakhon,department of highways,บ้านบ่อ - พระประโทน,4-wheel pickup truck,speeding,rollover/fallen on straight road,1,0,0,clear,13.64166781,100.0919643,other,other
6566519,2022-04-18T09:47:00Z,2022-04-19T08:53:00Z,นนทบุรี,Nonthaburi,department of rural roads,ถนนราชพฤกษ์,6-wheel truck,speeding,other,1,1,0,clear,13.888076,100.450259,straight road,no slope
6679633,2022-04-18T11:00:00Z,2022-08-08T08:50:00Z,กรุงเทพมหานคร,Bangkok,department of highways,แขวงรามอินทรา - บางพลี,6-wheel truck,speeding,rear-end collision,2,0,0,clear,13.81344921,100.6774369,straight road,no slope
6143798,2022-04-18T11:28:00Z,2022-04-23T10:33:00Z,กรุงเทพมหานคร,Bangkok,department of highways,แขวงรามอินทรา - บางพลี,private/passenger car,speeding,rear-end collision,2,0,0,clear,13.81437124,100.6771794,straight road,no slope
7414814,2022-04-18T13:00:00Z,2022-11-29T13:50:00Z,สมุทรปราการ,Samut Prakan,department of highways,บางตำหรุ - คลองด่าน,private/passenger car,cutting in closely by people/vehicles/animals,rear-end collision,2,0,3,clear,13.50680859,100.7299277,straight road,no slope
6143801,2022-04-18T15:05:00Z,2022-04-23T11:23:00Z,กรุงเทพมหานคร,Bangkok,department of highways,ถนนศรีนครินทร - แขวงคลองสองต้นนุ่น,6-wheel truck,speeding,rear-end collision,2,0,0,clear,13.73187342,100.7107928,straight road,no slope
6943060,2022-04-18T16:45:00Z,2022-09-20T08:32:00Z,กรุงเทพมหานคร,Bangkok,department of highways,รัชดาภิเษก - รามอินทรา,private/passenger car,speeding,rear-end collision,7,0,0,rainy,13.81909078,100.6802854,other,other
7565195,2022-04-18T17:50:00Z,2023-01-20T09:19:00Z,นนทบุรี,Nonthaburi,department of highways,คลองมหาสวัสดิ์ - คลองบางไผ่,private/passenger car,speeding,rollover/fallen on straight road,1,0,1,clear,13.87344965,100.4099965,straight road,no slope
6143803,2022-04-18T18:12:00Z,2022-04-23T12:00:00Z,กรุงเทพมหานคร,Bangkok,department of highways,ถนนศรีนครินทร - แขวงคลองสองต้นนุ่น,private/passenger car,speeding,rear-end collision,2,0,0,rainy,13.73200109,100.7099265,straight road,no slope
6679961,2022-04-18T19:10:00Z,2022-08-08T09:28:00Z,กรุงเทพมหานคร,Bangkok,department of highways,แขวงคลองสองต้นนุ่น - พิมพา,private/passenger car,speeding,rear-end collision,3,0,0,clear,13.7293799,100.7326126,straight road,no slope
6241402,2022-04-18T19:30:00Z,2022-05-23T09:00:00Z,นครปฐม,Nakhon Pathom,department of highways,อ้อมน้อย - ศาลายา,4-wheel pickup truck,speeding,rollover/fallen on straight road,1,0,0,rainy,13.73402038,100.2995324,straight road,no slope
7561540,2022-04-18T19:45:00Z,2023-01-17T10:28:00Z,กรุงเทพมหานคร,Bangkok,department of highways,บางบอน - โรงพยาบาลบางปะกอก 8,4-wheel pickup truck,speeding,rear-end collision,2,0,1,rainy,13.64713367,100.3827023,straight road,no slope
6680099,2022-04-18T19:55:00Z,2022-08-08T10:02:00Z,ปทุมธานี,Pathum Thani,department of highways,บางปะอิน - แขวงรามอินทรา,4-wheel pickup truck,speeding,rollover/fallen on straight road,1,0,0,rainy,14.05183032,100.6980228,straight road,no slope
6118940,2022-04-18T20:00:00Z,2022-04-18T21:03:00Z,สมุทรปราการ,Samut Prakan,department of highways,ทางเข้าท่าอากาศยานสุวรรณภูมิ - บางวัว,large passenger vehicle,speeding,rear-end collision,2,0,2,clear,13.622295190000001,100.7352438,straight road,no slope
7561542,2022-04-18T20:20:00Z,2023-01-17T10:26:00Z,กรุงเทพมหานคร,Bangkok,department of highways,บางบอน - โรงพยาบาลบางปะกอก 8,4-wheel pickup truck,speeding,rollover/fallen on straight road,1,0,2,rainy,13.64731612,100.3828391,straight road,no slope
6531290,2022-04-18T20:30:00Z,2022-07-11T08:54:00Z,นครปฐม,Nakhon Pathom,department of highways,พระประโทน - สระกระเทียม,4-wheel pickup truck,speeding,rollover/fallen on straight road,1,0,0,clear,13.79806572,99.97282057,straight road,no slope
6147888,2022-04-18T21:00:00Z,2022-05-01T15:43:00Z,ปทุมธานี,Pathum Thani,department of highways,สนามกีฬาธูปะเตมีย์ - ต่างระดับคลองหลวง,4-wheel pickup truck,speeding,rear-end collision,2,0,0,rainy,14.04648325,100.6166178,straight road,no slope
6918789,2022-04-18T21:51:00Z,2022-09-16T14:39:00Z,กรุงเทพมหานคร,Bangkok,department of highways,บางแค - คลองมหาสวัสดิ์,4-wheel pickup truck,speeding,rear-end collision,2,0,1,rainy,13.69360789,100.4075798,straight road,no slope
7561769,2022-04-18T22:30:00Z,2023-01-17T14:25:00Z,ปทุมธานี,Pathum Thani,department of highways,วัดนาบุญ - คลอง 14,4-wheel pickup truck,speeding,rollover/fallen on straight road,1,0,3,rainy,14.05084678,100.8179659,straight road,no slope
6143799,2022-04-19T00:07:00Z,2022-04-23T10:40:00Z,ปทุมธานี,Pathum Thani,department of highways,บางปะอิน - แขวงรามอินทรา,4-wheel pickup truck,speeding,rollover/fallen on straight road,1,0,0,clear,13.9455812,100.7116833,straight road,no slope
7554568,2022-04-19T04:00:00Z,2023-01-09T13:29:00Z,นนทบุรี,Nonthaburi,department of highways,บางบัวทอง - ไทรน้อย,motorcycle,speeding,rollover/fallen on straight road,1,0,0,clear,13.96073365,100.3568244,straight road,no slope
6680040,2022-04-19T09:52:00Z,2022-08-08T09:47:00Z,กรุงเทพมหานคร,Bangkok,department of highways,แขวงรามอินทรา - บางพลี,4-wheel pickup truck,speeding,rear-end collision,2,0,0,clear,13.76831433,100.6925297,straight road,no slope
7565203,2022-04-19T10:00:00Z,2023-01-20T09:21:00Z,ปทุมธานี,Pathum Thani,department of highways,ต่างระดับลาดหลุมแก้ว - แยกนพวงศ์,other,speeding,rollover/fallen on straight road,1,0,0,clear,14.03067811,100.3858083,straight road,no slope
6238881,2022-04-19T11:15:00Z,2022-05-20T10:39:00Z,ปทุมธานี,Pathum Thani,department of highways,ลำลูกกา - คลอง 16,4-wheel pickup truck,speeding,head-on collision (not overtaking),2,0,1,clear,13.95383305,100.8379617,straight road,no slope
6680073,2022-04-19T12:29:00Z,2022-08-08T09:57:00Z,กรุงเทพมหานคร,Bangkok,department of highways,บางปะอิน - แขวงรามอินทรา,private/passenger car,speeding,rollover/fallen on straight road,1,0,0,clear,13.90782462,100.6987524,straight road,no slope
7564958,2022-04-19T12:40:00Z,2023-01-20T06:30:00Z,กรุงเทพมหานคร,Bangkok,department of highways,บางนา - ทางเข้าท่าอากาศยานสุวรรณภูมิ,private/passenger car,speeding,rear-end collision,2,0,1,clear,13.66838467,100.6334017,other,other
7567907,2022-04-19T15:40:00Z,2023-01-24T07:25:00Z,นครปฐม,Nakhon Pathom,department of highways,ดอนตูม - ลำลูกบัว,4-wheel pickup truck,speeding,collision with obstruction (on road surface),2,0,0,rainy,13.96573132,100.0863612,other,other
6143800,2022-04-19T19:08:00Z,2022-04-23T10:53:00Z,ปทุมธานี,Pathum Thani,department of highways,บางปะอิน - แขวงรามอินทรา,private/passenger car,speeding,rear-end collision,2,0,1,clear,14.02099516,100.6994203,straight road,no slope
7008863,2022-04-20T07:00:00Z,2022-09-30T14:16:00Z,สมุทรปราการ,Samut Prakan,department of highways,ทางเข้าท่าอากาศยานสุวรรณภูมิ - บางวัว,large passenger vehicle,speeding,rear-end collision,3,0,0,clear,13.6076213,100.7691255,straight road,no slope
7564188,2022-04-20T07:40:00Z,2023-01-19T11:07:00Z,สมุทรสาคร,Samut Sakhon,department of highways,แสมดำ - สะพานข้ามแม่น้ำท่าจีนฝั่งตะวันตก,4-wheel pickup truck,vehicle equipment failure,rollover/fallen on straight road,1,0,0,clear,13.56176377,100.2757922,straight road,no slope
6679979,2022-04-20T08:35:00Z,2022-08-08T09:30:00Z,สมุทรปราการ,Samut Prakan,department of highways,แขวงคลองสองต้นนุ่น - พิมพา,private/passenger car,speeding,rollover/fallen on straight road,1,0,0,clear,13.66116655,100.8577537,straight road,no slope
6143806,2022-04-20T10:58:00Z,2022-04-23T12:33:00Z,กรุงเทพมหานคร,Bangkok,department of highways,ถนนศรีนครินทร - แขวงคลองสองต้นนุ่น,large truck with trailer,speeding,rear-end collision,2,0,0,clear,13.73191511,100.710428,straight road,no slope
6679657,2022-04-20T11:00:00Z,2022-08-08T08:55:00Z,สมุทรปราการ,Samut Prakan,department of highways,แขวงคลองสองต้นนุ่น - พิมพา,private/passenger car,speeding,rollover/fallen on straight road,1,0,0,clear,13.70173837,100.8241939,straight road,no slope
6138821,2022-04-20T12:39:00Z,2022-04-22T08:40:00Z,กรุงเทพมหานคร,Bangkok,expressway authority of thailand,รามอินทรา-อาจณรงค์,other,other,rear-end collision,3,0,0,clear,13.750301,100.603154,straight road,other
6143810,2022-04-21T04:10:00Z,2022-04-23T13:29:00Z,กรุงเทพมหานคร,Bangkok,department of highways,บางปะอิน - แขวงรามอินทรา,large truck with trailer,speeding,rear-end collision,2,0,0,clear,13.85933054,100.6761628,straight road,no slope
6680017,2022-04-21T06:01:00Z,2022-08-08T09:42:00Z,ปทุมธานี,Pathum Thani,department of highways,บางปะอิน - แขวงรามอินทรา,4-wheel pickup truck,speeding,rollover/fallen on straight road,1,0,0,clear,13.96738677,100.7130432,straight road,no slope
6680041,2022-04-21T07:10:00Z,2022-08-08T09:45:00Z,กรุงเทพมหานคร,Bangkok,department of highways,แขวงรามอินทรา - บางพลี,private/passenger car,speeding,rear-end collision,2,0,0,clear,13.69635978,100.6997394,straight road,no slope
6138822,2022-04-21T07:18:00Z,2022-04-22T08:40:00Z,กรุงเทพมหานคร,Bangkok,expressway authority of thailand,บางนา-ท่าเรือ,other,other,collision with obstruction (on road surface),1,0,0,clear,NA,NA,straight road,other
6679992,2022-04-21T08:16:00Z,2022-08-08T09:37:00Z,กรุงเทพมหานคร,Bangkok,department of highways,แขวงคลองสองต้นนุ่น - พิมพา,4-wheel pickup truck,speeding,rear-end collision,2,0,0,clear,13.7305472,100.7217979,straight road,no slope
6143813,2022-04-21T08:31:00Z,2022-04-23T14:28:00Z,กรุงเทพมหานคร,Bangkok,department of highways,ถนนศรีนครินทร - แขวงคลองสองต้นนุ่น,private/passenger car,speeding,rear-end collision,2,0,0,clear,13.7317692,100.7117396,straight road,no slope
7567883,2022-04-21T09:12:00Z,2023-01-24T07:11:00Z,นครปฐม,Nakhon Pathom,department of highways,นครปฐม - ดอนตูม,4-wheel pickup truck,vehicle equipment failure,rollover/fallen on straight road,1,0,0,clear,13.89410076,100.0613254,straight road,no slope
6149055,2022-04-21T09:34:00Z,2022-05-05T09:36:00Z,กรุงเทพมหานคร,Bangkok,expressway authority of thailand,พญาไท-ศรีนครินทร์,van,other,rear-end collision,7,0,0,rainy,13.74139227,100.6152614,grade-separated intersection/ramps,other
6147787,2022-04-21T14:03:00Z,2022-04-30T09:18:00Z,กรุงเทพมหานคร,Bangkok,department of highways,ถนนศรีนครินทร - แขวงคลองสองต้นนุ่น,4-wheel pickup truck,speeding,rear-end collision,2,0,0,clear,13.73170406,100.7119086,straight road,no slope
6138824,2022-04-21T17:40:00Z,2022-04-22T08:40:00Z,สมุทรปราการ,Samut Prakan,expressway authority of thailand,บางพลี-สุขสวัสดิ์,other,other,rear-end collision,3,0,1,clear,13.632354,100.577381,straight road,other
6138825,2022-04-22T07:18:00Z,2022-04-22T08:41:00Z,กรุงเทพมหานคร,Bangkok,expressway authority of thailand,บางนา-ท่าเรือ,other,other,collision with obstruction (on road surface),1,0,0,clear,NA,NA,straight road,other
6138832,2022-04-22T07:33:00Z,2022-04-22T08:43:00Z,กรุงเทพมหานคร,Bangkok,expressway authority of thailand,รามอินทรา-อาจณรงค์,other,other,rear-end collision,3,0,0,clear,13.773023,100.606756,straight road,other
7565010,2022-04-22T12:30:00Z,2023-01-20T07:02:00Z,สมุทรปราการ,Samut Prakan,department of highways,บางตำหรุ - คลองด่าน,4-wheel pickup truck,speeding,rear-end collision,2,0,1,clear,13.50842556,100.7186356,straight road,no slope
6149048,2022-04-22T14:38:00Z,2022-05-05T09:29:00Z,สมุทรปราการ,Samut Prakan,expressway authority of thailand,บางพลี-สุขสวัสดิ์,4-wheel pickup truck,other,rear-end collision,2,0,0,clear,13.624442,100.666943,straight road,other
6149045,2022-04-22T16:37:00Z,2022-05-05T09:28:00Z,สมุทรปราการ,Samut Prakan,expressway authority of thailand,บางพลี-สุขสวัสดิ์,other,other,rear-end collision,3,0,1,clear,13.637099,100.547235,straight road,other
6680015,2022-04-22T18:26:00Z,2022-08-08T09:44:00Z,ปทุมธานี,Pathum Thani,department of highways,บางปะอิน - แขวงรามอินทรา,private/passenger car,speeding,rear-end collision,2,0,0,clear,14.00351746,100.7071021,straight road,no slope
6149056,2022-04-22T19:40:00Z,2022-05-05T09:36:00Z,กรุงเทพมหานคร,Bangkok,expressway authority of thailand,พญาไท-ศรีนครินทร์,other,other,rear-end collision,2,0,0,clear,NA,NA,straight road,other
7560780,2022-04-22T22:15:00Z,2023-01-16T13:54:00Z,กรุงเทพมหานคร,Bangkok,department of highways,ดินแดง - งามวงศ์วาน,private/passenger car,speeding,rear-end collision,2,0,1,clear,13.78942803,100.561198,other,other
6566554,2022-04-22T23:57:00Z,2022-04-25T16:19:00Z,กรุงเทพมหานคร,Bangkok,department of rural roads,สะพานภูมิพลที่ 1 ไปสะพานภูมิพลที่ 2,motorcycle,driving under the influence of alcohol,other,1,0,1,clear,13.671214,100.53869,straight road,slope area
6178191,2022-04-23T05:30:00Z,2022-05-10T13:53:00Z,กรุงเทพมหานคร,Bangkok,department of highways,ถนนศรีนครินทร - แขวงคลองสองต้นนุ่น,private/passenger car,speeding,rollover/fallen on straight road,1,0,3,clear,13.73267593,100.7008204,straight road,no slope
6143792,2022-04-23T06:30:00Z,2022-04-23T07:17:00Z,กรุงเทพมหานคร,Bangkok,expressway authority of thailand,ดินแดง-ท่าเรือ,other,other,side collision,2,0,1,clear,NA,NA,wide curve,other
6531780,2022-04-23T11:15:00Z,2022-07-11T10:29:00Z,นครปฐม,Nakhon Pathom,department of highways,หนองตะเลา - รางพิกุล,motorcycle,cutting in closely by people/vehicles/animals,rear-end collision,2,0,3,clear,13.95315885,99.88450079,straight road,no slope
7561189,2022-04-23T14:53:00Z,2023-01-17T06:40:00Z,กรุงเทพมหานคร,Bangkok,department of highways,บางแค - คลองมหาสวัสดิ์,motorcycle,cutting in closely by people/vehicles/animals,rear-end collision,2,0,2,clear,13.69329648,100.4075986,straight road,no slope
6143898,2022-04-23T14:55:00Z,2022-04-24T15:18:00Z,กรุงเทพมหานคร,Bangkok,department of highways,แขวงรามอินทรา - บางพลี,4-wheel pickup truck,speeding,rear-end collision,2,0,0,clear,13.76197334,100.6956759,straight road,no slope
6679717,2022-04-23T17:52:00Z,2022-08-08T09:09:00Z,กรุงเทพมหานคร,Bangkok,department of highways,แขวงรามอินทรา - บางพลี,private/passenger car,speeding,rear-end collision,4,0,2,clear,13.66177122,100.6955203,straight road,no slope
6143820,2022-04-23T18:18:00Z,2022-04-23T22:30:00Z,กรุงเทพมหานคร,Bangkok,expressway authority of thailand,พญาไท-ศรีนครินทร์,other,other,collision with obstruction (on road surface),1,0,0,clear,NA,NA,straight road,other
6664350,2022-04-23T18:30:00Z,2022-08-05T14:45:00Z,ปทุมธานี,Pathum Thani,department of highways,บางปะอิน - แขวงรามอินทรา,large truck with trailer,speeding,rollover/fallen on straight road,1,0,1,clear,14.1189221,100.6764793,straight road,no slope
7567903,2022-04-23T19:00:00Z,2023-01-24T07:23:00Z,นครปฐม,Nakhon Pathom,department of highways,บ้านบ่อ - พระประโทน,4-wheel pickup truck,speeding,rollover/fallen on straight road,1,0,0,clear,13.7635052,100.0895423,straight road,no slope
6566543,2022-04-23T19:40:00Z,2022-04-25T16:19:00Z,สมุทรปราการ,Samut Prakan,department of rural roads,ออกจากสะพานภูมิพลที่ 2 ไปถนนวงแหวนอุตสาหกรรม,motorcycle,running red lights/traffic signals,other,1,0,1,clear,13.664281,100.534529,straight road,slope area
6233643,2022-04-23T19:51:00Z,2022-05-19T14:37:00Z,ปทุมธานี,Pathum Thani,department of highways,คลองบางไผ่ - คลองบางหลวง,large truck with trailer,speeding,rollover/fallen on straight road,1,0,0,clear,13.99408062,100.4465657,straight road,no slope
6149044,2022-04-23T23:06:00Z,2022-05-05T09:26:00Z,สมุทรปราการ,Samut Prakan,expressway authority of thailand,บางพลี-สุขสวัสดิ์,large truck with trailer,other,rear-end collision,3,0,0,clear,13.600836,100.639763,wide curve,other
6241403,2022-04-24T01:00:00Z,2022-05-23T09:01:00Z,นครปฐม,Nakhon Pathom,department of highways,อ้อมใหญ่ - นครชัยศรี,private/passenger car,speeding,rollover/fallen on curved road,3,0,1,clear,13.71001449,100.266509,wide curve,no slope
6679630,2022-04-24T03:20:00Z,2022-08-08T08:53:00Z,กรุงเทพมหานคร,Bangkok,department of highways,แขวงคลองสองต้นนุ่น - พิมพา,4-wheel pickup truck,vehicle equipment failure,rollover/fallen on straight road,1,0,1,clear,13.71315705,100.8185989,straight road,no slope
6566550,2022-04-24T12:30:00Z,2022-04-25T16:19:00Z,สมุทรปราการ,Samut Prakan,department of rural roads,สะพานภูมิพลที่ 1 ไปสะพานภูมิพลที่ 2,motorcycle,speeding,other,1,0,2,clear,13.66339,100.538761,wide curve,slope area
7565067,2022-04-25T01:00:00Z,2023-01-20T08:31:00Z,ปทุมธานี,Pathum Thani,department of highways,ต่างระดับรังสิต - วัดนาบุญ,private/passenger car,speeding,rollover/fallen on straight road,1,0,1,clear,13.99938986,100.6838152,straight road,no slope
6679631,2022-04-25T02:30:00Z,2022-08-08T08:53:00Z,กรุงเทพมหานคร,Bangkok,department of highways,แขวงคลองสองต้นนุ่น - พิมพา,6-wheel truck,vehicle equipment failure,rollover/fallen on straight road,1,0,0,clear,13.7321444,100.778811,straight road,no slope
6664328,2022-04-25T04:50:00Z,2022-08-05T14:40:00Z,กรุงเทพมหานคร,Bangkok,department of highways,บางปะอิน - แขวงรามอินทรา,7-10-wheel truck,vehicle equipment failure,other,1,0,0,clear,13.87137689,100.6799313,straight road,no slope
7564189,2022-04-25T05:50:00Z,2023-01-19T11:08:00Z,สมุทรสาคร,Samut Sakhon,department of highways,แสมดำ - สะพานข้ามแม่น้ำท่าจีนฝั่งตะวันตก,private/passenger car,speeding,rear-end collision,5,0,1,clear,13.57901907,100.3054815,straight road,no slope
6679719,2022-04-25T06:58:00Z,2022-08-08T09:06:00Z,กรุงเทพมหานคร,Bangkok,department of highways,แขวงคลองสองต้นนุ่น - พิมพา,private/passenger car,speeding,rear-end collision,2,0,0,clear,13.72972905,100.7290506,straight road,no slope
6664327,2022-04-25T08:49:00Z,2022-08-05T14:44:00Z,กรุงเทพมหานคร,Bangkok,department of highways,บางปะอิน - แขวงรามอินทรา,4-wheel pickup truck,speeding,rear-end collision,3,0,0,clear,13.87708215,100.6828818,straight road,no slope
6679656,2022-04-25T08:56:00Z,2022-08-08T08:59:00Z,สมุทรปราการ,Samut Prakan,department of highways,แขวงคลองสองต้นนุ่น - พิมพา,private/passenger car,vehicle equipment failure,other,1,0,0,clear,13.7025514,100.8238318,straight road,no slope
7561188,2022-04-25T09:00:00Z,2023-01-17T06:44:00Z,กรุงเทพมหานคร,Bangkok,department of highways,บางแค - คลองมหาสวัสดิ์,private/passenger car,other,rollover/fallen on straight road,1,0,0,clear,13.69299201,100.407451,straight road,no slope
6144075,2022-04-25T09:12:00Z,2022-04-25T12:48:00Z,กรุงเทพมหานคร,Bangkok,expressway authority of thailand,พญาไท-ศรีนครินทร์,4-wheel pickup truck,other,side collision,3,0,0,clear,13.76662402,100.5391511,straight road,other
6679653,2022-04-25T10:01:00Z,2022-08-08T08:56:00Z,สมุทรปราการ,Samut Prakan,department of highways,แขวงคลองสองต้นนุ่น - พิมพา,4-wheel pickup truck,speeding,rear-end collision,4,0,0,clear,13.64233769,100.8869013,straight road,no slope
6149125,2022-04-25T10:50:00Z,2022-05-05T11:45:00Z,กรุงเทพมหานคร,Bangkok,expressway authority of thailand,บางนา-ชลบุรี,other,other,rollover/fallen on straight road,1,0,0,clear,NA,NA,straight road,other
7561569,2022-04-25T12:31:00Z,2023-01-17T10:47:00Z,กรุงเทพมหานคร,Bangkok,department of highways,บางแค - คลองมหาสวัสดิ์,private/passenger car,speeding,rear-end collision,3,0,1,clear,13.67818787,100.40681,straight road,no slope
7560778,2022-04-25T16:15:00Z,2023-01-16T13:51:00Z,กรุงเทพมหานคร,Bangkok,department of highways,ดินแดง - งามวงศ์วาน,motorcycle,speeding,rear-end collision,2,0,1,clear,13.76433811,100.5481308,other,other
6679601,2022-04-25T23:30:00Z,2022-08-08T08:48:00Z,กรุงเทพมหานคร,Bangkok,department of highways,แขวงรามอินทรา - บางพลี,4-wheel pickup truck,speeding,rear-end collision,2,0,1,clear,13.79982396,100.6810284,straight road,no slope
6664322,2022-04-26T05:59:00Z,2022-08-05T14:43:00Z,ปทุมธานี,Pathum Thani,department of highways,บางปะอิน - แขวงรามอินทรา,private/passenger car,speeding,rear-end collision,2,0,0,clear,14.02717293,100.6981677,straight road,no slope
6566571,2022-04-26T10:45:00Z,2022-04-28T10:03:00Z,กรุงเทพมหานคร,Bangkok,department of rural roads,สะพานภูมิพลที่ 2 ไปสะพานภูมิพลที่ 1,motorcycle,unfamiliarity with the route/unskilled driving,other,2,0,1,clear,13.683343,100.54148,wide curve,no slope
7444598,2022-04-26T11:00:00Z,2022-12-08T14:11:00Z,สมุทรปราการ,Samut Prakan,department of highways,ไม่ทราบ,private/passenger car,speeding,rear-end collision,4,0,2,clear,13.59541409,100.8035477,straight road,no slope
6145505,2022-04-26T12:20:00Z,2022-04-27T08:54:00Z,ปทุมธานี,Pathum Thani,department of highways,บางปะอิน - แขวงรามอินทรา,private/passenger car,speeding,rear-end collision,2,0,0,rainy,13.92891523,100.707027,straight road,no slope
6663926,2022-04-26T12:20:00Z,2022-08-05T13:08:00Z,สมุทรปราการ,Samut Prakan,department of highways,แขวงคลองสองต้นนุ่น - พิมพา,large truck with trailer,speeding,rollover/fallen on straight road,1,0,0,clear,13.67236568,100.8402336,straight road,no slope
6566579,2022-04-26T18:44:00Z,2022-04-28T10:03:00Z,สมุทรปราการ,Samut Prakan,department of rural roads,ถนนวงแหวนอุตสาหกรรมเข้าสะพานภูมิพลที่ 1,motorcycle,abrupt lane change,other,2,0,1,clear,13.665541,100.521029,grade-separated intersection/ramps,other
6663928,2022-04-27T00:30:00Z,2022-08-05T13:06:00Z,กรุงเทพมหานคร,Bangkok,department of highways,บางปะอิน - แขวงรามอินทรา,large truck with trailer,falling asleep,rollover/fallen on straight road,1,0,1,clear,13.91590598,100.7029152,straight road,no slope
7008803,2022-04-27T04:00:00Z,2022-09-30T14:07:00Z,สมุทรปราการ,Samut Prakan,department of highways,ทางเข้าท่าอากาศยานสุวรรณภูมิ - บางวัว,7-10-wheel truck,falling asleep,rear-end collision,2,0,0,clear,13.61704251,100.7463884,straight road,no slope
7560776,2022-04-27T10:00:00Z,2023-01-16T13:50:00Z,กรุงเทพมหานคร,Bangkok,department of highways,ดินแดง - งามวงศ์วาน,private/passenger car,failure to yield right of way,rear-end collision,2,0,1,clear,13.83463434,100.5567643,other,other
6148287,2022-04-27T10:10:00Z,2022-05-03T09:35:00Z,กรุงเทพมหานคร,Bangkok,expressway authority of thailand,บางปะอิน-แจ้งวัฒนะ,other,other,side collision,1,0,0,clear,NA,NA,straight road,other
6145675,2022-04-27T10:16:00Z,2022-04-27T23:50:00Z,กรุงเทพมหานคร,Bangkok,expressway authority of thailand,ดาวคะนอง-ท่าเรือ,other,other,rear-end collision,5,0,0,clear,13.71237109,100.5533792,straight road,other
6663905,2022-04-27T15:30:00Z,2022-08-05T13:04:00Z,สมุทรปราการ,Samut Prakan,department of highways,แขวงคลองสองต้นนุ่น - พิมพา,4-wheel pickup truck,speeding,other,1,0,0,clear,13.65364457,100.8692953,straight road,no slope
6663955,2022-04-27T18:02:00Z,2022-08-05T13:13:00Z,สมุทรปราการ,Samut Prakan,department of highways,แขวงคลองสองต้นนุ่น - พิมพา,4-wheel pickup truck,speeding,rear-end collision,3,0,0,clear,13.66595694,100.8501765,straight road,no slope
7560774,2022-04-27T18:06:00Z,2023-01-16T13:45:00Z,กรุงเทพมหานคร,Bangkok,department of highways,ดินแดง - งามวงศ์วาน,private/passenger car,cutting in closely by people/vehicles/animals,rear-end collision,2,0,1,clear,13.77376943,100.55361,straight road,no slope
6566577,2022-04-27T20:15:00Z,2022-05-10T10:06:00Z,สมุทรปราการ,Samut Prakan,department of rural roads,ออกจากสะพานภูมิพลที่ 2 ไปถนนวงแหวนอุตสาหกรรม,motorcycle,unfamiliarity with the route/unskilled driving,other,1,0,1,clear,13.664755,100.518959,grade-separated intersection/ramps,other
6944702,2022-04-27T20:30:00Z,2022-09-20T14:17:00Z,นครปฐม,Nakhon Pathom,department of highways,ทางเข้านครชัยศรี,7-10-wheel truck,speeding,rollover/fallen on straight road,1,0,0,clear,13.79519521,100.1703787,straight road,no slope
7512388,2022-04-28T07:40:00Z,2022-12-27T14:37:00Z,กรุงเทพมหานคร,Bangkok,department of highways,ไม่ทราบ,motorcycle,illegal overtaking,side collision,2,0,0,clear,13.81753005,100.558855,straight road,no slope
7560771,2022-04-28T13:30:00Z,2023-01-16T13:43:00Z,กรุงเทพมหานคร,Bangkok,department of highways,ดินแดง - งามวงศ์วาน,private/passenger car,speeding,rear-end collision,3,0,0,clear,13.81753005,100.558855,straight road,no slope
6148014,2022-04-28T15:30:00Z,2022-05-02T10:05:00Z,นครปฐม,Nakhon Pathom,department of highways,ลาดบัวหลวง - สองพี่น้อง,4-wheel pickup truck,speeding,head-on collision (not overtaking),2,0,5,clear,14.16141107,100.2689552,straight road,no slope
6148938,2022-04-28T18:40:00Z,2022-05-04T18:01:00Z,กรุงเทพมหานคร,Bangkok,expressway authority of thailand,พญาไท-ศรีนครินทร์,other,other,rear-end collision,4,0,0,clear,13.76116193,100.5459946,straight road,other
6146471,2022-04-28T18:53:00Z,2022-04-28T20:30:00Z,กรุงเทพมหานคร,Bangkok,expressway authority of thailand,รามอินทรา-อาจณรงค์,other,other,rear-end collision,3,0,0,clear,13.765726,100.600939,straight road,other
7564259,2022-04-28T21:10:00Z,2023-01-19T11:46:00Z,สมุทรสาคร,Samut Sakhon,department of highways,อ้อมน้อย - สมุทรสาคร,4-wheel pickup truck,speeding,rollover/fallen on straight road,1,0,0,clear,13.63341535,100.2959946,straight road,no slope
6943047,2022-04-28T22:00:00Z,2022-09-20T08:29:00Z,นครปฐม,Nakhon Pathom,department of highways,ลำลูกบัว - หนองกระทุ่ม,4-wheel pickup truck,speeding,rollover/fallen on straight road,1,0,0,clear,14.02293646,99.89936559,straight road,no slope
6531316,2022-04-29T00:15:00Z,2022-07-11T08:56:00Z,นครปฐม,Nakhon Pathom,department of highways,พระประโทน - สระกระเทียม,4-wheel pickup truck,speeding,rollover/fallen on straight road,1,0,0,rainy,13.79763072,99.97077941,straight road,no slope
6147792,2022-04-29T00:48:00Z,2022-04-30T09:27:00Z,กรุงเทพมหานคร,Bangkok,department of highways,ถนนศรีนครินทร - แขวงคลองสองต้นนุ่น,private/passenger car,speeding,rear-end collision,2,0,1,clear,13.73284789,100.7019013,straight road,no slope
7565008,2022-04-29T06:45:00Z,2023-01-20T06:59:00Z,สมุทรปราการ,Samut Prakan,department of highways,บางพลี - กิ่งแก้ว,large truck with trailer,speeding,rear-end collision,2,0,27,clear,13.67281655,100.7213259,wide curve,no slope
7518408,2022-04-29T09:29:00Z,2022-12-29T11:39:00Z,สมุทรปราการ,Samut Prakan,expressway authority of thailand,บางพลี-สุขสวัสดิ์,4-wheel pickup truck,other,rear-end collision,2,0,0,clear,13.622481,100.665308,straight road,other
6663925,2022-04-29T11:15:00Z,2022-08-05T13:09:00Z,กรุงเทพมหานคร,Bangkok,department of highways,แขวงคลองสองต้นนุ่น - พิมพา,6-wheel truck,speeding,rear-end collision,3,0,1,clear,13.7293799,100.7372045,straight road,no slope
7008833,2022-04-29T12:45:00Z,2022-09-30T14:13:00Z,สมุทรปราการ,Samut Prakan,department of highways,ทางเข้าท่าอากาศยานสุวรรณภูมิ - บางวัว,private/passenger car,cutting in closely by people/vehicles/animals,rear-end collision,5,0,1,clear,13.60764997,100.7691389,straight road,no slope
6657774,2022-04-29T13:15:00Z,2022-08-04T13:59:00Z,กรุงเทพมหานคร,Bangkok,department of highways,ถนนศรีนครินทร - แขวงคลองสองต้นนุ่น,private/passenger car,speeding,rear-end collision,2,0,0,clear,13.73312408,100.6996241,straight road,no slope
7047489,2022-04-29T13:55:00Z,2022-10-06T10:36:00Z,กรุงเทพมหานคร,Bangkok,department of highways,บางแค - คลองมหาสวัสดิ์,4-wheel pickup truck,speeding,rear-end collision,3,0,0,clear,13.67912868,100.4068985,straight road,no slope
6651514,2022-04-29T16:27:00Z,2022-08-03T13:53:00Z,กรุงเทพมหานคร,Bangkok,department of highways,แขวงคลองสองต้นนุ่น - พิมพา,private/passenger car,speeding,rear-end collision,3,0,0,clear,13.72954666,100.7426548,straight road,no slope
6651550,2022-04-29T20:28:00Z,2022-08-03T13:55:00Z,สมุทรปราการ,Samut Prakan,department of highways,แขวงคลองสองต้นนุ่น - พิมพา,private/passenger car,speeding,rear-end collision,3,0,1,clear,13.63103287,100.90451,straight road,no slope
6147801,2022-04-29T21:55:00Z,2022-04-30T10:57:00Z,กรุงเทพมหานคร,Bangkok,department of highways,แขวงรามอินทรา - บางพลี,4-wheel pickup truck,speeding,rear-end collision,2,0,2,clear,13.76518814,100.6941578,straight road,no slope
6656472,2022-04-29T22:15:00Z,2022-08-04T08:51:00Z,กรุงเทพมหานคร,Bangkok,department of highways,ถนนศรีนครินทร - แขวงคลองสองต้นนุ่น,4-wheel pickup truck,falling asleep,rollover/fallen on straight road,1,0,1,clear,13.73171188,100.7095992,other,other
6656690,2022-04-29T22:50:00Z,2022-08-04T09:37:00Z,กรุงเทพมหานคร,Bangkok,department of highways,แขวงรามอินทรา - บางพลี,motorcycle,speeding,rear-end collision,2,0,1,clear,13.80805755,100.6788263,straight road,no slope
6243091,2022-04-29T23:54:00Z,2022-05-25T10:00:00Z,ปทุมธานี,Pathum Thani,department of highways,สนามกีฬาธูปเตมีย์ - ลำลูกกา,4-wheel pickup truck,vehicle equipment failure,collision with obstruction (on road surface),1,0,1,clear,13.95062345,100.6341648,other,other
6149095,2022-04-30T10:00:00Z,2022-05-05T11:03:00Z,กรุงเทพมหานคร,Bangkok,department of highways,บางปะอิน - แขวงรามอินทรา,4-wheel pickup truck,speeding,rear-end collision,5,0,4,clear,13.88846361,100.6884903,straight road,no slope
7564957,2022-04-30T11:00:00Z,2023-01-20T06:34:00Z,กรุงเทพมหานคร,Bangkok,department of highways,บางนา - ทางเข้าท่าอากาศยานสุวรรณภูมิ,private/passenger car,speeding,rear-end collision,2,0,2,clear,13.6686062,100.6305613,straight road,no slope
6651546,2022-04-30T13:12:00Z,2022-08-03T13:57:00Z,สมุทรปราการ,Samut Prakan,department of highways,แขวงคลองสองต้นนุ่น - พิมพา,private/passenger car,speeding,rear-end collision,2,0,0,clear,13.66700466,100.8485699,straight road,no slope
6651569,2022-04-30T13:25:00Z,2022-08-03T14:00:00Z,สมุทรปราการ,Samut Prakan,department of highways,แขวงคลองสองต้นนุ่น - พิมพา,private/passenger car,speeding,rear-end collision,2,0,0,clear,13.62417465,100.9152174,straight road,no slope
6148049,2022-04-30T17:08:00Z,2022-05-02T10:39:00Z,ปทุมธานี,Pathum Thani,department of highways,บางปะอิน - แขวงรามอินทรา,large truck with trailer,speeding,rear-end collision,2,0,0,clear,13.9500768,100.7124585,straight road,no slope
6149066,2022-04-30T20:10:00Z,2022-05-05T10:12:00Z,สมุทรปราการ,Samut Prakan,expressway authority of thailand,บางพลี-สุขสวัสดิ์,other,other,rear-end collision,3,0,0,clear,13.602119,100.651355,straight road,other
6566585,2022-04-30T20:50:00Z,2022-05-03T15:07:00Z,สมุทรปราการ,Samut Prakan,department of rural roads,สะพานภูมิพลที่ 1 ไปสะพานภูมิพลที่ 2,motorcycle,speeding,other,2,0,1,clear,13.656102,100.540635,straight road,slope area
6281735,2022-05-01T02:00:00Z,2022-05-31T07:37:00Z,กรุงเทพมหานคร,Bangkok,department of highways,แยก คปอ. - สนามกีฬาธูปะเตมีย์,private/passenger car,speeding,rollover/fallen on straight road,1,0,0,clear,13.94343099,100.6235808,straight road,no slope
6288591,2022-05-01T03:09:00Z,2022-06-01T09:53:00Z,กรุงเทพมหานคร,Bangkok,expressway authority of thailand,บางพลี-สุขสวัสดิ์,other,other,rollover/fallen on straight road,1,0,1,clear,NA,NA,straight road,other
6566591,2022-05-01T03:13:00Z,2022-05-03T15:09:00Z,กรุงเทพมหานคร,Bangkok,department of rural roads,สะพานภูมิพลที่ 1 ไปสะพานภูมิพลที่ 2,private/passenger car,speeding,other,2,0,0,clear,13.669619,100.538567,straight road,slope area
6281714,2022-05-01T15:20:00Z,2022-05-31T07:33:00Z,นครปฐม,Nakhon Pathom,department of highways,อ้อมใหญ่ - นครชัยศรี,4-wheel pickup truck,speeding,rollover/fallen on straight road,1,0,1,clear,13.72613594,100.2523631,straight road,no slope
7443856,2022-05-01T16:15:00Z,2022-12-08T10:37:00Z,กรุงเทพมหานคร,Bangkok,department of highways,ไม่ทราบ,private/passenger car,speeding,rear-end collision,2,0,0,clear,13.68013595,100.4717396,straight road,no slope
7444407,2022-05-01T20:15:00Z,2022-12-08T10:45:00Z,กรุงเทพมหานคร,Bangkok,department of highways,ไม่ทราบ,private/passenger car,speeding,rear-end collision,2,0,1,clear,13.67912738,100.4681119,straight road,no slope
6318299,2022-05-02T04:28:00Z,2022-06-06T11:05:00Z,สมุทรปราการ,Samut Prakan,expressway authority of thailand,บางพลี-สุขสวัสดิ์,4-wheel pickup truck,other,rear-end collision,2,0,0,clear,13.631415,100.580982,grade-separated intersection/ramps,other
6203793,2022-05-02T05:00:00Z,2022-05-14T12:44:00Z,กรุงเทพมหานคร,Bangkok,department of highways,บางปะอิน - แขวงรามอินทรา,4-wheel pickup truck,speeding,rollover/fallen on curved road,1,0,0,rainy,13.82999586,100.6743336,wide curve,no slope
6148160,2022-05-02T06:40:00Z,2022-05-02T14:27:00Z,กรุงเทพมหานคร,Bangkok,expressway authority of thailand,พญาไท-ศรีนครินทร์,other,other,collision with obstruction (on road surface),1,0,0,rainy,NA,NA,straight road,other
6203753,2022-05-02T07:15:00Z,2022-05-14T12:33:00Z,กรุงเทพมหานคร,Bangkok,department of highways,แขวงคลองสองต้นนุ่น - พิมพา,6-wheel truck,speeding,rollover/fallen on straight road,1,0,0,clear,13.729518,100.7435775,other,other
6205172,2022-05-02T08:55:00Z,2022-05-14T18:06:00Z,ปทุมธานี,Pathum Thani,department of highways,บางปะอิน - แขวงรามอินทรา,private/passenger car,speeding,rear-end collision,2,0,4,clear,14.00930013,100.7042616,straight road,no slope
6566607,2022-05-02T09:30:00Z,2022-05-12T08:44:00Z,กรุงเทพมหานคร,Bangkok,department of rural roads,สะพานภูมิพลที่ 1 ไปสะพานภูมิพลที่ 2,private/passenger car,speeding,other,2,0,0,clear,13.670046,100.538561,straight road,slope area
6148316,2022-05-02T10:50:00Z,2022-05-03T11:32:00Z,กรุงเทพมหานคร,Bangkok,department of highways,แขวงรามอินทรา - บางพลี,private/passenger car,speeding,collision with obstruction (on road surface),4,0,0,clear,13.74108905,100.7029796,straight road,no slope
6258528,2022-05-02T12:00:00Z,2022-05-27T09:01:00Z,กรุงเทพมหานคร,Bangkok,department of highways,แขวงคลองสองต้นนุ่น - พิมพา,private/passenger car,speeding,rear-end collision,5,0,4,clear,13.73184476,100.7679024,straight road,no slope
6170965,2022-05-02T13:25:00Z,2022-05-09T11:29:00Z,กรุงเทพมหานคร,Bangkok,department of highways,แขวงคลองสองต้นนุ่น - พิมพา,private/passenger car,speeding,rear-end collision,2,0,0,clear,13.7297082,100.7535821,straight road,no slope
6148163,2022-05-02T13:29:00Z,2022-05-02T14:32:00Z,กรุงเทพมหานคร,Bangkok,expressway authority of thailand,พญาไท-บางโคล่,other,other,rear-end collision,3,0,0,clear,13.76594083,100.5272833,straight road,other
6170919,2022-05-02T14:25:00Z,2022-05-09T11:16:00Z,กรุงเทพมหานคร,Bangkok,department of highways,แขวงคลองสองต้นนุ่น - พิมพา,private/passenger car,speeding,rear-end collision,2,0,0,clear,13.73272283,100.7887995,straight road,no slope
6149093,2022-05-02T19:00:00Z,2022-05-05T10:57:00Z,สมุทรปราการ,Samut Prakan,department of highways,ราษฎร์บูรณะ - พระสมุทรเจดีย์,private/passenger car,speeding,rollover/fallen on straight road,1,0,0,clear,13.64889825,100.5229202,straight road,no slope
6203750,2022-05-02T23:00:00Z,2022-05-14T12:31:00Z,ปทุมธานี,Pathum Thani,department of highways,บางปะอิน - แขวงรามอินทรา,4-wheel pickup truck,speeding,rollover/fallen on curved road,1,0,0,clear,14.00757211,100.7028374,other,other
6148379,2022-05-03T00:30:00Z,2022-05-03T13:45:00Z,กรุงเทพมหานคร,Bangkok,department of highways,บางปะอิน - แขวงรามอินทรา,private/passenger car,speeding,rear-end collision,2,0,0,clear,13.89254633,100.6905931,straight road,no slope
6374442,2022-05-03T02:26:00Z,2022-06-15T09:43:00Z,สมุทรสาคร,Samut Sakhon,department of highways,อ้อมน้อย - สมุทรสาคร,motorcycle,speeding,rollover/fallen on curved road,1,1,0,clear,13.65609459,100.2743062,wide curve,no slope
6318245,2022-05-03T07:33:00Z,2022-06-06T11:00:00Z,กรุงเทพมหานคร,Bangkok,expressway authority of thailand,รามอินทรา-วงแหวนรอบนอก,other,other,rear-end collision,2,0,0,clear,NA,NA,straight road,other
6148458,2022-05-03T07:42:00Z,2022-05-03T15:59:00Z,กรุงเทพมหานคร,Bangkok,expressway authority of thailand,แจ้งวัฒนะ-พญาไท,other,other,rear-end collision,3,0,1,clear,13.78035677,100.5337848,straight road,other
6318231,2022-05-03T08:02:00Z,2022-06-06T10:59:00Z,กรุงเทพมหานคร,Bangkok,expressway authority of thailand,รามอินทรา-อาจณรงค์,other,other,rear-end collision,2,0,0,clear,13.801227,100.61554,straight road,other
6242081,2022-05-03T08:25:00Z,2022-05-24T09:15:00Z,สมุทรสาคร,Samut Sakhon,department of highways,สะพานข้ามแม่น้ำท่าจีนฝั่งตะวันตก - นาโคก,4-wheel pickup truck,speeding,rear-end collision,2,0,1,clear,13.53757869,100.2233308,straight road,no slope
6205173,2022-05-03T12:29:00Z,2022-05-14T18:09:00Z,กรุงเทพมหานคร,Bangkok,department of highways,แขวงคลองสองต้นนุ่น - พิมพา,private/passenger car,speeding,rear-end collision,3,0,0,clear,13.72961961,100.7481211,straight road,no slope
6318050,2022-05-03T15:04:00Z,2022-06-06T10:43:00Z,กรุงเทพมหานคร,Bangkok,expressway authority of thailand,บางพลี-สุขสวัสดิ์,other,other,side collision,1,0,0,clear,NA,NA,straight road,other
7561673,2022-05-03T19:15:00Z,2023-01-17T12:03:00Z,กรุงเทพมหานคร,Bangkok,department of highways,ดาวคะนอง -  แสมดำ,private/passenger car,reversing vehicle,collision with obstruction (on road surface),2,0,1,clear,13.67915083,100.4681656,straight road,no slope
6242141,2022-05-04T02:45:00Z,2022-05-24T10:12:00Z,กรุงเทพมหานคร,Bangkok,department of highways,คลองประปา - คันนายาว,private/passenger car,speeding,rollover/fallen on straight road,1,0,2,clear,13.83534534,100.6659248,other,other
6701804,2022-05-04T03:00:00Z,2022-08-11T12:27:00Z,ปทุมธานี,Pathum Thani,department of highways,บางคูวัด - บางพูน,4-wheel pickup truck,speeding,rollover/fallen on straight road,1,0,0,clear,13.97453944,100.5763364,straight road,no slope
6178341,2022-05-04T12:51:00Z,2022-05-10T14:16:00Z,กรุงเทพมหานคร,Bangkok,department of highways,ถนนศรีนครินทร - แขวงคลองสองต้นนุ่น,4-wheel pickup truck,speeding,rear-end collision,3,0,0,clear,13.73577649,100.6741619,straight road,no slope
6318235,2022-05-04T13:43:00Z,2022-06-06T10:59:00Z,กรุงเทพมหานคร,Bangkok,expressway authority of thailand,รามอินทรา-อาจณรงค์,other,other,collision with obstruction (on road surface),1,0,0,clear,13.757678,100.595626,straight road,other
6566612,2022-05-04T19:12:00Z,2022-05-12T08:44:00Z,สมุทรปราการ,Samut Prakan,department of rural roads,สะพานภูมิพลที่ 1 ไปสะพานภูมิพลที่ 2,passenger pickup truck,unfamiliarity with the route/unskilled driving,other,2,0,2,clear,13.662518,100.539012,straight road,no slope
6566598,2022-05-04T21:20:00Z,2022-05-10T10:09:00Z,นนทบุรี,Nonthaburi,department of rural roads,ถนนราชพฤกษ์,motorcycle,cutting in closely by people/vehicles/animals,other,2,1,0,clear,13.834453,100.447129,y-intersection,other
7569113,2022-05-04T23:30:00Z,2023-01-25T09:16:00Z,กรุงเทพมหานคร,Bangkok,department of highways,บางแค - คลองมหาสวัสดิ์,6-wheel truck,speeding,rear-end collision,2,0,0,clear,13.69367148,100.4074701,straight road,no slope
7444699,2022-05-05T02:00:00Z,2022-12-08T14:13:00Z,สมุทรปราการ,Samut Prakan,department of highways,ไม่ทราบ,large truck with trailer,speeding,rear-end collision,2,0,1,clear,13.59536455,100.8036791,straight road,no slope
6242137,2022-05-05T02:50:00Z,2022-05-24T10:11:00Z,กรุงเทพมหานคร,Bangkok,department of highways,มีนบุรี - แยกเคหะร่มเกล้า,private/passenger car,speeding,rollover/fallen on straight road,1,1,0,clear,13.78686218,100.7462221,straight road,no slope
6149141,2022-05-05T10:37:00Z,2022-05-05T13:03:00Z,กรุงเทพมหานคร,Bangkok,expressway authority of thailand,แจ้งวัฒนะ-พญาไท,other,other,rear-end collision,2,0,0,clear,NA,NA,straight road,other
6242091,2022-05-05T11:10:00Z,2022-05-24T09:27:00Z,สมุทรปราการ,Samut Prakan,department of highways,บางนา - ทางเข้าท่าอากาศยานสุวรรณภูมิ,private/passenger car,speeding,rollover/fallen on straight road,1,0,0,clear,13.64171994,100.6969902,straight road,no slope
6242077,2022-05-05T13:50:00Z,2022-05-24T09:12:00Z,สมุทรสาคร,Samut Sakhon,department of highways,แสมดำ - สะพานข้ามแม่น้ำท่าจีนฝั่งตะวันตก,private/passenger car,speeding,rear-end collision,2,0,1,clear,13.58070073,100.3087297,other,other
6317874,2022-05-05T15:21:00Z,2022-06-06T10:23:00Z,กรุงเทพมหานคร,Bangkok,expressway authority of thailand,ดาวคะนอง-ท่าเรือ,other,other,rear-end collision,3,0,0,clear,13.68857581,100.5223175,grade-separated intersection/ramps,other
6170657,2022-05-05T18:22:00Z,2022-05-09T10:29:00Z,สมุทรปราการ,Samut Prakan,department of highways,แขวงคลองสองต้นนุ่น - พิมพา,private/passenger car,speeding,rear-end collision,2,0,0,clear,13.66349399,100.8539986,straight road,no slope
6566622,2022-05-05T21:30:00Z,2022-05-12T08:48:00Z,กรุงเทพมหานคร,Bangkok,department of rural roads,จุดเชื่อมต่อถนนวงแหวนอุตสาหกรรมเข้าสะพานภูมิพลที่ 2,private/passenger car,failure to yield right of way,other,2,0,0,clear,13.664435,100.517367,y-intersection,other
6153160,2022-05-05T23:09:00Z,2022-05-06T04:50:00Z,กรุงเทพมหานคร,Bangkok,expressway authority of thailand,แจ้งวัฒนะ-พญาไท,other,other,other,1,0,2,clear,NA,NA,wide curve,other
6423300,2022-05-06T00:16:00Z,2022-06-23T11:14:00Z,กรุงเทพมหานคร,Bangkok,expressway authority of thailand,แจ้งวัฒนะ-พญาไท,other,other,rear-end collision,2,0,0,clear,13.80676244,100.5473192,straight road,other
7564274,2022-05-06T01:00:00Z,2023-01-19T12:01:00Z,สมุทรสาคร,Samut Sakhon,department of highways,สะพานข้ามแม่น้ำท่าจีนฝั่งตะวันตก - นาโคก,private/passenger car,cutting in closely by people/vehicles/animals,rear-end collision,2,0,0,clear,13.51038417,100.1397371,straight road,no slope
6318068,2022-05-06T10:25:00Z,2022-06-06T10:44:00Z,สมุทรปราการ,Samut Prakan,expressway authority of thailand,บางพลี-สุขสวัสดิ์,large truck with trailer,other,side collision,3,0,0,clear,13.626587,100.66871,straight road,other
6183761,2022-05-06T13:30:00Z,2022-05-11T09:38:00Z,กรุงเทพมหานคร,Bangkok,department of highways,แขวงรามอินทรา - บางพลี,4-wheel pickup truck,speeding,rollover/fallen on straight road,1,0,3,clear,13.80430415,100.6796229,straight road,no slope
6170770,2022-05-06T13:47:00Z,2022-05-09T10:46:00Z,สมุทรปราการ,Samut Prakan,department of highways,แขวงคลองสองต้นนุ่น - พิมพา,private/passenger car,speeding,rear-end collision,5,0,0,clear,13.66644952,100.8494094,straight road,no slope
6288664,2022-05-06T21:50:00Z,2022-06-01T10:06:00Z,สมุทรปราการ,Samut Prakan,expressway authority of thailand,บางนา-ชลบุรี,4-wheel pickup truck,other,rear-end collision,2,0,1,clear,13.597115,100.79815,straight road,other
6701805,2022-05-06T23:00:00Z,2022-08-11T12:26:00Z,ปทุมธานี,Pathum Thani,department of highways,สะพานข้ามแม่น้ำเจ้าพระยาปทุมธานี - ต่างระดับลาดหลุมแก้ว,4-wheel pickup truck,speeding,rear-end collision,2,0,1,clear,14.0312688,100.4953819,other,other
6204378,2022-05-07T03:00:00Z,2022-05-14T14:58:00Z,ปทุมธานี,Pathum Thani,department of highways,บางปะอิน - แขวงรามอินทรา,private/passenger car,falling asleep,rollover/fallen on straight road,1,0,1,clear,14.00332748,100.7065362,straight road,no slope
6170629,2022-05-07T06:19:00Z,2022-05-09T10:20:00Z,ปทุมธานี,Pathum Thani,department of highways,บางปะอิน - แขวงรามอินทรา,large truck with trailer,speeding,rear-end collision,2,0,0,clear,14.06092655,100.6974703,straight road,no slope
6170682,2022-05-07T08:46:00Z,2022-05-09T10:34:00Z,ปทุมธานี,Pathum Thani,department of highways,บางปะอิน - แขวงรามอินทรา,4-wheel pickup truck,speeding,rear-end collision,3,0,0,clear,14.04993869,100.6984573,straight road,no slope
6203933,2022-05-07T09:30:00Z,2022-05-14T13:14:00Z,กรุงเทพมหานคร,Bangkok,department of highways,แขวงคลองสองต้นนุ่น - พิมพา,other,speeding,rear-end collision,4,0,0,clear,13.7295649,100.745388,straight road,no slope
7007800,2022-05-07T12:00:00Z,2022-09-30T10:52:00Z,สมุทรสาคร,Samut Sakhon,department of highways,บ้านบ่อ - พระประโทน,4-wheel pickup truck,speeding,rollover/fallen on straight road,1,0,1,rainy,13.64247584,100.0918436,other,other
6204520,2022-05-07T13:28:00Z,2022-05-14T15:27:00Z,ปทุมธานี,Pathum Thani,department of highways,บางปะอิน - แขวงรามอินทรา,4-wheel pickup truck,speeding,rollover/fallen on straight road,1,0,0,rainy,14.11888308,100.6765222,straight road,no slope
6170561,2022-05-07T13:51:00Z,2022-05-09T10:12:00Z,ปทุมธานี,Pathum Thani,department of highways,บางปะอิน - แขวงรามอินทรา,4-wheel pickup truck,speeding,rear-end collision,2,0,0,rainy,13.99268562,100.711745,straight road,no slope
7569112,2022-05-07T13:57:00Z,2023-01-25T09:15:00Z,กรุงเทพมหานคร,Bangkok,department of highways,บางแค - คลองมหาสวัสดิ์,private/passenger car,cutting in closely by people/vehicles/animals,rear-end collision,2,0,1,clear,13.67622278,100.4065459,straight road,no slope
7569099,2022-05-07T14:32:00Z,2023-01-25T09:14:00Z,กรุงเทพมหานคร,Bangkok,department of highways,บางแค - คลองมหาสวัสดิ์,motorcycle,speeding,rollover/fallen on straight road,1,0,1,clear,13.67815989,100.4066618,straight road,no slope
6318301,2022-05-07T22:15:00Z,2022-06-06T11:05:00Z,สมุทรปราการ,Samut Prakan,expressway authority of thailand,บางพลี-สุขสวัสดิ์,other,other,rear-end collision,4,0,0,clear,13.635503,100.565804,straight road,other
6171729,2022-05-08T01:15:00Z,2022-05-09T14:15:00Z,ปทุมธานี,Pathum Thani,department of highways,บางปะอิน - แขวงรามอินทรา,private/passenger car,speeding,rollover/fallen on straight road,1,0,0,clear,13.93371313,100.7131719,straight road,no slope
6643813,2022-05-08T01:30:00Z,2022-08-02T08:34:00Z,สมุทรสาคร,Samut Sakhon,department of highways,อ้อมน้อย - สมุทรสาคร,4-wheel pickup truck,speeding,rollover/fallen on straight road,1,0,0,clear,13.65136395,100.2780881,straight road,no slope
6950246,2022-05-08T01:30:00Z,2022-09-21T11:02:00Z,สมุทรปราการ,Samut Prakan,department of highways,คู้บอน - ประเวศ,private/passenger car,speeding,rollover/fallen on straight road,1,0,1,clear,13.65165587,100.6881147,other,other
6183896,2022-05-08T03:19:00Z,2022-05-11T09:57:00Z,กรุงเทพมหานคร,Bangkok,department of highways,แขวงรามอินทรา - บางพลี,7-10-wheel truck,speeding,rear-end collision,2,0,0,clear,13.71381891,100.7003188,straight road,no slope
6488892,2022-05-08T03:30:00Z,2022-07-04T11:27:00Z,กรุงเทพมหานคร,Bangkok,department of highways,คันนายาว - แยกเข้ามีนบุรี,private/passenger car,speeding,rollover/fallen on straight road,1,0,0,clear,13.81270167,100.7163477,straight road,no slope
6319983,2022-05-08T04:20:00Z,2022-06-06T15:51:00Z,สมุทรปราการ,Samut Prakan,department of highways,บางพลี - กิ่งแก้ว,private/passenger car,speeding,rear-end collision,3,0,1,clear,13.68243062,100.7253304,straight road,no slope
6176806,2022-05-08T04:30:00Z,2022-05-10T09:45:00Z,กรุงเทพมหานคร,Bangkok,department of highways,บางปะอิน - แขวงรามอินทรา,4-wheel pickup truck,speeding,rollover/fallen on straight road,1,0,0,clear,13.8210442,100.6751087,straight road,no slope
6368424,2022-05-08T05:00:00Z,2022-06-14T10:56:00Z,สมุทรสาคร,Samut Sakhon,department of highways,สะพานข้ามแม่น้ำท่าจีนฝั่งตะวันตก - นาโคก,4-wheel pickup truck,speeding,rollover/fallen on straight road,1,0,4,rainy,13.52748151,100.1931909,straight road,no slope
6242092,2022-05-08T10:00:00Z,2022-05-24T09:25:00Z,กรุงเทพมหานคร,Bangkok,department of highways,อุดมสุข - สมุทรปราการ,4-wheel pickup truck,speeding,rollover/fallen on straight road,1,0,0,clear,13.66328028,100.6438368,other,other
7561802,2022-05-08T10:00:00Z,2023-01-17T14:47:00Z,นนทบุรี,Nonthaburi,department of highways,แยกพงษ์เพชร - สะพานพระนั่งเกล้า,other,speeding,rollover/fallen on straight road,1,0,0,clear,13.85997375,100.5149326,straight road,no slope
6191424,2022-05-08T15:00:00Z,2022-05-12T13:27:00Z,ปทุมธานี,Pathum Thani,department of highways,บางปะอิน - แขวงรามอินทรา,4-wheel pickup truck,speeding,rollover/fallen on straight road,1,0,0,clear,14.01289406,100.7029635,straight road,no slope
6242125,2022-05-09T02:20:00Z,2022-05-24T10:03:00Z,ปทุมธานี,Pathum Thani,department of highways,ต่างระดับลาดหลุมแก้ว - แยกนพวงศ์,large truck with trailer,speeding,rollover/fallen on curved road,1,0,0,clear,14.056277,100.4461822,other,other
6170407,2022-05-09T02:23:00Z,2022-05-09T09:48:00Z,กรุงเทพมหานคร,Bangkok,department of highways,แขวงคลองสองต้นนุ่น - พิมพา,large truck with trailer,speeding,rear-end collision,2,0,0,clear,13.72972644,100.7290506,straight road,no slope
7476809,2022-05-09T06:00:00Z,2022-12-21T10:04:00Z,สมุทรสาคร,Samut Sakhon,department of highways,ไม่ทราบ,bicycle,speeding,rear-end collision,2,0,0,clear,13.61646641,100.2897745,straight road,no slope
6242101,2022-05-09T06:30:00Z,2022-05-24T09:37:00Z,นนทบุรี,Nonthaburi,department of highways,คลองบางไผ่ - คลองบางหลวง,7-10-wheel truck,speeding,rollover/fallen on straight road,1,0,0,clear,13.97524481,100.4364431,straight road,no slope
7561671,2022-05-09T11:28:00Z,2023-01-17T12:01:00Z,กรุงเทพมหานคร,Bangkok,department of highways,ดาวคะนอง -  แสมดำ,private/passenger car,cutting in closely by people/vehicles/animals,rear-end collision,2,0,0,clear,13.62410036,100.3910413,straight road,no slope
6251928,2022-05-09T14:20:00Z,2022-05-26T07:52:00Z,สมุทรสาคร,Samut Sakhon,department of highways,บ้านบ่อ - พระประโทน,4-wheel pickup truck,speeding,rollover/fallen on straight road,1,0,0,rainy,13.63386108,100.0933644,straight road,no slope
6252494,2022-05-09T16:16:00Z,2022-05-26T10:05:00Z,กรุงเทพมหานคร,Bangkok,department of highways,แขวงคลองสองต้นนุ่น - พิมพา,private/passenger car,speeding,rear-end collision,3,0,0,rainy,13.72972905,100.7290506,straight road,no slope
6173693,2022-05-09T18:50:00Z,2022-05-09T21:09:00Z,กรุงเทพมหานคร,Bangkok,expressway authority of thailand,บางนา-ชลบุรี,other,other,rollover/fallen on straight road,1,0,0,clear,NA,NA,straight road,other
6204400,2022-05-10T00:05:00Z,2022-05-14T15:01:00Z,กรุงเทพมหานคร,Bangkok,department of highways,บางปะอิน - แขวงรามอินทรา,private/passenger car,speeding,rollover/fallen on straight road,1,0,0,clear,13.82740182,100.6739446,straight road,no slope
6318304,2022-05-10T02:13:00Z,2022-06-06T11:06:00Z,สมุทรปราการ,Samut Prakan,expressway authority of thailand,บางพลี-สุขสวัสดิ์,large truck with trailer,other,rear-end collision,2,0,0,clear,13.602761,100.634562,straight road,other
6226139,2022-05-10T03:20:00Z,2022-05-18T11:29:00Z,กรุงเทพมหานคร,Bangkok,department of highways,แขวงรามอินทรา - บางพลี,4-wheel pickup truck,speeding,rollover/fallen on straight road,1,0,0,rainy,13.76150961,100.6961506,straight road,no slope
6318200,2022-05-10T08:12:00Z,2022-06-06T10:56:00Z,กรุงเทพมหานคร,Bangkok,expressway authority of thailand,รามอินทรา-อาจณรงค์,van,other,rear-end collision,4,0,0,clear,13.774803,100.607032,grade-separated intersection/ramps,other
6177094,2022-05-10T09:29:00Z,2022-05-10T10:22:00Z,กรุงเทพมหานคร,Bangkok,expressway authority of thailand,แจ้งวัฒนะ-พญาไท,large passenger vehicle,other,rear-end collision,3,0,0,clear,NA,NA,wide curve,other
6207803,2022-05-10T11:30:00Z,2022-05-15T05:46:00Z,กรุงเทพมหานคร,Bangkok,department of highways,บางปะอิน - แขวงรามอินทรา,private/passenger car,speeding,rear-end collision,2,0,0,clear,13.83638449,100.6733733,straight road,no slope
6242064,2022-05-10T15:50:00Z,2022-05-24T08:58:00Z,สมุทรสาคร,Samut Sakhon,department of highways,แสมดำ - สะพานข้ามแม่น้ำท่าจีนฝั่งตะวันตก,4-wheel pickup truck,vehicle equipment failure,rollover/fallen on straight road,1,0,1,clear,13.58070073,100.3087297,other,other
6494262,2022-05-10T21:50:00Z,2022-07-05T08:58:00Z,กรุงเทพมหานคร,Bangkok,department of highways,รัชดาภิเษก - รามอินทรา,private/passenger car,speeding,rollover/fallen on straight road,1,0,0,clear,13.81965597,100.656757,straight road,no slope
6566628,2022-05-11T00:51:00Z,2022-05-12T08:57:00Z,สมุทรปราการ,Samut Prakan,department of rural roads,จุดเชื่อมต่อสะพานภูมิพลที่ 1 เข้าถนนวงแหวนอุตสาหกรรม,7-10-wheel truck,dangerous curve,other,2,0,2,clear,13.664173,100.536771,grade-separated intersection/ramps,other
6196693,2022-05-11T08:59:00Z,2022-05-13T09:19:00Z,สมุทรปราการ,Samut Prakan,department of highways,แขวงรามอินทรา - บางพลี,private/passenger car,speeding,rear-end collision,2,0,0,rainy,13.65208333,100.6888604,other,other
6242066,2022-05-11T11:50:00Z,2022-05-24T09:00:00Z,สมุทรสาคร,Samut Sakhon,department of highways,สะพานข้ามแม่น้ำท่าจีนฝั่งตะวันตก - นาโคก,4-wheel pickup truck,speeding,rollover/fallen on straight road,1,0,0,clear,13.54278097,100.2399713,straight road,no slope
6207851,2022-05-11T13:30:00Z,2022-05-15T05:57:00Z,ปทุมธานี,Pathum Thani,department of highways,บางปะอิน - แขวงรามอินทรา,4-wheel pickup truck,speeding,rollover/fallen on straight road,1,0,0,clear,14.05631343,100.6976205,straight road,no slope
6202413,2022-05-11T14:11:00Z,2022-05-14T06:20:00Z,กรุงเทพมหานคร,Bangkok,department of highways,แขวงรามอินทรา - บางพลี,4-wheel pickup truck,speeding,rear-end collision,3,0,1,clear,13.68918812,100.699482,straight road,no slope
6566633,2022-05-11T15:50:00Z,2022-05-12T10:42:00Z,สมุทรปราการ,Samut Prakan,department of rural roads,จุดเชื่อมต่อถนนวงแหวนอุตสาหกรรมเข้าสะพานภูมิพลที่ 2,motorcycle,tailgating,other,2,0,2,clear,13.665376,100.538869,grade-separated intersection/ramps,other
6191847,2022-05-11T16:50:00Z,2022-05-12T14:43:00Z,ปทุมธานี,Pathum Thani,department of highways,บางปะอิน - แขวงรามอินทรา,large truck with trailer,speeding,rollover/fallen on straight road,1,0,0,rainy,14.05177568,100.6980255,straight road,no slope
6318311,2022-05-11T18:36:00Z,2022-06-06T11:07:00Z,กรุงเทพมหานคร,Bangkok,expressway authority of thailand,บางพลี-สุขสวัสดิ์,other,other,collision with obstruction (on road surface),1,0,0,clear,NA,NA,straight road,other
7518575,2022-05-11T20:16:00Z,2022-12-29T11:39:00Z,นนทบุรี,Nonthaburi,expressway authority of thailand,แจ้งวัฒนะ-พญาไท,other,other,rear-end collision,7,0,0,clear,13.850065,100.5333966,straight road,other
6242156,2022-05-11T23:00:00Z,2022-05-24T10:26:00Z,สมุทรปราการ,Samut Prakan,department of highways,บางนา - ทางเข้าท่าอากาศยานสุวรรณภูมิ,large truck with trailer,running red lights/traffic signals,other,1,0,0,clear,13.65545081,100.6719652,other,other
6943739,2022-05-11T23:10:00Z,2022-09-20T10:53:00Z,สมุทรปราการ,Samut Prakan,department of highways,ทางเข้าท่าอากาศยานสุวรรณภูมิด้านถนนบางนา - บางวัว,private/passenger car,driving under the influence of alcohol,rollover/fallen on straight road,1,0,1,clear,13.63046723,100.7382774,straight road,no slope
6189879,2022-05-12T05:36:00Z,2022-05-12T06:18:00Z,กรุงเทพมหานคร,Bangkok,expressway authority of thailand,ดาวคะนอง-ท่าเรือ,other,other,other,2,0,1,clear,13.67855859,100.51447,grade-separated intersection/ramps,other
6197112,2022-05-12T07:36:00Z,2022-05-13T11:03:00Z,ปทุมธานี,Pathum Thani,department of highways,บางปะอิน - แขวงรามอินทรา,private/passenger car,speeding,rear-end collision,4,0,0,clear,13.93235161,100.7081884,straight road,no slope
6191049,2022-05-12T08:22:00Z,2022-05-12T11:31:00Z,สมุทรปราการ,Samut Prakan,expressway authority of thailand,บางนา-ชลบุรี,other,other,rear-end collision,3,0,0,clear,13.592015,100.818643,straight road,other
6227438,2022-05-12T11:55:00Z,2022-05-18T16:01:00Z,กรุงเทพมหานคร,Bangkok,department of highways,แขวงคลองสองต้นนุ่น - พิมพา,4-wheel pickup truck,speeding,rear-end collision,2,0,0,clear,13.73091718,100.7182011,straight road,no slope
7564272,2022-05-12T12:00:00Z,2023-01-19T11:56:00Z,สมุทรสาคร,Samut Sakhon,department of highways,สะพานข้ามแม่น้ำท่าจีนฝั่งตะวันตก - นาโคก,7-10-wheel truck,speeding,rollover/fallen on straight road,2,0,0,clear,13.44841821,100.0779149,straight road,no slope
7565097,2022-05-12T23:40:00Z,2023-01-20T08:48:00Z,ปทุมธานี,Pathum Thani,department of highways,ต่างระดับคลองหลวง - ประตูน้ำพระอินทร์,4-wheel pickup truck,speeding,rollover/fallen on straight road,1,0,1,clear,14.05598559,100.6170094,other,other
6318125,2022-05-13T04:48:00Z,2022-06-06T10:49:00Z,สมุทรปราการ,Samut Prakan,expressway authority of thailand,บางพลี-สุขสวัสดิ์,other,other,rollover/fallen on straight road,1,0,0,clear,13.633184,100.537902,grade-separated intersection/ramps,other
6202469,2022-05-13T06:50:00Z,2022-05-14T06:46:00Z,กรุงเทพมหานคร,Bangkok,department of highways,อรุณอมรินทร์ - พุทธมณฑลสาย 4,private/passenger car,speeding,rear-end collision,3,0,1,clear,13.78577071,100.4629058,other,other
6488833,2022-05-13T09:00:00Z,2022-07-04T11:16:00Z,กรุงเทพมหานคร,Bangkok,department of highways,งามวงศ์วาน - ดอนเมือง,other,speeding,rollover/fallen on straight road,1,0,0,clear,13.93737593,100.6111729,other,other
6318004,2022-05-13T11:04:00Z,2022-06-06T10:38:00Z,กรุงเทพมหานคร,Bangkok,expressway authority of thailand,รามอินทรา-วงแหวนรอบนอก,other,other,rollover/fallen on straight road,1,0,0,clear,13.89523,100.66466,straight road,other
6227400,2022-05-13T13:23:00Z,2022-05-18T15:52:00Z,กรุงเทพมหานคร,Bangkok,department of highways,แขวงคลองสองต้นนุ่น - พิมพา,private/passenger car,speeding,rear-end collision,2,0,0,clear,13.73111,100.7163906,straight road,no slope
6288791,2022-05-13T15:28:00Z,2022-06-01T10:32:00Z,กรุงเทพมหานคร,Bangkok,expressway authority of thailand,บางปะอิน-แจ้งวัฒนะ,other,other,rollover/fallen on straight road,1,0,1,clear,NA,NA,merge lane,other
6566686,2022-05-13T17:14:00Z,2022-05-19T10:05:00Z,สมุทรปราการ,Samut Prakan,department of rural roads,ถนนวงแหวนอุตสาหกรรมเข้าสะพานภูมิพลที่ 1,large truck with trailer,brake/anti-lock brake system failure,other,1,0,0,clear,13.664222,100.532602,straight road,slope area
6227324,2022-05-13T19:21:00Z,2022-05-18T15:35:00Z,สมุทรปราการ,Samut Prakan,department of highways,แขวงคลองสองต้นนุ่น - พิมพา,private/passenger car,speeding,rear-end collision,5,0,0,clear,13.66644952,100.8494121,straight road,no slope
6204448,2022-05-13T22:00:00Z,2022-05-14T15:12:00Z,กรุงเทพมหานคร,Bangkok,department of highways,พระประแดง - บางแค,motorcycle,speeding,rear-end collision,2,1,0,clear,13.62563181,100.4709363,connecting to public/commercial area,other
6202656,2022-05-13T22:09:00Z,2022-05-14T07:33:00Z,กรุงเทพมหานคร,Bangkok,department of highways,บางแค - คลองมหาสวัสดิ์,6-wheel truck,speeding,rear-end collision,2,0,0,clear,13.70755462,100.4062173,straight road,no slope
6204471,2022-05-14T05:00:00Z,2022-05-14T15:16:00Z,ปทุมธานี,Pathum Thani,department of highways,ธัญบุรี - คลองระพีพัฒน์,4-wheel pickup truck,cutting in closely by people/vehicles/animals,rear-end collision,2,1,3,clear,14.09179795,100.7471904,straight road,no slope
6204567,2022-05-14T07:35:00Z,2022-05-14T15:38:00Z,กรุงเทพมหานคร,Bangkok,department of highways,ถนนศรีนครินทร - แขวงคลองสองต้นนุ่น,private/passenger car,speeding,rear-end collision,3,0,0,clear,13.73170406,100.7119837,straight road,no slope
6203653,2022-05-14T08:30:00Z,2022-05-14T12:01:00Z,สมุทรปราการ,Samut Prakan,department of highways,ทางเข้าท่าอากาศยานสุวรรณภูมิ - บางวัว,large truck with trailer,speeding,rear-end collision,3,0,0,clear,13.59530329,100.8034739,straight road,no slope
6227162,2022-05-14T10:41:00Z,2022-05-18T15:09:00Z,กรุงเทพมหานคร,Bangkok,department of highways,แขวงคลองสองต้นนุ่น - พิมพา,private/passenger car,speeding,rear-end collision,2,0,0,clear,13.73350709,100.7960361,straight road,no slope
6205121,2022-05-14T12:29:00Z,2022-05-14T17:57:00Z,กรุงเทพมหานคร,Bangkok,department of highways,แขวงรามอินทรา - บางพลี,4-wheel pickup truck,vehicle equipment failure,other,1,0,0,clear,13.73694897,100.7029071,straight road,no slope
6214860,2022-05-14T14:00:00Z,2022-05-16T14:48:00Z,กรุงเทพมหานคร,Bangkok,department of highways,บางปะอิน - แขวงรามอินทรา,4-wheel pickup truck,speeding,rollover/fallen on straight road,1,0,2,clear,13.87145501,100.6796953,straight road,no slope
6258396,2022-05-14T14:49:00Z,2022-05-27T08:28:00Z,สมุทรปราการ,Samut Prakan,department of highways,แขวงคลองสองต้นนุ่น - พิมพา,private/passenger car,speeding,rear-end collision,2,0,0,clear,13.66743469,100.8478778,straight road,no slope
6209605,2022-05-14T16:30:00Z,2022-05-15T13:17:00Z,กรุงเทพมหานคร,Bangkok,department of highways,บางปะอิน - แขวงรามอินทรา,large truck with trailer,speeding,rear-end collision,2,0,0,clear,13.86559336,100.6773001,straight road,no slope
6242057,2022-05-14T17:20:00Z,2022-05-24T08:57:00Z,สมุทรสาคร,Samut Sakhon,department of highways,สะพานข้ามแม่น้ำท่าจีนฝั่งตะวันตก - นาโคก,4-wheel pickup truck,cutting in closely by people/vehicles/animals,rear-end collision,2,0,0,clear,13.52499626,100.1858872,other,other
6207699,2022-05-14T18:00:00Z,2022-05-15T05:20:00Z,กรุงเทพมหานคร,Bangkok,department of highways,พระประแดง - บางแค,4-wheel pickup truck,speeding,rollover/fallen on straight road,1,0,0,clear,13.67366356,100.4062494,other,other
6207709,2022-05-14T20:30:00Z,2022-05-15T05:25:00Z,กรุงเทพมหานคร,Bangkok,department of highways,อรุณอมรินทร์ - พุทธมณฑลสาย 4,private/passenger car,speeding,rear-end collision,7,0,0,clear,13.78691949,100.3702837,straight road,no slope
6208741,2022-05-14T21:20:00Z,2022-05-15T09:57:00Z,กรุงเทพมหานคร,Bangkok,department of highways,แขวงรามอินทรา - บางพลี,private/passenger car,speeding,rear-end collision,3,0,0,clear,13.68328281,100.6992942,straight road,no slope
6950178,2022-05-14T22:30:00Z,2022-09-21T10:45:00Z,กรุงเทพมหานคร,Bangkok,department of highways,พระประแดง - บางแค,private/passenger car,speeding,rollover/fallen on curved road,1,0,2,clear,13.6275712,100.4235738,wide curve,no slope
6950210,2022-05-14T23:00:00Z,2022-09-21T10:56:00Z,กรุงเทพมหานคร,Bangkok,department of highways,พระประแดง - บางแค,private/passenger car,speeding,pedestrian collision,1,1,0,clear,13.64648987,100.4082343,straight road,no slope
6950167,2022-05-14T23:30:00Z,2022-09-21T10:42:00Z,กรุงเทพมหานคร,Bangkok,department of highways,พระประแดง - บางแค,private/passenger car,speeding,rollover/fallen on straight road,1,0,2,clear,13.62680223,100.4326317,straight road,no slope
6218265,2022-05-15T00:50:00Z,2022-05-17T06:44:00Z,กรุงเทพมหานคร,Bangkok,department of highways,บางบอน - โรงพยาบาลบางปะกอก 8,private/passenger car,speeding,rollover/fallen on straight road,1,0,1,clear,13.65102251,100.3875491,straight road,no slope
6209589,2022-05-15T01:00:00Z,2022-05-15T13:11:00Z,ปทุมธานี,Pathum Thani,department of highways,วัดนาบุญ - คลอง 14,motorcycle,speeding,rollover/fallen on straight road,1,1,0,clear,14.03253606,100.7651263,straight road,no slope
6209561,2022-05-15T07:04:00Z,2022-05-15T13:08:00Z,กรุงเทพมหานคร,Bangkok,department of highways,บางแค - คลองมหาสวัสดิ์,4-wheel pickup truck,speeding,rollover/fallen on straight road,1,0,0,clear,13.69360789,100.4075718,straight road,slope area
6566689,2022-05-15T08:50:00Z,2022-05-19T10:05:00Z,สมุทรปราการ,Samut Prakan,department of rural roads,สะพานภูมิพลที่ 2 ไปสะพานภูมิพลที่ 1,private/passenger car,speeding,other,2,0,0,clear,13.652137,100.541307,straight road,slope area
6213906,2022-05-15T15:26:00Z,2022-05-16T10:54:00Z,กรุงเทพมหานคร,Bangkok,department of highways,ถนนศรีนครินทร - แขวงคลองสองต้นนุ่น,private/passenger car,speeding,rear-end collision,3,0,0,clear,13.7316285,100.712657,straight road,no slope
6258411,2022-05-15T17:01:00Z,2022-05-27T08:30:00Z,กรุงเทพมหานคร,Bangkok,department of highways,แขวงคลองสองต้นนุ่น - พิมพา,private/passenger car,speeding,rollover/fallen on straight road,1,0,0,clear,13.72949455,100.7426682,straight road,no slope
6213318,2022-05-15T19:18:00Z,2022-05-16T08:13:00Z,ปทุมธานี,Pathum Thani,department of highways,บางปะอิน - แขวงรามอินทรา,4-wheel pickup truck,speeding,rear-end collision,3,0,0,clear,13.9993274,100.7089099,straight road,no slope
6214863,2022-05-15T21:40:00Z,2022-05-16T14:52:00Z,กรุงเทพมหานคร,Bangkok,department of highways,บางนา - ทางเข้าท่าอากาศยานสุวรรณภูมิ,private/passenger car,speeding,rollover/fallen on straight road,1,0,3,clear,13.66849283,100.630525,straight road,no slope
6214845,2022-05-16T07:30:00Z,2022-05-16T14:41:00Z,กรุงเทพมหานคร,Bangkok,department of highways,ทางยกระดับบางกอกน้อย - นครชัยศรี,private/passenger car,speeding,rear-end collision,3,0,0,clear,13.77970372,100.4401767,straight road,no slope
6253441,2022-05-16T11:04:00Z,2022-05-26T13:42:00Z,กรุงเทพมหานคร,Bangkok,department of highways,แขวงคลองสองต้นนุ่น - พิมพา,private/passenger car,speeding,rear-end collision,2,0,0,clear,13.72941117,100.7390311,straight road,no slope
6226201,2022-05-16T15:33:00Z,2022-05-18T11:40:00Z,กรุงเทพมหานคร,Bangkok,department of highways,แขวงคลองสองต้นนุ่น - พิมพา,private/passenger car,speeding,rear-end collision,3,0,0,clear,13.72949455,100.7426682,straight road,no slope
6220794,2022-05-16T19:05:00Z,2022-05-17T16:03:00Z,กรุงเทพมหานคร,Bangkok,department of highways,แขวงคลองสองต้นนุ่น - พิมพา,private/passenger car,speeding,rear-end collision,2,0,0,clear,13.73101359,100.7172945,straight road,no slope
6251927,2022-05-17T00:40:00Z,2022-05-26T07:50:00Z,นครปฐม,Nakhon Pathom,department of highways,เด่นมะขาม - บางเลน,4-wheel pickup truck,cutting in closely by people/vehicles/animals,rollover/fallen on straight road,1,0,2,clear,14.13116554,100.0179165,other,other
7442544,2022-05-17T06:30:00Z,2022-12-08T13:18:00Z,กรุงเทพมหานคร,Bangkok,department of highways,ไม่ทราบ,private/passenger car,speeding,rear-end collision,2,0,0,clear,13.62389964,100.3911352,straight road,no slope
6238566,2022-05-17T10:33:00Z,2022-05-20T09:49:00Z,กรุงเทพมหานคร,Bangkok,department of highways,แขวงรามอินทรา - บางพลี,private/passenger car,speeding,rear-end collision,2,0,0,clear,13.73172751,100.7028025,straight road,no slope
6220060,2022-05-17T11:03:00Z,2022-05-17T13:47:00Z,กรุงเทพมหานคร,Bangkok,department of highways,แขวงคลองสองต้นนุ่น - พิมพา,private/passenger car,speeding,rear-end collision,6,0,0,clear,13.729518,100.7435775,straight road,no slope
6219631,2022-05-17T11:05:00Z,2022-05-17T12:03:00Z,กรุงเทพมหานคร,Bangkok,expressway authority of thailand,รามอินทรา-อาจณรงค์,4-wheel pickup truck,other,side collision,3,0,0,clear,13.743634,100.60531,straight road,other
6238744,2022-05-17T12:35:00Z,2022-05-20T10:12:00Z,กรุงเทพมหานคร,Bangkok,department of highways,แขวงรามอินทรา - บางพลี,private/passenger car,speeding,rear-end collision,2,0,0,clear,13.7590112,100.6974944,straight road,no slope
6220016,2022-05-17T13:05:00Z,2022-05-17T13:35:00Z,สมุทรปราการ,Samut Prakan,expressway authority of thailand,บางนา-ชลบุรี,7-10-wheel truck,other,rear-end collision,2,0,1,clear,13.614008,100.753291,straight road,other
6253820,2022-05-17T17:52:00Z,2022-05-26T15:14:00Z,ปทุมธานี,Pathum Thani,department of highways,บางปะอิน - แขวงรามอินทรา,4-wheel pickup truck,speeding,rear-end collision,4,0,0,rainy,14.01114785,100.7034382,straight road,no slope
6232213,2022-05-17T21:40:00Z,2022-05-19T09:21:00Z,กรุงเทพมหานคร,Bangkok,department of highways,บางปะอิน - แขวงรามอินทรา,4-wheel pickup truck,speeding,rollover/fallen on straight road,1,0,0,rainy,13.90780639,100.6987819,straight road,no slope
6223190,2022-05-17T23:13:00Z,2022-05-18T00:39:00Z,กรุงเทพมหานคร,Bangkok,expressway authority of thailand,บางนา-ท่าเรือ,other,other,collision with obstruction (on road surface),1,0,0,rainy,NA,NA,wide curve,other
6253847,2022-05-17T23:13:00Z,2022-05-26T15:16:00Z,ปทุมธานี,Pathum Thani,department of highways,บางปะอิน - แขวงรามอินทรา,private/passenger car,speeding,rear-end collision,2,0,0,rainy,14.134859,100.667628,straight road,no slope
6224122,2022-05-17T23:45:00Z,2022-05-18T03:17:00Z,กรุงเทพมหานคร,Bangkok,expressway authority of thailand,รามอินทรา-อาจณรงค์,other,other,rear-end collision,1,0,0,rainy,13.715684,100.601009,wide curve,other
7560783,2022-05-18T00:50:00Z,2023-01-16T13:56:00Z,กรุงเทพมหานคร,Bangkok,department of highways,ดินแดง - งามวงศ์วาน,4-wheel pickup truck,speeding,rear-end collision,3,0,1,clear,13.79258287,100.5614382,straight road,slope area
6226105,2022-05-18T09:49:00Z,2022-05-18T11:23:00Z,กรุงเทพมหานคร,Bangkok,department of highways,แขวงคลองสองต้นนุ่น - พิมพา,private/passenger car,speeding,rear-end collision,4,0,0,clear,13.73101359,100.7172918,straight road,no slope
6242084,2022-05-18T12:10:00Z,2022-05-24T09:20:00Z,สมุทรปราการ,Samut Prakan,department of highways,ทางเข้าท่าอากาศยานสุวรรณภูมิ - บางวัว,7-10-wheel truck,vehicle equipment failure,collision with obstruction (on road surface),1,0,0,clear,13.60325727,100.7811338,straight road,no slope
6318209,2022-05-18T17:19:00Z,2022-06-06T10:57:00Z,กรุงเทพมหานคร,Bangkok,expressway authority of thailand,รามอินทรา-อาจณรงค์,other,other,rear-end collision,2,0,0,clear,NA,NA,straight road,other
6318323,2022-05-18T17:49:00Z,2022-06-06T11:08:00Z,สมุทรปราการ,Samut Prakan,expressway authority of thailand,บางพลี-สุขสวัสดิ์,4-wheel pickup truck,other,rear-end collision,2,0,0,clear,13.634583,100.567552,straight road,other
6566718,2022-05-18T22:57:00Z,2022-05-19T16:49:00Z,กรุงเทพมหานคร,Bangkok,department of rural roads,สะพานภูมิพลที่ 1 ไปสะพานภูมิพลที่ 2,motorcycle,unfamiliarity with the route/unskilled driving,other,1,0,1,clear,13.674204,100.53905,straight road,no slope
6318328,2022-05-19T02:50:00Z,2022-06-06T11:08:00Z,สมุทรปราการ,Samut Prakan,expressway authority of thailand,บางพลี-สุขสวัสดิ์,7-10-wheel truck,other,rear-end collision,2,0,2,clear,13.636721,100.546388,grade-separated intersection/ramps,other
6275975,2022-05-19T04:57:00Z,2022-05-30T09:56:00Z,กรุงเทพมหานคร,Bangkok,department of highways,แขวงคลองสองต้นนุ่น - พิมพา,4-wheel pickup truck,speeding,rollover/fallen on straight road,1,0,0,clear,13.72961961,100.7481238,straight road,no slope
6566719,2022-05-19T06:02:00Z,2022-05-19T16:49:00Z,สมุทรปราการ,Samut Prakan,department of rural roads,สะพานภูมิพลที่ 1 ไปสะพานภูมิพลที่ 2,motorcycle,unfamiliarity with the route/unskilled driving,other,2,0,1,clear,13.660763,100.539444,straight road,slope area
6318332,2022-05-19T12:04:00Z,2022-06-06T11:08:00Z,สมุทรปราการ,Samut Prakan,expressway authority of thailand,บางพลี-สุขสวัสดิ์,large truck with trailer,other,rear-end collision,2,0,0,clear,13.600973,100.648165,wide curve,other
6944759,2022-05-19T13:30:00Z,2022-09-20T14:29:00Z,สมุทรปราการ,Samut Prakan,department of highways,คลองด่าน - บางบ่อ,private/passenger car,speeding,rollover/fallen on straight road,1,0,0,clear,13.56602687,100.8379805,straight road,no slope
6233518,2022-05-19T13:33:00Z,2022-05-19T14:09:00Z,กรุงเทพมหานคร,Bangkok,expressway authority of thailand,แจ้งวัฒนะ-พญาไท,other,other,collision with obstruction (on road surface),1,0,0,clear,13.81822191,100.5500651,straight road,other
6566741,2022-05-19T19:36:00Z,2022-05-20T11:11:00Z,สมุทรปราการ,Samut Prakan,department of rural roads,สะพานภูมิพลที่ 1 ไปสะพานภูมิพลที่ 2,motorcycle,unfamiliarity with the route/unskilled driving,other,2,0,1,clear,13.668781,100.538501,straight road,slope area
6253515,2022-05-19T22:41:00Z,2022-05-26T14:04:00Z,กรุงเทพมหานคร,Bangkok,department of highways,แขวงคลองสองต้นนุ่น - พิมพา,4-wheel pickup truck,speeding,rear-end collision,2,0,0,clear,13.72998439,100.758115,other,other
6253540,2022-05-19T22:45:00Z,2022-05-26T14:08:00Z,ปทุมธานี,Pathum Thani,department of highways,บางปะอิน - แขวงรามอินทรา,large truck with trailer,speeding,rear-end collision,2,0,0,clear,14.01349782,100.7026094,straight road,no slope
6253634,2022-05-20T01:50:00Z,2022-05-26T14:34:00Z,กรุงเทพมหานคร,Bangkok,department of highways,แขวงรามอินทรา - บางพลี,4-wheel pickup truck,speeding,pedestrian collision,1,0,1,clear,13.81294911,100.6775254,straight road,no slope
6253534,2022-05-20T09:04:00Z,2022-05-26T14:05:00Z,กรุงเทพมหานคร,Bangkok,department of highways,แขวงคลองสองต้นนุ่น - พิมพา,private/passenger car,speeding,rear-end collision,2,0,0,clear,13.72986975,100.7572138,other,other
6241213,2022-05-20T09:27:00Z,2022-05-21T09:16:00Z,กรุงเทพมหานคร,Bangkok,department of highways,บางปะอิน - แขวงรามอินทรา,4-wheel pickup truck,speeding,rear-end collision,5,0,0,clear,13.91429962,100.7021588,straight road,no slope
6318340,2022-05-20T12:12:00Z,2022-06-06T11:10:00Z,สมุทรปราการ,Samut Prakan,expressway authority of thailand,บางพลี-สุขสวัสดิ์,6-wheel truck,other,rear-end collision,2,0,0,clear,13.635054,100.542104,straight road,other
7443679,2022-05-20T15:00:00Z,2022-12-08T13:26:00Z,กรุงเทพมหานคร,Bangkok,department of highways,ไม่ทราบ,private/passenger car,speeding,rear-end collision,2,0,0,clear,13.67631405,100.4625383,straight road,no slope
6318218,2022-05-21T02:19:00Z,2022-06-06T10:58:00Z,กรุงเทพมหานคร,Bangkok,expressway authority of thailand,รามอินทรา-อาจณรงค์,other,other,rear-end collision,2,0,0,clear,13.812503,100.620838,y-intersection,other
7564273,2022-05-21T07:20:00Z,2023-01-19T11:59:00Z,สมุทรสาคร,Samut Sakhon,department of highways,สะพานข้ามแม่น้ำท่าจีนฝั่งตะวันตก - นาโคก,private/passenger car,reversing vehicle,collision with obstruction (on road surface),2,0,0,clear,13.51193591,100.1447394,straight road,no slope
6318343,2022-05-21T11:29:00Z,2022-06-06T11:10:00Z,สมุทรปราการ,Samut Prakan,expressway authority of thailand,บางพลี-สุขสวัสดิ์,large truck with trailer,other,rear-end collision,4,0,0,clear,13.63362,100.674563,straight road,other
7444716,2022-05-21T16:40:00Z,2022-12-08T14:14:00Z,สมุทรปราการ,Samut Prakan,department of highways,ไม่ทราบ,6-wheel truck,speeding,rear-end collision,2,0,2,clear,13.59141223,100.8217263,straight road,no slope
6241234,2022-05-21T16:49:00Z,2022-05-21T23:58:00Z,สมุทรปราการ,Samut Prakan,expressway authority of thailand,บางนา-ชลบุรี,4-wheel pickup truck,other,rear-end collision,2,0,2,clear,13.574161,100.902639,straight road,other
7559162,2022-05-22T01:30:00Z,2023-01-13T10:31:00Z,กรุงเทพมหานคร,Bangkok,department of highways,บางนา - ทางเข้าท่าอากาศยานสุวรรณภูมิ,motorcycle,speeding,rear-end collision,4,0,5,clear,13.66398919,100.6521128,straight road,no slope
6494520,2022-05-22T04:20:00Z,2022-07-05T10:07:00Z,ปทุมธานี,Pathum Thani,department of highways,ต่างระดับลาดหลุมแก้ว - แยกนพวงศ์,4-wheel pickup truck,falling asleep,rollover/fallen on straight road,1,0,1,clear,14.03094093,100.387238,other,other
6253593,2022-05-22T09:30:00Z,2022-05-26T14:22:00Z,กรุงเทพมหานคร,Bangkok,department of highways,แขวงคลองสองต้นนุ่น - พิมพา,4-wheel pickup truck,speeding,rollover/fallen on straight road,1,0,0,rainy,13.72946328,100.7408309,straight road,no slope
6253284,2022-05-22T15:03:00Z,2022-05-26T13:08:00Z,สมุทรปราการ,Samut Prakan,department of highways,แขวงคลองสองต้นนุ่น - พิมพา,4-wheel pickup truck,speeding,rear-end collision,2,0,0,clear,13.65858106,100.8616161,straight road,no slope
6253309,2022-05-22T15:52:00Z,2022-05-26T13:10:00Z,กรุงเทพมหานคร,Bangkok,department of highways,แขวงคลองสองต้นนุ่น - พิมพา,private/passenger car,speeding,rear-end collision,3,0,0,clear,13.72967694,100.7517636,straight road,no slope
7443794,2022-05-22T16:56:00Z,2022-12-08T13:33:00Z,กรุงเทพมหานคร,Bangkok,department of highways,ไม่ทราบ,private/passenger car,speeding,rear-end collision,2,0,0,clear,13.66955618,100.4516552,straight road,no slope
6241460,2022-05-22T18:56:00Z,2022-05-23T10:34:00Z,สมุทรปราการ,Samut Prakan,expressway authority of thailand,บางพลี-สุขสวัสดิ์,other,other,side collision,1,0,1,clear,13.616633,100.615461,straight road,other
6241352,2022-05-22T19:56:00Z,2022-05-22T21:16:00Z,นนทบุรี,Nonthaburi,expressway authority of thailand,แจ้งวัฒนะ-พญาไท,4-wheel pickup truck,other,rear-end collision,2,0,0,clear,13.87734218,100.5362555,straight road,other
6566761,2022-05-23T01:50:00Z,2022-05-24T14:29:00Z,สมุทรปราการ,Samut Prakan,department of rural roads,จุดเชื่อมต่อถนนวงแหวนอุตสาหกรรมเข้าสะพานภูมิพลที่ 2,7-10-wheel truck,sudden stop,other,1,0,0,clear,13.666184,100.538659,grade-separated intersection/ramps,other
6502393,2022-05-23T02:30:00Z,2022-07-06T13:47:00Z,นครปฐม,Nakhon Pathom,department of highways,นครชัยศรี - พระประโทน,4-wheel pickup truck,speeding,rollover/fallen on straight road,1,0,1,clear,13.80734126,100.1476872,straight road,no slope
6253380,2022-05-23T09:02:00Z,2022-05-26T13:30:00Z,ปทุมธานี,Pathum Thani,department of highways,บางปะอิน - แขวงรามอินทรา,private/passenger car,speeding,rear-end collision,2,0,0,clear,13.97464616,100.7130352,straight road,no slope
6241567,2022-05-23T12:26:00Z,2022-05-23T14:15:00Z,กรุงเทพมหานคร,Bangkok,expressway authority of thailand,แจ้งวัฒนะ-พญาไท,large truck with trailer,other,rollover/fallen on straight road,2,0,1,clear,NA,NA,straight road,other
6253359,2022-05-23T12:36:00Z,2022-05-26T13:29:00Z,ปทุมธานี,Pathum Thani,department of highways,บางปะอิน - แขวงรามอินทรา,private/passenger car,vehicle equipment failure,other,1,0,0,clear,14.06633572,100.69684,straight road,no slope
6241549,2022-05-23T12:50:00Z,2022-05-23T13:41:00Z,สมุทรปราการ,Samut Prakan,expressway authority of thailand,บางนา-ชลบุรี,other,other,other,2,0,1,clear,13.6421,100.696373,straight road,other
6488752,2022-05-24T04:00:00Z,2022-07-04T11:07:00Z,กรุงเทพมหานคร,Bangkok,department of highways,งามวงศ์วาน - ดอนเมือง,4-wheel pickup truck,speeding,rollover/fallen on straight road,1,0,0,clear,13.89965966,100.5902195,straight road,no slope
6566766,2022-05-24T07:00:00Z,2022-05-25T13:30:00Z,สมุทรปราการ,Samut Prakan,department of rural roads,ถนนวงแหวนอุตสาหกรรมเข้าสะพานภูมิพลที่ 1,passenger pickup truck,speeding,other,2,0,0,clear,13.664337,100.526482,straight road,slope area
7443652,2022-05-24T07:51:00Z,2022-12-08T13:49:00Z,กรุงเทพมหานคร,Bangkok,department of highways,ไม่ทราบ,private/passenger car,speeding,rear-end collision,2,0,2,clear,13.67491714,100.4595932,straight road,no slope
6253310,2022-05-24T10:57:00Z,2022-05-26T13:12:00Z,สมุทรปราการ,Samut Prakan,department of highways,แขวงคลองสองต้นนุ่น - พิมพา,4-wheel pickup truck,speeding,rear-end collision,2,0,0,clear,13.67088535,100.8425242,straight road,no slope
6243184,2022-05-24T13:15:00Z,2022-05-25T13:32:00Z,กรุงเทพมหานคร,Bangkok,department of highways,แขวงรามอินทรา - บางพลี,large truck with trailer,speeding,rear-end collision,2,0,0,clear,13.7589122,100.6975883,straight road,no slope
6253338,2022-05-24T15:52:00Z,2022-05-26T13:16:00Z,กรุงเทพมหานคร,Bangkok,department of highways,แขวงคลองสองต้นนุ่น - พิมพา,4-wheel pickup truck,speeding,rear-end collision,2,0,0,clear,13.73063057,100.7208967,straight road,no slope
6494547,2022-05-25T07:00:00Z,2022-07-05T10:17:00Z,ปทุมธานี,Pathum Thani,department of highways,ต่างระดับรังสิต - วัดนาบุญ,private/passenger car,vehicle equipment failure,other,2,0,0,clear,14.01308404,100.7176941,straight road,no slope
6488887,2022-05-25T10:40:00Z,2022-07-04T11:25:00Z,กรุงเทพมหานคร,Bangkok,department of highways,มหาวิทยาลัยเกษตรศาสตร์ - คันนายาว,private/passenger car,speeding,rollover/fallen on straight road,1,0,0,clear,13.80917756,100.6609601,straight road,no slope
6253028,2022-05-25T10:48:00Z,2022-05-26T11:51:00Z,กรุงเทพมหานคร,Bangkok,department of highways,แขวงคลองสองต้นนุ่น - พิมพา,4-wheel pickup truck,speeding,rear-end collision,2,0,0,clear,13.73184476,100.7679051,straight road,no slope
6253590,2022-05-25T10:58:00Z,2022-05-26T14:20:00Z,ปทุมธานี,Pathum Thani,department of highways,บางปะอิน - แขวงรามอินทรา,4-wheel pickup truck,speeding,rear-end collision,3,0,0,clear,14.06625246,100.6965583,straight road,no slope
6276237,2022-05-25T11:12:00Z,2022-05-30T11:00:00Z,สมุทรปราการ,Samut Prakan,expressway authority of thailand,บางนา-ชลบุรี,6-wheel truck,other,side collision,2,0,0,clear,13.587573,100.838582,straight road,other
6253631,2022-05-25T11:15:00Z,2022-05-26T14:32:00Z,กรุงเทพมหานคร,Bangkok,department of highways,บางปะอิน - แขวงรามอินทรา,private/passenger car,speeding,rear-end collision,2,0,0,clear,13.8819931,100.6851777,straight road,no slope
6276147,2022-05-25T15:12:00Z,2022-05-30T10:44:00Z,กรุงเทพมหานคร,Bangkok,expressway authority of thailand,บางนา-ท่าเรือ,other,other,side collision,1,0,1,clear,NA,NA,wide curve,other
6281751,2022-05-25T16:30:00Z,2022-05-31T07:42:00Z,สมุทรปราการ,Samut Prakan,department of highways,บางตำหรุ - คลองด่าน,motorcycle,speeding,rear-end collision,2,1,0,clear,13.51296345,100.6939432,straight road,no slope
6252960,2022-05-25T18:29:00Z,2022-05-26T11:37:00Z,ปทุมธานี,Pathum Thani,department of highways,บางปะอิน - แขวงรามอินทรา,6-wheel truck,speeding,rear-end collision,2,0,0,clear,13.98013024,100.7133329,straight road,no slope
6248656,2022-05-25T22:29:00Z,2022-05-26T01:11:00Z,กรุงเทพมหานคร,Bangkok,expressway authority of thailand,รามอินทรา-อาจณรงค์,4-wheel pickup truck,other,side collision,2,0,3,rainy,NA,NA,wide curve,other
6277531,2022-05-25T22:40:00Z,2022-05-30T15:20:00Z,ปทุมธานี,Pathum Thani,department of highways,บางปะอิน - แขวงรามอินทรา,4-wheel pickup truck,speeding,rollover/fallen on straight road,1,0,0,clear,14.0499517,100.6981328,straight road,no slope
7567885,2022-05-25T23:10:00Z,2023-01-24T07:13:00Z,นครปฐม,Nakhon Pathom,department of highways,นครปฐม - ดอนตูม,4-wheel pickup truck,speeding,rollover/fallen on straight road,1,0,0,rainy,13.95848987,100.0773221,straight road,no slope
6250597,2022-05-26T01:59:00Z,2022-05-26T04:02:00Z,สมุทรปราการ,Samut Prakan,expressway authority of thailand,บางพลี-สุขสวัสดิ์,4-wheel pickup truck,other,rear-end collision,3,0,2,clear,13.63693,100.54628,straight road,other
6253753,2022-05-26T02:00:00Z,2022-05-26T14:56:00Z,กรุงเทพมหานคร,Bangkok,department of highways,บางปะอิน - แขวงรามอินทรา,4-wheel pickup truck,speeding,rollover/fallen on straight road,1,0,3,clear,13.89665761,100.6926101,straight road,no slope
6488715,2022-05-26T05:20:00Z,2022-07-04T11:04:00Z,กรุงเทพมหานคร,Bangkok,department of highways,คลองพระยาสุเรนทร์ - ประเวศ,4-wheel pickup truck,speeding,rollover/fallen on curved road,1,0,0,clear,13.84508035,100.6723165,other,other
6282439,2022-05-26T07:03:00Z,2022-05-31T10:18:00Z,กรุงเทพมหานคร,Bangkok,department of highways,ถนนศรีนครินทร - แขวงคลองสองต้นนุ่น,private/passenger car,speeding,rear-end collision,5,0,2,clear,13.73529969,100.6774664,straight road,no slope
6277297,2022-05-26T09:55:00Z,2022-05-30T14:45:00Z,กรุงเทพมหานคร,Bangkok,department of highways,แขวงคลองสองต้นนุ่น - พิมพา,private/passenger car,speeding,rear-end collision,5,0,0,clear,13.7295649,100.7453933,straight road,no slope
6276282,2022-05-26T15:21:00Z,2022-05-30T11:09:00Z,กรุงเทพมหานคร,Bangkok,expressway authority of thailand,บางพลี-สุขสวัสดิ์,other,other,rear-end collision,4,0,0,clear,NA,NA,straight road,other
6257158,2022-05-26T23:15:00Z,2022-05-27T03:20:00Z,นนทบุรี,Nonthaburi,expressway authority of thailand,แจ้งวัฒนะ-พญาไท,other,other,rear-end collision,7,0,0,clear,13.850065,100.5333966,straight road,other
6488795,2022-05-27T00:10:00Z,2022-07-04T11:13:00Z,กรุงเทพมหานคร,Bangkok,department of highways,คันนายาว - แยกเข้ามีนบุรี,private/passenger car,speeding,rollover/fallen on straight road,1,0,2,clear,13.81276158,100.695346,straight road,no slope
6277505,2022-05-27T01:30:00Z,2022-05-30T15:19:00Z,กรุงเทพมหานคร,Bangkok,department of highways,แขวงรามอินทรา - บางพลี,private/passenger car,speeding,rear-end collision,2,0,0,clear,13.68365809,100.6995061,straight road,no slope
6257942,2022-05-27T05:12:00Z,2022-05-27T06:37:00Z,กรุงเทพมหานคร,Bangkok,expressway authority of thailand,รามอินทรา-อาจณรงค์,other,other,side collision,2,0,0,clear,13.771321,100.606198,wide curve,other
6494531,2022-05-27T05:30:00Z,2022-07-05T10:14:00Z,ปทุมธานี,Pathum Thani,department of highways,สะพานคลองเปรม - สะพานข้ามแม่น้ำเจ้าพระยาปทุมธานี,7-10-wheel truck,falling asleep,rollover/fallen on straight road,1,0,0,clear,13.98562721,100.5881595,straight road,no slope
6264473,2022-05-27T08:26:00Z,2022-05-28T08:14:00Z,ปทุมธานี,Pathum Thani,department of highways,บางปะอิน - แขวงรามอินทรา,large truck with trailer,speeding,rear-end collision,2,0,0,clear,14.050864990000001,100.6981006,straight road,no slope
7560773,2022-05-27T08:40:00Z,2023-01-16T13:47:00Z,กรุงเทพมหานคร,Bangkok,department of highways,ดินแดง - งามวงศ์วาน,4-wheel pickup truck,speeding,rear-end collision,3,0,0,clear,13.80338043,100.5603484,straight road,no slope
6318220,2022-05-27T09:03:00Z,2022-06-06T10:58:00Z,กรุงเทพมหานคร,Bangkok,expressway authority of thailand,รามอินทรา-อาจณรงค์,other,other,rear-end collision,2,0,0,clear,13.779299,100.607556,straight road,other
6282494,2022-05-27T12:15:00Z,2022-05-31T10:23:00Z,กรุงเทพมหานคร,Bangkok,department of highways,แขวงคลองสองต้นนุ่น - พิมพา,4-wheel pickup truck,speeding,rear-end collision,2,0,0,clear,13.72954666,100.745227,other,other
6318180,2022-05-27T17:34:00Z,2022-06-06T10:54:00Z,สมุทรปราการ,Samut Prakan,expressway authority of thailand,บางพลี-สุขสวัสดิ์,4-wheel pickup truck,other,rear-end collision,3,0,0,clear,13.604051,100.631099,straight road,other
6276170,2022-05-27T18:27:00Z,2022-05-30T10:48:00Z,กรุงเทพมหานคร,Bangkok,department of highways,แขวงคลองสองต้นนุ่น - พิมพา,private/passenger car,speeding,rear-end collision,2,0,0,clear,13.72935385,100.7372099,straight road,no slope
6502395,2022-05-27T18:30:00Z,2022-07-06T13:46:00Z,นครปฐม,Nakhon Pathom,department of highways,บ้านบ่อ - พระประโทน,private/passenger car,speeding,rollover/fallen on curved road,1,0,1,clear,13.75147411,100.0878095,wide curve,no slope
6288795,2022-05-27T18:39:00Z,2022-06-01T10:33:00Z,นนทบุรี,Nonthaburi,expressway authority of thailand,บางปะอิน-แจ้งวัฒนะ,other,other,collision with obstruction (on road surface),1,0,1,clear,13.927309,100.553388,straight road,other
6276105,2022-05-27T20:50:00Z,2022-05-30T10:34:00Z,กรุงเทพมหานคร,Bangkok,department of highways,แขวงคลองสองต้นนุ่น - พิมพา,private/passenger car,speeding,rear-end collision,3,0,0,clear,13.72951018,100.7308584,straight road,no slope
6263272,2022-05-27T23:27:00Z,2022-05-28T01:57:00Z,กรุงเทพมหานคร,Bangkok,expressway authority of thailand,พญาไท-ศรีนครินทร์,other,other,side collision,2,0,1,clear,13.76144957,100.5453835,straight road,other
6263381,2022-05-28T00:23:00Z,2022-05-28T02:10:00Z,กรุงเทพมหานคร,Bangkok,expressway authority of thailand,พญาไท-บางโคล่,other,other,side collision,2,0,3,clear,13.75763161,100.5239214,straight road,other
6701810,2022-05-28T00:30:00Z,2022-08-11T12:26:00Z,ปทุมธานี,Pathum Thani,department of highways,ต่างระดับรังสิต - วัดนาบุญ,private/passenger car,speeding,rear-end collision,2,0,1,clear,13.99348722,100.6561375,straight road,no slope
6277489,2022-05-28T01:00:00Z,2022-05-30T15:15:00Z,กรุงเทพมหานคร,Bangkok,department of highways,แขวงรามอินทรา - บางพลี,private/passenger car,speeding,rollover/fallen on straight road,1,0,0,clear,13.77740088,100.6873503,straight road,no slope
6318184,2022-05-28T10:48:00Z,2022-06-06T10:54:00Z,สมุทรปราการ,Samut Prakan,expressway authority of thailand,บางพลี-สุขสวัสดิ์,other,other,rear-end collision,2,0,0,clear,13.629835,100.589142,grade-separated intersection/ramps,other
6277448,2022-05-28T11:00:00Z,2022-05-30T15:12:00Z,กรุงเทพมหานคร,Bangkok,department of highways,แขวงรามอินทรา - บางพลี,4-wheel pickup truck,speeding,rollover/fallen on straight road,1,0,0,clear,13.77848457,100.6873798,straight road,no slope
6277444,2022-05-28T19:52:00Z,2022-05-30T15:10:00Z,กรุงเทพมหานคร,Bangkok,department of highways,แขวงรามอินทรา - บางพลี,4-wheel pickup truck,speeding,rear-end collision,3,0,2,rainy,13.73560453,100.7029259,straight road,no slope
6276253,2022-05-28T22:47:00Z,2022-05-30T11:04:00Z,สมุทรปราการ,Samut Prakan,expressway authority of thailand,บางนา-ชลบุรี,other,other,rollover/fallen on straight road,2,0,1,clear,13.606998,100.771344,straight road,other
6276439,2022-05-29T13:08:00Z,2022-05-30T11:36:00Z,กรุงเทพมหานคร,Bangkok,department of highways,ถนนศรีนครินทร - แขวงคลองสองต้นนุ่น,private/passenger car,speeding,rear-end collision,2,0,0,clear,13.73989315,100.6500327,straight road,no slope
6277363,2022-05-29T13:34:00Z,2022-05-30T15:03:00Z,ปทุมธานี,Pathum Thani,department of highways,บางปะอิน - แขวงรามอินทรา,private/passenger car,speeding,rollover/fallen on straight road,1,0,0,clear,13.99176168,100.7121527,straight road,no slope
6494516,2022-05-29T14:00:00Z,2022-07-05T10:05:00Z,นนทบุรี,Nonthaburi,department of highways,บางบัวทอง -  ลาดบัวหลวง,private/passenger car,speeding,rollover/fallen on straight road,1,0,1,clear,14.10088478,100.2999133,straight road,no slope
6277320,2022-05-29T15:26:00Z,2022-05-30T14:54:00Z,สมุทรปราการ,Samut Prakan,department of highways,แขวงคลองสองต้นนุ่น - พิมพา,private/passenger car,speeding,rear-end collision,3,0,0,clear,13.65787213,100.862174,straight road,no slope
6276150,2022-05-29T16:45:00Z,2022-05-30T10:45:00Z,กรุงเทพมหานคร,Bangkok,expressway authority of thailand,ดาวคะนอง-ท่าเรือ,other,other,rear-end collision,3,0,2,clear,13.6863976,100.5209943,grade-separated intersection/ramps,other
6275653,2022-05-29T17:35:00Z,2022-05-30T08:49:00Z,ปทุมธานี,Pathum Thani,department of highways,บางปะอิน - แขวงรามอินทรา,private/passenger car,speeding,rear-end collision,2,0,0,clear,14.00001968,100.708352,straight road,no slope
6531641,2022-05-29T19:30:00Z,2022-07-11T10:03:00Z,นครปฐม,Nakhon Pathom,department of highways,ลำลูกบัว - หนองกระทุ่ม,4-wheel pickup truck,speeding,rollover/fallen on straight road,1,0,2,clear,14.00839709,99.97150897,other,other
6273737,2022-05-29T22:55:00Z,2022-05-29T23:53:00Z,กรุงเทพมหานคร,Bangkok,expressway authority of thailand,รามอินทรา-อาจณรงค์,other,other,rollover/fallen on straight road,1,0,0,clear,13.815618,100.622689,y-intersection,other
7331586,2022-05-30T02:00:00Z,2022-10-03T10:44:00Z,สมุทรสาคร,Samut Sakhon,department of highways,สะพานข้ามแม่น้ำท่าจีนฝั่งตะวันตก - นาโคก,6-wheel truck,speeding,rear-end collision,2,0,0,clear,13.53328379,100.2104831,straight road,no slope
6288515,2022-05-30T10:55:00Z,2022-06-01T09:34:00Z,สมุทรปราการ,Samut Prakan,expressway authority of thailand,บางนา-ชลบุรี,other,other,collision with obstruction (on road surface),1,0,0,clear,13.576409,100.890929,straight road,other
6318187,2022-05-30T12:12:00Z,2022-06-06T10:54:00Z,สมุทรปราการ,Samut Prakan,expressway authority of thailand,บางพลี-สุขสวัสดิ์,other,other,rear-end collision,4,0,0,clear,13.630798,100.672229,straight road,other
6282670,2022-05-30T13:49:00Z,2022-05-31T11:03:00Z,กรุงเทพมหานคร,Bangkok,department of highways,แขวงคลองสองต้นนุ่น - พิมพา,4-wheel pickup truck,speeding,rear-end collision,2,0,0,clear,13.73013812,100.7254377,straight road,no slope
6282563,2022-05-30T17:20:00Z,2022-05-31T10:40:00Z,สมุทรปราการ,Samut Prakan,department of highways,แขวงคลองสองต้นนุ่น - พิมพา,private/passenger car,speeding,rear-end collision,6,0,2,clear,13.66595694,100.8501765,straight road,no slope
6288783,2022-05-31T09:00:00Z,2022-06-01T10:29:00Z,กรุงเทพมหานคร,Bangkok,department of highways,แขวงรามอินทรา - บางพลี,4-wheel pickup truck,speeding,rear-end collision,2,0,0,clear,13.65958972,100.6938842,straight road,no slope
6288877,2022-05-31T10:50:00Z,2022-06-01T10:52:00Z,กรุงเทพมหานคร,Bangkok,department of highways,แขวงรามอินทรา - บางพลี,private/passenger car,speeding,rear-end collision,3,0,6,clear,13.72785564,100.7017377,other,other
6501649,2022-05-31T15:50:00Z,2022-07-06T10:46:00Z,กรุงเทพมหานคร,Bangkok,department of highways,แขวงรามอินทรา - บางพลี,4-wheel pickup truck,speeding,rollover/fallen on straight road,1,0,1,clear,13.78252232,100.6856364,straight road,no slope
6302311,2022-05-31T17:22:00Z,2022-06-03T14:40:00Z,ปทุมธานี,Pathum Thani,department of highways,บางปะอิน - แขวงรามอินทรา,4-wheel pickup truck,speeding,rear-end collision,2,0,0,rainy,13.94563327,100.7116753,straight road,no slope
6285634,2022-05-31T20:33:00Z,2022-05-31T21:38:00Z,กรุงเทพมหานคร,Bangkok,expressway authority of thailand,พญาไท-บางโคล่,other,other,rear-end collision,2,0,1,clear,13.72328819,100.5178845,straight road,other
6318282,2022-05-31T22:34:00Z,2022-06-06T11:04:00Z,สมุทรปราการ,Samut Prakan,expressway authority of thailand,บางพลี-สุขสวัสดิ์,4-wheel pickup truck,other,rear-end collision,2,0,2,rainy,13.641247,100.680943,straight road,other
6417657,2022-06-01T04:30:00Z,2022-06-22T14:39:00Z,กรุงเทพมหานคร,Bangkok,department of highways,แขวงคลองสองต้นนุ่น - พิมพา,large truck with trailer,speeding,rollover/fallen on straight road,1,0,0,clear,13.72998439,100.758115,straight road,no slope
6650870,2022-06-01T11:27:00Z,2022-08-03T11:02:00Z,กรุงเทพมหานคร,Bangkok,department of highways,แขวงคลองสองต้นนุ่น - พิมพา,4-wheel pickup truck,overloaded vehicle,other,1,0,0,clear,13.73272283,100.7887888,straight road,no slope
6496232,2022-06-01T12:10:00Z,2022-07-05T15:25:00Z,สมุทรสาคร,Samut Sakhon,department of highways,อ้อมน้อย - สมุทรสาคร,other,speeding,rollover/fallen on straight road,1,0,0,clear,13.64890868,100.2859148,straight road,no slope
6294731,2022-06-01T15:58:00Z,2022-06-02T09:53:00Z,กรุงเทพมหานคร,Bangkok,department of highways,บางปะอิน - แขวงรามอินทรา,large truck with trailer,speeding,rear-end collision,3,0,1,clear,13.8427469,100.6721207,straight road,no slope
7564967,2022-06-01T18:10:00Z,2023-01-20T06:39:00Z,กรุงเทพมหานคร,Bangkok,department of highways,บางนา - ทางเข้าท่าอากาศยานสุวรรณภูมิ,motorcycle,speeding,rear-end collision,2,0,1,clear,13.67026637,100.6233756,straight road,no slope
6417494,2022-06-01T20:10:00Z,2022-06-22T14:13:00Z,กรุงเทพมหานคร,Bangkok,department of highways,บางปะอิน - แขวงรามอินทรา,4-wheel pickup truck,speeding,rollover/fallen on straight road,1,0,0,clear,13.84983051,100.6729227,other,other
6488421,2022-06-01T21:43:00Z,2022-07-04T10:15:00Z,กรุงเทพมหานคร,Bangkok,expressway authority of thailand,พญาไท-ศรีนครินทร์,7-10-wheel truck,other,rear-end collision,2,0,1,clear,13.74849714,100.603302,grade-separated intersection/ramps,other
7414711,2022-06-02T02:00:00Z,2022-11-29T10:57:00Z,กรุงเทพมหานคร,Bangkok,department of highways,คู้บอน - ประเวศ,private/passenger car,speeding,rollover/fallen on straight road,1,0,1,clear,13.83988475,100.6724962,other,other
6488389,2022-06-02T06:28:00Z,2022-07-04T10:11:00Z,กรุงเทพมหานคร,Bangkok,expressway authority of thailand,พญาไท-บางโคล่,other,other,side collision,1,0,0,clear,NA,NA,grade-separated intersection/ramps,other
6306817,2022-06-02T07:21:00Z,2022-06-04T09:55:00Z,กรุงเทพมหานคร,Bangkok,department of highways,ถนนศรีนครินทร - แขวงคลองสองต้นนุ่น,4-wheel pickup truck,speeding,rear-end collision,2,0,0,clear,13.73624288,100.6711846,straight road,no slope
6422502,2022-06-02T08:20:00Z,2022-06-23T08:28:00Z,กรุงเทพมหานคร,Bangkok,department of highways,แขวงรามอินทรา - บางพลี,4-wheel pickup truck,speeding,rear-end collision,3,0,0,clear,13.65812234,100.6928193,straight road,no slope
6423344,2022-06-02T08:45:00Z,2022-06-23T11:25:00Z,สมุทรปราการ,Samut Prakan,expressway authority of thailand,บางนา-ชลบุรี,4-wheel pickup truck,other,side collision,3,0,0,clear,13.576642,100.890937,straight road,other
6566808,2022-06-02T12:10:00Z,2022-06-10T09:10:00Z,กรุงเทพมหานคร,Bangkok,department of rural roads,ถนนวงแหวนอุตสาหกรรมเข้าสะพานภูมิพลที่ 1,large truck with trailer,failure to yield right of way,other,2,0,0,clear,13.66446,100.51749,u-turn area,other
6423313,2022-06-02T13:30:00Z,2022-06-23T11:18:00Z,กรุงเทพมหานคร,Bangkok,expressway authority of thailand,อาจณรงค์-บางนา,other,other,rear-end collision,2,0,2,clear,13.682886,100.60288,straight road,other
6381583,2022-06-02T16:00:00Z,2022-06-16T14:43:00Z,นครปฐม,Nakhon Pathom,department of highways,พุทธมณฑลสาย 4 - นครชัยศรี,large truck with trailer,speeding,rollover/fallen on straight road,1,0,0,clear,13.78643758,100.2947849,straight road,no slope
6345708,2022-06-02T19:12:00Z,2022-06-10T14:07:00Z,สมุทรปราการ,Samut Prakan,department of highways,แขวงคลองสองต้นนุ่น - พิมพา,4-wheel pickup truck,speeding,rear-end collision,4,0,0,clear,13.65955323,100.8601168,straight road,no slope
7445392,2022-06-02T22:00:00Z,2022-12-09T08:35:00Z,กรุงเทพมหานคร,Bangkok,department of highways,ไม่ทราบ,private/passenger car,speeding,rear-end collision,2,0,0,clear,13.66953533,100.4516418,straight road,no slope
7567862,2022-06-02T22:35:00Z,2023-01-24T06:49:00Z,นครปฐม,Nakhon Pathom,department of highways,พระประโทน - สระกระเทียม,private/passenger car,speeding,rollover/fallen on straight road,1,0,0,clear,13.80660152,100.0469139,other,other
6488394,2022-06-02T23:05:00Z,2022-07-04T10:11:00Z,กรุงเทพมหานคร,Bangkok,expressway authority of thailand,พญาไท-ศรีนครินทร์,other,other,rear-end collision,2,0,0,clear,13.7543791,100.5793772,wide curve,other
7451156,2022-06-03T03:00:00Z,2022-12-10T12:32:00Z,กรุงเทพมหานคร,Bangkok,department of highways,ไม่ทราบ,7-10-wheel truck,speeding,collision with obstruction (on road surface),2,0,1,clear,13.68396821,100.4866031,straight road,no slope
6306861,2022-06-03T04:00:00Z,2022-06-04T10:10:00Z,ปทุมธานี,Pathum Thani,department of highways,บางปะอิน - แขวงรามอินทรา,4-wheel pickup truck,speeding,rear-end collision,2,0,1,rainy,13.92439579,100.7057449,straight road,no slope
6488844,2022-06-03T05:30:00Z,2022-07-04T11:18:00Z,ปทุมธานี,Pathum Thani,department of highways,ต่างระดับรังสิต - วัดนาบุญ,6-wheel truck,speeding,rollover/fallen on straight road,1,0,2,rainy,13.99521014,100.6647527,other,other
6423171,2022-06-03T07:36:00Z,2022-06-23T10:42:00Z,กรุงเทพมหานคร,Bangkok,expressway authority of thailand,ดาวคะนอง-ท่าเรือ,other,other,rear-end collision,2,0,3,clear,13.67382999,100.4855543,straight road,other
6417652,2022-06-03T12:30:00Z,2022-06-22T14:36:00Z,ปทุมธานี,Pathum Thani,department of highways,บางปะอิน - แขวงรามอินทรา,4-wheel pickup truck,speeding,rear-end collision,2,0,1,clear,14.06245122,100.6972879,straight road,no slope
6422432,2022-06-03T14:30:00Z,2022-06-23T08:08:00Z,กรุงเทพมหานคร,Bangkok,department of highways,ถนนศรีนครินทร - แขวงคลองสองต้นนุ่น,private/passenger car,speeding,rear-end collision,3,0,0,clear,13.73426269,100.6885198,straight road,no slope
6422465,2022-06-03T16:39:00Z,2022-06-23T08:17:00Z,กรุงเทพมหานคร,Bangkok,department of highways,แขวงรามอินทรา - บางพลี,private/passenger car,speeding,rear-end collision,2,0,0,clear,13.76088957,100.6963277,straight road,no slope
6566807,2022-06-04T02:58:00Z,2022-06-10T09:11:00Z,สมุทรปราการ,Samut Prakan,department of rural roads,ออกจากสะพานภูมิพลที่ 2 ไปถนนวงแหวนอุตสาหกรรม,private/passenger car,speeding,other,2,0,1,clear,13.665149,100.521374,straight road,no slope
7561503,2022-06-04T10:15:00Z,2023-01-17T10:05:00Z,กรุงเทพมหานคร,Bangkok,department of highways,ดาวคะนอง -  แสมดำ,motorcycle,cutting in closely by people/vehicles/animals,rear-end collision,2,0,1,clear,13.6166176,100.3838718,straight road,no slope
7561498,2022-06-04T11:40:00Z,2023-01-17T10:05:00Z,กรุงเทพมหานคร,Bangkok,department of highways,ดาวคะนอง -  แสมดำ,4-wheel pickup truck,cutting in closely by people/vehicles/animals,rear-end collision,2,0,0,clear,13.66884076,100.4504026,straight road,no slope
7558301,2022-06-04T12:00:00Z,2023-01-12T14:27:00Z,ปทุมธานี,Pathum Thani,department of highways,บางปะอิน - แขวงรามอินทรา,4-wheel pickup truck,falling asleep,rollover/fallen on straight road,1,0,1,clear,14.01475476,100.7021159,straight road,no slope
6319719,2022-06-04T13:56:00Z,2022-06-06T15:00:00Z,สมุทรปราการ,Samut Prakan,department of highways,แขวงคลองสองต้นนุ่น - พิมพา,private/passenger car,speeding,rear-end collision,2,0,0,clear,13.66595694,100.8501765,straight road,no slope
7451441,2022-06-04T21:06:00Z,2022-12-10T13:18:00Z,กรุงเทพมหานคร,Bangkok,department of highways,ไม่ทราบ,private/passenger car,speeding,rear-end collision,2,0,0,clear,13.62030492,100.3879689,straight road,no slope
6423176,2022-06-04T22:13:00Z,2022-06-23T10:43:00Z,กรุงเทพมหานคร,Bangkok,expressway authority of thailand,ดินแดง-ท่าเรือ,other,other,rollover/fallen on straight road,2,0,0,clear,13.72792661,100.552049,straight road,other
6718246,2022-06-05T01:00:00Z,2022-08-14T11:02:00Z,กรุงเทพมหานคร,Bangkok,department of highways,มหาวิทยาลัยเกษตรศาสตร์ - คันนายาว,private/passenger car,speeding,rollover/fallen on straight road,1,0,1,clear,13.83953577,100.5993417,straight road,no slope
6470563,2022-06-05T02:30:00Z,2022-07-01T06:14:00Z,นครปฐม,Nakhon Pathom,department of highways,นครชัยศรี - พระประโทน,large truck with trailer,speeding,rollover/fallen on straight road,1,0,0,clear,13.80511943,100.1601621,wide curve,no slope
6488487,2022-06-05T12:13:00Z,2022-07-04T10:29:00Z,ปทุมธานี,Pathum Thani,expressway authority of thailand,บางปะอิน-แจ้งวัฒนะ,other,other,side collision,1,0,2,clear,14.030718,100.578962,straight road,other
6423184,2022-06-05T15:13:00Z,2022-06-23T10:45:00Z,กรุงเทพมหานคร,Bangkok,expressway authority of thailand,บางนา-ท่าเรือ,other,other,rear-end collision,2,0,0,clear,NA,NA,straight road,other
6417533,2022-06-05T16:02:00Z,2022-06-22T14:15:00Z,ปทุมธานี,Pathum Thani,department of highways,บางปะอิน - แขวงรามอินทรา,4-wheel pickup truck,speeding,rollover/fallen on straight road,1,0,0,clear,14.01175681,100.7033846,straight road,no slope
6488424,2022-06-05T21:45:00Z,2022-07-04T10:15:00Z,สมุทรปราการ,Samut Prakan,expressway authority of thailand,บางนา-ชลบุรี,other,other,side collision,2,0,3,clear,13.582053,100.865577,straight road,other
6488402,2022-06-05T22:34:00Z,2022-07-04T10:13:00Z,กรุงเทพมหานคร,Bangkok,expressway authority of thailand,พญาไท-บางโคล่,other,other,other,1,0,0,rainy,13.71883897,100.5187884,straight road,other
6466641,2022-06-05T23:00:00Z,2022-06-30T14:34:00Z,กรุงเทพมหานคร,Bangkok,department of highways,รัชดาภิเษก - รามอินทรา,private/passenger car,speeding,rollover/fallen on straight road,1,0,0,rainy,13.81907775,100.6802559,wide curve,no slope
7565080,2022-06-05T23:20:00Z,2023-01-20T08:40:00Z,ปทุมธานี,Pathum Thani,department of highways,สะพานคลองเปรม - สะพานข้ามแม่น้ำเจ้าพระยาปทุมธานี,van,speeding,rollover/fallen on straight road,1,0,0,clear,13.9946662,100.577192,straight road,no slope
6488411,2022-06-06T06:37:00Z,2022-07-04T10:14:00Z,กรุงเทพมหานคร,Bangkok,expressway authority of thailand,พญาไท-บางโคล่,other,other,rear-end collision,2,0,0,clear,NA,NA,wide curve,other
6319333,2022-06-06T10:49:00Z,2022-06-06T13:52:00Z,สมุทรปราการ,Samut Prakan,department of highways,แขวงคลองสองต้นนุ่น - พิมพา,private/passenger car,speeding,rear-end collision,2,0,0,clear,13.65807282,100.8624127,straight road,no slope
6416885,2022-06-06T11:59:00Z,2022-06-22T12:12:00Z,กรุงเทพมหานคร,Bangkok,department of highways,แขวงรามอินทรา - บางพลี,other,speeding,rollover/fallen on straight road,1,0,0,clear,13.76442222,100.694654,straight road,no slope
6417128,2022-06-06T17:48:00Z,2022-06-22T13:19:00Z,กรุงเทพมหานคร,Bangkok,department of highways,แขวงคลองสองต้นนุ่น - พิมพา,4-wheel pickup truck,speeding,rollover/fallen on curved road,1,0,1,clear,13.72983327,100.7563045,other,other
6445270,2022-06-06T21:09:00Z,2022-06-27T09:48:00Z,สมุทรปราการ,Samut Prakan,expressway authority of thailand,บางพลี-สุขสวัสดิ์,6-wheel truck,other,rear-end collision,2,0,1,rainy,13.634679,100.541267,grade-separated intersection/ramps,other
6368697,2022-06-06T22:42:00Z,2022-06-14T12:14:00Z,กรุงเทพมหานคร,Bangkok,expressway authority of thailand,แจ้งวัฒนะ-พญาไท,other,other,collision with obstruction (on road surface),1,0,0,clear,NA,NA,wide curve,other
6338293,2022-06-07T00:21:00Z,2022-06-09T13:54:00Z,กรุงเทพมหานคร,Bangkok,department of highways,ถนนศรีนครินทร - แขวงคลองสองต้นนุ่น,4-wheel pickup truck,speeding,rollover/fallen on straight road,1,0,0,clear,13.73238411,100.7072845,straight road,no slope
6423288,2022-06-07T03:27:00Z,2022-06-23T11:12:00Z,กรุงเทพมหานคร,Bangkok,expressway authority of thailand,รามอินทรา-อาจณรงค์,4-wheel pickup truck,other,rear-end collision,2,0,0,clear,13.817965,100.624077,straight road,other
6445318,2022-06-07T09:16:00Z,2022-06-27T09:55:00Z,สมุทรปราการ,Samut Prakan,expressway authority of thailand,บางพลี-สุขสวัสดิ์,4-wheel pickup truck,other,rear-end collision,8,0,1,clear,13.627311,100.594099,straight road,other
6417104,2022-06-07T10:07:00Z,2022-06-22T13:11:00Z,กรุงเทพมหานคร,Bangkok,department of highways,แขวงคลองสองต้นนุ่น - พิมพา,4-wheel pickup truck,overloaded vehicle,other,1,0,0,clear,13.73272283,100.7887968,straight road,no slope
6325970,2022-06-07T11:30:00Z,2022-06-07T16:26:00Z,สมุทรปราการ,Samut Prakan,department of highways,บางปู - บางพลี,4-wheel pickup truck,speeding,collision with obstruction (on road surface),1,0,0,clear,13.53054565,100.6869641,straight road,no slope
6410750,2022-06-07T12:00:00Z,2022-06-21T11:40:00Z,นครปฐม,Nakhon Pathom,department of highways,บ้านบ่อ - พระประโทน,6-wheel truck,speeding,rear-end collision,3,0,0,clear,13.7960001,100.0945821,straight road,no slope
6344926,2022-06-07T16:13:00Z,2022-06-10T11:17:00Z,สมุทรปราการ,Samut Prakan,department of highways,แขวงคลองสองต้นนุ่น - พิมพา,4-wheel pickup truck,speeding,rear-end collision,2,0,0,clear,13.66546435,100.8509409,straight road,no slope
6327307,2022-06-07T19:38:00Z,2022-06-07T21:37:00Z,กรุงเทพมหานคร,Bangkok,expressway authority of thailand,พญาไท-บางโคล่,other,other,rear-end collision,2,0,0,clear,NA,NA,straight road,other
7451484,2022-06-07T19:50:00Z,2022-12-10T13:41:00Z,กรุงเทพมหานคร,Bangkok,department of highways,ไม่ทราบ,motorcycle,speeding,rear-end collision,2,0,1,clear,13.6695223,100.451674,straight road,no slope
7565082,2022-06-08T08:10:00Z,2023-01-20T08:44:00Z,ปทุมธานี,Pathum Thani,department of highways,บางคูวัด - บางพูน,4-wheel pickup truck,speeding,rollover/fallen on straight road,1,0,0,clear,13.9613037,100.5187547,straight road,no slope
6730178,2022-06-08T13:30:00Z,2022-08-16T15:29:00Z,กรุงเทพมหานคร,Bangkok,department of highways,แขวงคลองสองต้นนุ่น - พิมพา,large truck with trailer,speeding,rollover/fallen on curved road,1,0,0,clear,13.72998439,100.758107,wide curve,no slope
6470595,2022-06-08T14:40:00Z,2022-07-01T06:16:00Z,สมุทรสาคร,Samut Sakhon,department of highways,บ้านบ่อ - พระประโทน,large truck with trailer,speeding,rollover/fallen on straight road,1,0,0,rainy,13.64841605,100.0909075,straight road,no slope
6470566,2022-06-08T22:00:00Z,2022-07-01T06:13:00Z,นครปฐม,Nakhon Pathom,department of highways,บ้านบ่อ - พระประโทน,4-wheel pickup truck,speeding,rear-end collision,2,0,0,rainy,13.80193123,100.0955102,straight road,no slope
7567869,2022-06-08T22:30:00Z,2023-01-24T06:56:00Z,นครปฐม,Nakhon Pathom,department of highways,พระประโทน - สระกระเทียม,private/passenger car,speeding,rollover/fallen on straight road,1,0,0,clear,13.81282489,100.0795981,straight road,no slope
6368712,2022-06-08T23:35:00Z,2022-06-14T12:16:00Z,กรุงเทพมหานคร,Bangkok,expressway authority of thailand,พญาไท-ศรีนครินทร์,other,other,collision with obstruction (on road surface),1,0,0,clear,NA,NA,wide curve,other
6417206,2022-06-09T05:50:00Z,2022-06-22T13:30:00Z,กรุงเทพมหานคร,Bangkok,department of highways,บางปะอิน - แขวงรามอินทรา,large truck with trailer,speeding,rear-end collision,2,0,0,clear,13.89818337,100.693801,straight road,no slope
6351954,2022-06-09T09:00:00Z,2022-06-11T13:07:00Z,กรุงเทพมหานคร,Bangkok,department of highways,บางปะอิน - แขวงรามอินทรา,other,speeding,rollover/fallen on straight road,1,0,0,clear,13.86891871,100.67866,straight road,no slope
7560841,2022-06-09T09:00:00Z,2023-01-16T14:42:00Z,กรุงเทพมหานคร,Bangkok,department of highways,รัชดาภิเษก - รามอินทรา,private/passenger car,speeding,rollover/fallen on straight road,1,0,0,clear,13.81896055,100.6797919,straight road,no slope
6351787,2022-06-09T10:00:00Z,2022-06-11T12:19:00Z,กรุงเทพมหานคร,Bangkok,department of highways,บางปะอิน - แขวงรามอินทรา,other,speeding,rollover/fallen on straight road,1,0,0,clear,13.86467934,100.6773913,straight road,no slope
6351570,2022-06-09T10:15:00Z,2022-06-11T11:14:00Z,กรุงเทพมหานคร,Bangkok,department of highways,บางปะอิน - แขวงรามอินทรา,other,speeding,rollover/fallen on straight road,1,0,0,clear,13.84445792,100.6725821,straight road,no slope
6416883,2022-06-09T11:05:00Z,2022-06-22T12:13:00Z,ปทุมธานี,Pathum Thani,department of highways,บางปะอิน - แขวงรามอินทรา,other,speeding,rollover/fallen on straight road,1,0,0,clear,14.0922402,100.6912771,straight road,no slope
6351229,2022-06-09T12:30:00Z,2022-06-11T09:47:00Z,กรุงเทพมหานคร,Bangkok,department of highways,แขวงรามอินทรา - บางพลี,7-10-wheel truck,speeding,rollover/fallen on straight road,1,0,0,clear,13.76780893,100.6924975,straight road,no slope
6488846,2022-06-09T19:30:00Z,2022-07-04T11:19:00Z,ปทุมธานี,Pathum Thani,department of highways,คลองบางหลวง - ต่างระดับเชียงรากน้อย,large truck with trailer,speeding,collision with obstruction (on road surface),1,0,0,rainy,14.09900137,100.5267128,other,other
6344499,2022-06-10T01:40:00Z,2022-06-10T10:25:00Z,กรุงเทพมหานคร,Bangkok,department of highways,แขวงรามอินทรา - บางพลี,7-10-wheel truck,speeding,rear-end collision,3,0,2,clear,13.67546443,100.6993773,straight road,no slope
6351671,2022-06-10T03:30:00Z,2022-06-11T11:44:00Z,กรุงเทพมหานคร,Bangkok,department of highways,ถนนศรีนครินทร - แขวงคลองสองต้นนุ่น,private/passenger car,falling asleep,rollover/fallen on straight road,7,0,0,clear,13.73312668,100.6968024,straight road,no slope
6343554,2022-06-10T05:22:00Z,2022-06-10T08:40:00Z,ปทุมธานี,Pathum Thani,department of highways,บางปะอิน - แขวงรามอินทรา,4-wheel pickup truck,speeding,rear-end collision,2,0,0,clear,14.08168312,100.6950295,straight road,no slope
6416708,2022-06-10T09:20:00Z,2022-06-22T11:20:00Z,กรุงเทพมหานคร,Bangkok,department of highways,บางปะอิน - แขวงรามอินทรา,6-wheel truck,speeding,rear-end collision,2,0,0,clear,13.86818438,100.6783435,straight road,no slope
6566831,2022-06-10T10:50:00Z,2022-06-14T11:11:00Z,กรุงเทพมหานคร,Bangkok,department of rural roads,สะพานภูมิพลที่ 1 ไปสะพานภูมิพลที่ 2,large truck with trailer,speeding,other,2,0,0,clear,13.684536,100.543357,straight road,slope area
6346024,2022-06-10T11:31:00Z,2022-06-10T15:08:00Z,กรุงเทพมหานคร,Bangkok,department of highways,แขวงคลองสองต้นนุ่น - พิมพา,4-wheel pickup truck,speeding,rear-end collision,2,0,0,clear,13.7299401,100.7272455,straight road,no slope
6345958,2022-06-10T11:42:00Z,2022-06-10T14:50:00Z,กรุงเทพมหานคร,Bangkok,department of highways,แขวงคลองสองต้นนุ่น - พิมพา,4-wheel pickup truck,speeding,rear-end collision,3,0,0,clear,13.729518,100.7435775,straight road,no slope
6369313,2022-06-10T15:13:00Z,2022-06-14T14:18:00Z,สมุทรปราการ,Samut Prakan,department of highways,แขวงคลองสองต้นนุ่น - พิมพา,private/passenger car,speeding,rear-end collision,3,0,0,clear,13.66694211,100.848645,straight road,no slope
7561803,2022-06-10T16:00:00Z,2023-01-17T14:50:00Z,นนทบุรี,Nonthaburi,department of highways,คลองมหาสวัสดิ์ - คลองบางไผ่,large truck with trailer,speeding,rear-end collision,3,0,0,clear,13.85541911,100.4116782,straight road,no slope
6369217,2022-06-10T16:06:00Z,2022-06-14T13:58:00Z,สมุทรปราการ,Samut Prakan,department of highways,แขวงคลองสองต้นนุ่น - พิมพา,private/passenger car,speeding,rear-end collision,3,0,0,clear,13.66595694,100.8501765,straight road,no slope
6369118,2022-06-10T16:51:00Z,2022-06-14T13:39:00Z,กรุงเทพมหานคร,Bangkok,department of highways,แขวงคลองสองต้นนุ่น - พิมพา,6-wheel truck,speeding,rear-end collision,2,0,0,clear,13.73101359,100.7172945,straight road,no slope
6566837,2022-06-10T17:40:00Z,2022-06-14T11:11:00Z,กรุงเทพมหานคร,Bangkok,department of rural roads,สะพานภูมิพลที่ 1 ไปสะพานภูมิพลที่ 2,motorcycle,speeding,other,2,0,2,clear,13.684646,100.543561,straight road,slope area
6416715,2022-06-10T18:00:00Z,2022-06-22T11:26:00Z,ปทุมธานี,Pathum Thani,department of highways,บางปะอิน - แขวงรามอินทรา,private/passenger car,speeding,rear-end collision,2,0,0,rainy,14.06537826,100.6966281,straight road,no slope
6351251,2022-06-10T22:18:00Z,2022-06-11T09:52:00Z,ปทุมธานี,Pathum Thani,department of highways,บางปะอิน - แขวงรามอินทรา,4-wheel pickup truck,speeding,rear-end collision,2,0,0,rainy,14.0499465,100.6981864,straight road,no slope
6351302,2022-06-10T22:57:00Z,2022-06-11T10:04:00Z,ปทุมธานี,Pathum Thani,department of highways,บางปะอิน - แขวงรามอินทรา,4-wheel pickup truck,speeding,rear-end collision,2,0,0,rainy,14.050864990000001,100.6981543,straight road,no slope
6472948,2022-06-10T23:52:00Z,2022-07-01T15:15:00Z,สมุทรปราการ,Samut Prakan,department of highways,แขวงคลองสองต้นนุ่น - พิมพา,private/passenger car,speeding,rear-end collision,3,0,0,rainy,13.64282772,100.8861369,straight road,no slope
6466667,2022-06-11T00:10:00Z,2022-06-30T14:36:00Z,กรุงเทพมหานคร,Bangkok,department of highways,มีนบุรี - แยกเคหะร่มเกล้า,private/passenger car,speeding,rollover/fallen on straight road,1,0,1,clear,13.78894091,100.7461685,straight road,no slope
6410309,2022-06-11T09:00:00Z,2022-06-21T10:03:00Z,กรุงเทพมหานคร,Bangkok,department of highways,แขวงรามอินทรา - บางพลี,4-wheel pickup truck,speeding,rear-end collision,2,0,0,clear,13.77224806,100.6901318,straight road,no slope
6416188,2022-06-11T10:20:00Z,2022-06-22T09:44:00Z,ปทุมธานี,Pathum Thani,department of highways,บางปะอิน - แขวงรามอินทรา,other,speeding,rollover/fallen on straight road,1,0,0,clear,14.06000549,100.6975856,straight road,no slope
6369649,2022-06-11T12:00:00Z,2022-06-14T15:21:00Z,นครปฐม,Nakhon Pathom,department of highways,ลาดบัวหลวง - สองพี่น้อง,4-wheel pickup truck,cutting in closely by people/vehicles/animals,rear-end collision,2,1,3,clear,14.15817838,100.1785782,straight road,no slope
7419655,2022-06-11T16:00:00Z,2022-11-30T14:20:00Z,นครปฐม,Nakhon Pathom,department of highways,ลำลูกบัว - หนองกระทุ่ม,large truck with trailer,speeding,rear-end collision,2,0,4,clear,14.01203527,99.93838368,straight road,no slope
6488841,2022-06-11T20:00:00Z,2022-07-04T11:18:00Z,ปทุมธานี,Pathum Thani,department of highways,บ้านพร้าว - คลองห้า,4-wheel pickup truck,speeding,rollover/fallen on straight road,1,0,0,clear,14.06710064,100.70214,straight road,no slope
6566845,2022-06-11T20:17:00Z,2022-06-14T11:12:00Z,สมุทรปราการ,Samut Prakan,department of rural roads,สะพานภูมิพลที่ 2 ไปสะพานภูมิพลที่ 1,motorcycle,falling asleep,other,2,0,1,clear,13.666616,100.538206,grade-separated intersection/ramps,other
6354717,2022-06-11T23:16:00Z,2022-06-12T00:23:00Z,กรุงเทพมหานคร,Bangkok,expressway authority of thailand,พญาไท-ศรีนครินทร์,other,other,rear-end collision,2,0,0,clear,NA,NA,other,other
6445391,2022-06-12T01:15:00Z,2022-06-27T10:07:00Z,สมุทรปราการ,Samut Prakan,expressway authority of thailand,บางพลี-สุขสวัสดิ์,other,other,rear-end collision,1,0,1,clear,13.602119,100.651355,wide curve,other
6416706,2022-06-12T04:30:00Z,2022-06-22T11:23:00Z,ปทุมธานี,Pathum Thani,department of highways,บางปะอิน - แขวงรามอินทรา,large truck with trailer,vehicle equipment failure,rollover/fallen on straight road,1,0,0,clear,13.99849198,100.7092666,straight road,no slope
6423209,2022-06-12T06:12:00Z,2022-06-23T10:55:00Z,กรุงเทพมหานคร,Bangkok,expressway authority of thailand,ดินแดง-ท่าเรือ,other,other,side collision,3,0,3,clear,13.75312387,100.5472333,straight road,other
6416207,2022-06-12T07:00:00Z,2022-06-22T09:47:00Z,สมุทรปราการ,Samut Prakan,department of highways,แขวงคลองสองต้นนุ่น - พิมพา,6-wheel truck,speeding,rear-end collision,2,0,0,clear,13.62505051,100.9135437,straight road,no slope
6445368,2022-06-12T07:40:00Z,2022-06-27T10:04:00Z,กรุงเทพมหานคร,Bangkok,expressway authority of thailand,บางพลี-สุขสวัสดิ์,other,other,collision with obstruction (on road surface),1,0,0,clear,NA,NA,grade-separated intersection/ramps,other
7451470,2022-06-12T10:30:00Z,2022-12-10T13:54:00Z,กรุงเทพมหานคร,Bangkok,department of highways,ไม่ทราบ,private/passenger car,speeding,rear-end collision,2,0,1,clear,13.61705555,100.3847931,straight road,no slope
6423736,2022-06-12T11:30:00Z,2022-06-23T12:58:00Z,กรุงเทพมหานคร,Bangkok,department of highways,แขวงรามอินทรา - บางพลี,private/passenger car,vehicle equipment failure,other,1,0,0,clear,13.71096039,100.7001874,straight road,no slope
6368348,2022-06-12T15:23:00Z,2022-06-14T10:42:00Z,สมุทรปราการ,Samut Prakan,department of highways,แขวงคลองสองต้นนุ่น - พิมพา,private/passenger car,speeding,rear-end collision,2,0,0,clear,13.66349399,100.8539986,straight road,no slope
6423303,2022-06-12T23:06:00Z,2022-06-23T11:15:00Z,กรุงเทพมหานคร,Bangkok,expressway authority of thailand,รามอินทรา-อาจณรงค์,other,other,rear-end collision,2,0,2,clear,NA,NA,wide curve,other
6416738,2022-06-13T05:00:00Z,2022-06-22T11:31:00Z,กรุงเทพมหานคร,Bangkok,department of highways,แขวงรามอินทรา - บางพลี,large truck with trailer,speeding,rollover/fallen on straight road,1,0,0,rainy,13.70551947,100.7000023,straight road,no slope
7438253,2022-06-13T05:00:00Z,2022-12-07T10:09:00Z,นครปฐม,Nakhon Pathom,department of highways,ไม่ทราบ,4-wheel pickup truck,vehicle equipment failure,rollover/fallen on straight road,1,0,0,clear,14.02449783,100.1431087,other,other
6364231,2022-06-13T08:49:00Z,2022-06-13T17:15:00Z,กรุงเทพมหานคร,Bangkok,expressway authority of thailand,พญาไท-บางโคล่,other,other,rear-end collision,3,0,0,clear,NA,NA,straight road,other
7561177,2022-06-13T11:00:00Z,2023-01-17T06:34:00Z,กรุงเทพมหานคร,Bangkok,department of highways,แยกเข้ามีนบุรี - คลองหลวงแพ่ง,other,speeding,rollover/fallen on straight road,1,0,0,clear,13.81247247,100.7811364,straight road,no slope
6694555,2022-06-13T15:30:00Z,2022-08-10T14:22:00Z,นนทบุรี,Nonthaburi,department of highways,คลองมหาสวัสดิ์ - คลองบางไผ่,4-wheel pickup truck,speeding,rollover/fallen on straight road,1,0,0,clear,13.86387729,100.4109031,straight road,no slope
6364230,2022-06-13T15:37:00Z,2022-06-13T17:15:00Z,กรุงเทพมหานคร,Bangkok,expressway authority of thailand,แจ้งวัฒนะ-พญาไท,other,other,rear-end collision,3,0,0,clear,NA,NA,straight road,other
6365466,2022-06-13T16:30:00Z,2022-06-13T22:04:00Z,ปทุมธานี,Pathum Thani,expressway authority of thailand,บางปะอิน-แจ้งวัฒนะ,other,other,other,1,0,0,rainy,14.022863,100.576812,straight road,other
7565001,2022-06-13T18:00:00Z,2023-01-20T06:52:00Z,สมุทรปราการ,Samut Prakan,department of highways,ทางเข้าท่าอากาศยานสุวรรณภูมิ - บางวัว,private/passenger car,speeding,rear-end collision,2,0,1,clear,13.61572477,100.7486375,straight road,no slope
6416248,2022-06-14T00:15:00Z,2022-06-22T09:55:00Z,กรุงเทพมหานคร,Bangkok,department of highways,บางปะอิน - แขวงรามอินทรา,private/passenger car,speeding,rear-end collision,2,0,1,clear,13.90226331,100.6956249,straight road,no slope
6423788,2022-06-14T04:30:00Z,2022-06-23T13:06:00Z,ปทุมธานี,Pathum Thani,department of highways,บางปะอิน - แขวงรามอินทรา,large truck with trailer,speeding,rollover/fallen on straight road,1,0,0,clear,13.9664289,100.7128286,straight road,no slope
6416183,2022-06-14T05:45:00Z,2022-06-22T09:40:00Z,ปทุมธานี,Pathum Thani,department of highways,บางปะอิน - แขวงรามอินทรา,other,speeding,rollover/fallen on curved road,1,0,0,clear,14.00866774,100.7073435,wide curve,no slope
6445418,2022-06-14T07:13:00Z,2022-06-27T10:12:00Z,สมุทรปราการ,Samut Prakan,expressway authority of thailand,บางพลี-สุขสวัสดิ์,other,other,rear-end collision,2,0,1,clear,13.633906,100.539561,straight road,other
6416222,2022-06-14T08:05:00Z,2022-06-22T09:53:00Z,ปทุมธานี,Pathum Thani,department of highways,บางปะอิน - แขวงรามอินทรา,4-wheel pickup truck,speeding,rear-end collision,2,0,0,clear,13.93501217,100.7088992,straight road,no slope
6566860,2022-06-14T08:30:00Z,2022-06-20T10:54:00Z,สมุทรปราการ,Samut Prakan,department of rural roads,ถนนวงแหวนอุตสาหกรรมเข้าสะพานภูมิพลที่ 1,motorcycle,speeding,other,2,0,1,clear,13.664994,100.523486,straight road,no slope
6423741,2022-06-14T11:45:00Z,2022-06-23T12:57:00Z,กรุงเทพมหานคร,Bangkok,department of highways,แขวงรามอินทรา - บางพลี,large truck with trailer,speeding,other,1,0,0,clear,13.77737483,100.6873718,straight road,no slope
6374966,2022-06-14T14:19:00Z,2022-06-15T11:24:00Z,กรุงเทพมหานคร,Bangkok,department of highways,แขวงคลองสองต้นนุ่น - พิมพา,private/passenger car,speeding,rear-end collision,4,0,0,clear,13.73382236,100.7987451,straight road,no slope
6423789,2022-06-14T14:50:00Z,2022-06-23T13:07:00Z,กรุงเทพมหานคร,Bangkok,department of highways,บางปะอิน - แขวงรามอินทรา,4-wheel pickup truck,vehicle equipment failure,rollover/fallen on straight road,1,0,0,clear,13.84622102,100.6726974,straight road,no slope
7561176,2022-06-14T14:50:00Z,2023-01-17T06:34:00Z,กรุงเทพมหานคร,Bangkok,department of highways,แยกเข้ามีนบุรี - คลองหลวงแพ่ง,other,speeding,rollover/fallen on straight road,1,0,0,clear,13.81517086,100.7537645,straight road,no slope
6423214,2022-06-14T19:42:00Z,2022-06-23T10:56:00Z,กรุงเทพมหานคร,Bangkok,expressway authority of thailand,ดินแดง-ท่าเรือ,other,other,side collision,2,0,0,clear,13.71989444,100.5528577,wide curve,other
6386883,2022-06-15T04:00:00Z,2022-06-17T11:18:00Z,ปทุมธานี,Pathum Thani,department of highways,บางปะอิน - แขวงรามอินทรา,4-wheel pickup truck,speeding,rollover/fallen on straight road,1,0,0,clear,14.01960813,100.6999808,straight road,no slope
7414974,2022-06-15T10:00:00Z,2022-11-29T11:02:00Z,กรุงเทพมหานคร,Bangkok,department of highways,คู้บอน - ประเวศ,other,speeding,rollover/fallen on straight road,1,0,0,clear,13.81380864,100.6773323,straight road,no slope
6488516,2022-06-15T10:46:00Z,2022-07-04T10:32:00Z,สมุทรปราการ,Samut Prakan,expressway authority of thailand,บางพลี-สุขสวัสดิ์,other,other,rear-end collision,2,0,0,clear,13.632945,100.573726,straight road,other
6466761,2022-06-15T14:15:00Z,2022-06-30T14:51:00Z,นนทบุรี,Nonthaburi,department of highways,บางบัวทอง - ไทรน้อย,private/passenger car,speeding,rollover/fallen on straight road,1,0,0,clear,13.98106203,100.3250804,straight road,no slope
6387038,2022-06-15T19:15:00Z,2022-06-17T12:00:00Z,กรุงเทพมหานคร,Bangkok,department of highways,บางปะอิน - แขวงรามอินทรา,private/passenger car,speeding,rear-end collision,2,0,0,clear,13.90066728,100.6947479,straight road,no slope
6566885,2022-06-15T22:15:00Z,2022-06-20T10:57:00Z,สมุทรปราการ,Samut Prakan,department of rural roads,ออกจากสะพานภูมิพลที่ 2 ไปถนนวงแหวนอุตสาหกรรม,private/passenger car,abrupt lane change,other,2,0,1,clear,13.663688,100.530367,straight road,slope area
6466743,2022-06-16T02:30:00Z,2022-06-30T14:49:00Z,นนทบุรี,Nonthaburi,department of highways,คลองบางไผ่ - คลองบางหลวง,4-wheel pickup truck,speeding,rollover/fallen on straight road,1,0,1,clear,13.8977772,100.407722,straight road,no slope
6488373,2022-06-16T07:28:00Z,2022-07-04T10:08:00Z,นนทบุรี,Nonthaburi,expressway authority of thailand,หมอชิต-กาญจนาฯ,other,other,rear-end collision,7,0,1,rainy,13.793528,100.481222,straight road,other
7451743,2022-06-16T07:30:00Z,2022-12-10T14:59:00Z,กรุงเทพมหานคร,Bangkok,department of highways,ไม่ทราบ,4-wheel pickup truck,speeding,rear-end collision,2,0,0,clear,13.67206075,100.4549383,straight road,no slope
6387085,2022-06-16T09:40:00Z,2022-06-17T12:15:00Z,กรุงเทพมหานคร,Bangkok,department of highways,บางปะอิน - แขวงรามอินทรา,4-wheel pickup truck,speeding,rear-end collision,2,0,0,rainy,13.82366957,100.674524,straight road,no slope
6387215,2022-06-16T10:05:00Z,2022-06-17T12:46:00Z,กรุงเทพมหานคร,Bangkok,department of highways,บางปะอิน - แขวงรามอินทรา,4-wheel pickup truck,speeding,rear-end collision,2,0,0,rainy,13.81929654,100.6756344,straight road,no slope
6445435,2022-06-16T15:30:00Z,2022-06-27T10:14:00Z,สมุทรปราการ,Samut Prakan,expressway authority of thailand,บางพลี-สุขสวัสดิ์,4-wheel pickup truck,other,rear-end collision,2,0,3,clear,13.601312,100.639084,straight road,other
6566877,2022-06-16T23:47:00Z,2022-06-20T10:58:00Z,สมุทรปราการ,Samut Prakan,department of rural roads,สะพานภูมิพลที่ 1 ไปสะพานภูมิพลที่ 2,motorcycle,speeding,other,2,0,1,clear,13.666665,100.538469,y-intersection,other
6387297,2022-06-17T06:59:00Z,2022-06-17T13:12:00Z,กรุงเทพมหานคร,Bangkok,department of highways,แขวงคลองสองต้นนุ่น - พิมพา,private/passenger car,speeding,rollover/fallen on straight road,1,0,1,rainy,13.7294737,100.8105495,straight road,no slope
6392958,2022-06-17T09:20:00Z,2022-06-18T10:27:00Z,กรุงเทพมหานคร,Bangkok,department of highways,แขวงรามอินทรา - บางพลี,private/passenger car,speeding,rear-end collision,4,0,0,clear,13.77225066,100.6901237,straight road,no slope
6466764,2022-06-17T10:45:00Z,2022-06-30T14:52:00Z,นนทบุรี,Nonthaburi,department of highways,คลองบางไผ่ - คลองบางหลวง,private/passenger car,speeding,rollover/fallen on straight road,1,0,0,clear,13.9700287,100.4336133,straight road,no slope
6388295,2022-06-17T16:18:00Z,2022-06-17T17:02:00Z,กรุงเทพมหานคร,Bangkok,expressway authority of thailand,พญาไท-บางโคล่,other,other,rear-end collision,4,0,0,clear,13.76677765,100.5276217,straight road,other
6445442,2022-06-17T21:50:00Z,2022-06-27T10:16:00Z,สมุทรปราการ,Samut Prakan,expressway authority of thailand,บางพลี-สุขสวัสดิ์,other,other,rear-end collision,3,0,4,clear,13.634536,100.56841,straight road,other
6399070,2022-06-17T22:30:00Z,2022-06-19T11:39:00Z,ปทุมธานี,Pathum Thani,department of highways,บางปะอิน - แขวงรามอินทรา,4-wheel pickup truck,speeding,rear-end collision,2,0,0,clear,14.06720211,100.6964752,straight road,no slope
7528148,2022-06-18T01:30:00Z,2022-12-31T13:41:00Z,กรุงเทพมหานคร,Bangkok,department of highways,ดินแดง - งามวงศ์วาน,private/passenger car,speeding,rear-end collision,2,0,0,clear,13.83935171,100.5577311,straight road,no slope
6466863,2022-06-18T02:30:00Z,2022-06-30T15:14:00Z,สมุทรปราการ,Samut Prakan,department of highways,ราษฎร์บูรณะ - พระสมุทรเจดีย์,large truck with trailer,falling asleep,rear-end collision,4,0,2,clear,13.65027185,100.5224213,straight road,no slope
6445089,2022-06-18T02:57:00Z,2022-06-27T09:20:00Z,กรุงเทพมหานคร,Bangkok,expressway authority of thailand,บางนา-ชลบุรี,other,other,rollover/fallen on straight road,1,0,0,clear,NA,NA,straight road,other
6423237,2022-06-18T06:10:00Z,2022-06-23T11:02:00Z,กรุงเทพมหานคร,Bangkok,expressway authority of thailand,ดาวคะนอง-ท่าเรือ,other,other,rear-end collision,2,0,2,clear,13.67032097,100.505409,wide curve,other
6393427,2022-06-18T10:19:00Z,2022-06-18T12:32:00Z,กรุงเทพมหานคร,Bangkok,expressway authority of thailand,พญาไท-ศรีนครินทร์,other,other,collision with obstruction (on road surface),1,0,0,clear,NA,NA,other,other
6398967,2022-06-18T12:30:00Z,2022-06-19T11:07:00Z,กรุงเทพมหานคร,Bangkok,department of highways,แขวงรามอินทรา - บางพลี,4-wheel pickup truck,speeding,rollover/fallen on straight road,1,0,0,clear,13.80693753,100.6788853,straight road,no slope
6394375,2022-06-18T14:50:00Z,2022-06-18T16:40:00Z,กรุงเทพมหานคร,Bangkok,expressway authority of thailand,พญาไท-ศรีนครินทร์,van,other,rear-end collision,2,0,0,clear,13.76807397,100.5380748,wide curve,other
7564983,2022-06-18T14:52:00Z,2023-01-20T06:47:00Z,กรุงเทพมหานคร,Bangkok,department of highways,บางนา - ทางเข้าท่าอากาศยานสุวรรณภูมิ,private/passenger car,speeding,rear-end collision,2,0,1,clear,13.66685871,100.640059,straight road,no slope
6566934,2022-06-18T19:50:00Z,2022-06-27T09:07:00Z,สมุทรปราการ,Samut Prakan,department of rural roads,สะพานภูมิพลที่ 1 ไปสะพานภูมิพลที่ 2,7-10-wheel truck,speeding,other,2,0,0,clear,13.652792,100.541216,straight road,slope area
7564262,2022-06-19T00:30:00Z,2023-01-19T11:47:00Z,สมุทรสาคร,Samut Sakhon,department of highways,อ้อมน้อย - สมุทรสาคร,4-wheel pickup truck,speeding,rollover/fallen on curved road,1,0,0,clear,13.57658911,100.2734613,wide curve,no slope
6566936,2022-06-19T03:46:00Z,2022-06-27T09:13:00Z,กรุงเทพมหานคร,Bangkok,department of rural roads,สะพานพระราม 3,passenger pickup truck,speeding,other,1,0,1,clear,13.699632,100.494714,straight road,slope area
6416751,2022-06-19T05:30:00Z,2022-06-22T11:37:00Z,กรุงเทพมหานคร,Bangkok,department of highways,แขวงรามอินทรา - บางพลี,large truck with trailer,speeding,rollover/fallen on straight road,1,0,0,clear,13.76440138,100.6943107,straight road,no slope
6398927,2022-06-19T06:08:00Z,2022-06-19T11:03:00Z,นนทบุรี,Nonthaburi,expressway authority of thailand,แจ้งวัฒนะ-พญาไท,other,other,rear-end collision,2,0,0,clear,13.850065,100.5333966,straight road,other
6496188,2022-06-19T07:00:00Z,2022-07-05T15:24:00Z,นครปฐม,Nakhon Pathom,department of highways,พุทธมณฑลสาย 4 - นครชัยศรี,4-wheel pickup truck,speeding,rollover/fallen on straight road,1,0,0,clear,13.77282899,100.2099761,straight road,no slope
7418642,2022-06-19T07:00:00Z,2022-11-30T09:56:00Z,กรุงเทพมหานคร,Bangkok,department of highways,ดินแดง - งามวงศ์วาน,private/passenger car,speeding,rollover/fallen on straight road,1,0,0,clear,13.8299568,100.5576119,straight road,no slope
7419647,2022-06-19T10:00:00Z,2022-11-30T14:19:00Z,นครปฐม,Nakhon Pathom,department of highways,บางเลน - ลำลูกบัว,private/passenger car,speeding,rollover/fallen on straight road,1,0,2,clear,14.03667867,100.1043266,straight road,no slope
6566925,2022-06-19T11:52:00Z,2022-06-27T09:05:00Z,สมุทรปราการ,Samut Prakan,department of rural roads,สะพานภูมิพลที่ 1 ไปสะพานภูมิพลที่ 2,motorcycle,speeding,other,2,0,2,clear,13.655323,100.540833,straight road,slope area
6471526,2022-06-19T15:37:00Z,2022-07-01T09:42:00Z,สมุทรปราการ,Samut Prakan,department of highways,แขวงคลองสองต้นนุ่น - พิมพา,private/passenger car,speeding,rear-end collision,3,0,0,clear,13.66595694,100.8501765,straight road,no slope
7558120,2022-06-19T18:20:00Z,2023-01-12T13:42:00Z,ปทุมธานี,Pathum Thani,department of highways,บางปะอิน - แขวงรามอินทรา,private/passenger car,speeding,rear-end collision,2,0,6,clear,14.14429003,100.6621697,straight road,no slope
7033519,2022-06-19T21:20:00Z,2022-10-04T09:42:00Z,นครปฐม,Nakhon Pathom,department of highways,นครปฐม - ดอนตูม,4-wheel pickup truck,speeding,rollover/fallen on straight road,1,0,1,clear,13.83447547,100.0684333,straight road,no slope
6406012,2022-06-19T22:00:00Z,2022-06-20T15:48:00Z,กรุงเทพมหานคร,Bangkok,department of highways,แขวงรามอินทรา - บางพลี,private/passenger car,speeding,rear-end collision,2,0,2,clear,13.71537714,100.7000801,other,other
7561557,2022-06-19T22:45:00Z,2023-01-17T10:39:00Z,กรุงเทพมหานคร,Bangkok,department of highways,อรุณอมรินทร์ - พุทธมณฑลสาย 4,private/passenger car,cutting in closely by people/vehicles/animals,pedestrian collision,1,1,0,clear,13.7838196,100.4025078,straight road,no slope
7567183,2022-06-20T00:30:00Z,2023-01-23T11:25:00Z,นครปฐม,Nakhon Pathom,department of highways,หนองปลาไหล - ดอนตูม,4-wheel pickup truck,speeding,rollover/fallen on straight road,3,0,1,clear,13.95338142,100.0508541,straight road,no slope
7561577,2022-06-20T03:00:00Z,2023-01-17T10:53:00Z,กรุงเทพมหานคร,Bangkok,department of highways,อรุณอมรินทร์ - พุทธมณฑลสาย 4,private/passenger car,speeding,rollover/fallen on straight road,1,1,0,clear,13.78114689,100.4249525,straight road,no slope
7565083,2022-06-20T06:00:00Z,2023-01-20T08:42:00Z,ปทุมธานี,Pathum Thani,department of highways,สะพานคลองเปรม - สะพานข้ามแม่น้ำเจ้าพระยาปทุมธานี,private/passenger car,speeding,rollover/fallen on straight road,1,0,0,clear,13.9847553,100.5937573,straight road,no slope
6566938,2022-06-20T19:50:00Z,2022-06-27T09:14:00Z,สมุทรปราการ,Samut Prakan,department of rural roads,ออกจากสะพานภูมิพลที่ 2 ไปถนนวงแหวนอุตสาหกรรม,private/passenger car,tailgating,other,2,0,0,clear,13.664341,100.534456,straight road,slope area
6423244,2022-06-20T21:40:00Z,2022-06-23T11:04:00Z,กรุงเทพมหานคร,Bangkok,expressway authority of thailand,ดินแดง-ท่าเรือ,other,other,rear-end collision,2,0,0,other,NA,NA,straight road,other
7565116,2022-06-21T00:01:00Z,2023-01-20T08:53:00Z,ปทุมธานี,Pathum Thani,department of highways,ต่างระดับคลองหลวง - ประตูน้ำพระอินทร์,4-wheel pickup truck,speeding,rollover/fallen on straight road,1,0,0,rainy,14.10009396,100.6186589,straight road,no slope
6416112,2022-06-21T00:32:00Z,2022-06-22T09:25:00Z,กรุงเทพมหานคร,Bangkok,department of highways,แขวงรามอินทรา - บางพลี,4-wheel pickup truck,speeding,rollover/fallen on straight road,1,0,0,rainy,13.70737742,100.7000425,straight road,no slope
6429293,2022-06-21T04:36:00Z,2022-06-24T13:43:00Z,กรุงเทพมหานคร,Bangkok,department of highways,บางปะอิน - แขวงรามอินทรา,7-10-wheel truck,speeding,rear-end collision,2,0,0,clear,13.87055663,100.6794727,straight road,no slope
7558133,2022-06-21T09:30:00Z,2023-01-12T13:46:00Z,สมุทรปราการ,Samut Prakan,department of highways,แขวงคลองสองต้นนุ่น - พิมพา,6-wheel truck,speeding,rear-end collision,2,0,1,clear,13.62586902,100.9125352,straight road,no slope
7567882,2022-06-21T16:00:00Z,2023-01-24T07:10:00Z,นครปฐม,Nakhon Pathom,department of highways,นครปฐม - ดอนตูม,private/passenger car,falling asleep,rollover/fallen on straight road,1,0,0,clear,13.9008235,100.062924,straight road,no slope
6466866,2022-06-21T16:35:00Z,2022-06-30T15:11:00Z,สมุทรปราการ,Samut Prakan,department of highways,ทางเข้าท่าอากาศยานสุวรรณภูมิ - บางวัว,motorcycle,cutting in closely by people/vehicles/animals,rear-end collision,2,0,1,clear,13.5891297,100.833013,straight road,no slope
6566941,2022-06-21T19:45:00Z,2022-06-27T09:14:00Z,สมุทรปราการ,Samut Prakan,department of rural roads,สะพานภูมิพลที่ 1 ไปสะพานภูมิพลที่ 2,passenger pickup truck,abrupt lane change,other,2,0,0,rainy,13.662518,100.539012,straight road,slope area
7451735,2022-06-21T20:20:00Z,2022-12-10T15:07:00Z,กรุงเทพมหานคร,Bangkok,department of highways,ไม่ทราบ,4-wheel pickup truck,speeding,rear-end collision,2,0,0,clear,13.64001005,100.407946,straight road,no slope
6423256,2022-06-21T21:16:00Z,2022-06-23T11:06:00Z,กรุงเทพมหานคร,Bangkok,expressway authority of thailand,ดินแดง-ท่าเรือ,other,other,other,1,0,0,rainy,13.75764618,100.5448227,wide curve,other
6415880,2022-06-21T23:08:00Z,2022-06-22T08:38:00Z,กรุงเทพมหานคร,Bangkok,department of highways,แขวงรามอินทรา - บางพลี,6-wheel truck,speeding,rear-end collision,2,1,0,clear,13.70827903,100.7000828,straight road,no slope
6471677,2022-06-21T23:46:00Z,2022-07-01T10:10:00Z,สมุทรปราการ,Samut Prakan,department of highways,แขวงคลองสองต้นนุ่น - พิมพา,4-wheel pickup truck,speeding,rollover/fallen on straight road,1,0,0,clear,13.62611406,100.9121623,straight road,no slope
6440881,2022-06-22T02:55:00Z,2022-06-26T14:34:00Z,กรุงเทพมหานคร,Bangkok,department of highways,บางปะอิน - แขวงรามอินทรา,large truck with trailer,speeding,rollover/fallen on straight road,1,0,0,clear,13.8965821,100.6926155,straight road,no slope
6445112,2022-06-22T04:00:00Z,2022-06-27T09:23:00Z,สมุทรปราการ,Samut Prakan,expressway authority of thailand,บางนา-ชลบุรี,other,other,collision with obstruction (on road surface),1,0,2,clear,13.586058,100.846649,straight road,other
6472450,2022-06-22T06:00:00Z,2022-07-01T13:12:00Z,กรุงเทพมหานคร,Bangkok,department of highways,แขวงคลองสองต้นนุ่น - พิมพา,large truck with trailer,speeding,rear-end collision,2,0,2,clear,13.73042995,100.7227233,straight road,no slope
6440930,2022-06-22T06:47:00Z,2022-06-26T14:41:00Z,ปทุมธานี,Pathum Thani,department of highways,บางปะอิน - แขวงรามอินทรา,private/passenger car,speeding,rollover/fallen on straight road,1,0,1,clear,13.94495384,100.7114848,straight road,no slope
6416224,2022-06-22T08:50:00Z,2022-06-22T09:52:00Z,กรุงเทพมหานคร,Bangkok,department of highways,แขวงรามอินทรา - บางพลี,7-10-wheel truck,speeding,rear-end collision,2,0,0,clear,13.74204524,100.7028159,other,other
6466837,2022-06-22T09:00:00Z,2022-06-30T15:09:00Z,สมุทรปราการ,Samut Prakan,department of highways,บางพลี - บางบ่อ,large passenger vehicle,speeding,rollover/fallen on straight road,1,0,0,clear,13.58324014,100.798544,other,other
7565084,2022-06-22T22:15:00Z,2023-01-20T08:43:00Z,ปทุมธานี,Pathum Thani,department of highways,ต่างระดับรังสิต - วัดนาบุญ,private/passenger car,speeding,rollover/fallen on straight road,1,1,1,clear,14.00641142,100.7018343,straight road,no slope
7558069,2022-06-22T22:41:00Z,2023-01-12T13:17:00Z,สมุทรปราการ,Samut Prakan,department of highways,แขวงคลองสองต้นนุ่น - พิมพา,4-wheel pickup truck,vehicle equipment failure,rollover/fallen on straight road,1,0,0,clear,13.69683927,100.8266455,straight road,no slope
7567897,2022-06-23T01:00:00Z,2023-01-24T07:17:00Z,นครปฐม,Nakhon Pathom,department of highways,บางเลน - ลำลูกบัว,private/passenger car,speeding,rollover/fallen on straight road,1,0,1,clear,14.01596486,100.1815742,other,other
7558124,2022-06-23T09:30:00Z,2023-01-12T13:44:00Z,กรุงเทพมหานคร,Bangkok,department of highways,แขวงคลองสองต้นนุ่น - พิมพา,4-wheel pickup truck,speeding,rollover/fallen on straight road,1,0,0,clear,13.73356181,100.7952851,straight road,no slope
6445706,2022-06-23T11:24:00Z,2022-06-27T10:47:00Z,กรุงเทพมหานคร,Bangkok,expressway authority of thailand,ดินแดง-ท่าเรือ,7-10-wheel truck,other,side collision,4,0,0,clear,NA,NA,straight road,other
7560717,2022-06-23T16:30:00Z,2023-01-16T11:26:00Z,กรุงเทพมหานคร,Bangkok,department of highways,ดินแดง - งามวงศ์วาน,private/passenger car,speeding,rear-end collision,2,0,0,clear,13.81147557,100.5595148,straight road,no slope
6566967,2022-06-23T19:00:00Z,2022-06-27T14:43:00Z,สมุทรปราการ,Samut Prakan,department of rural roads,ทางเข้าถนนปู่เจ้าสมิงพรายสู่ถนนวงแหวนอุตสาหกรรม,large truck with trailer,brake/anti-lock brake system failure,other,1,0,0,clear,13.649193,100.541099,wide curve,slope area
7419442,2022-06-23T21:00:00Z,2022-11-30T13:39:00Z,กรุงเทพมหานคร,Bangkok,department of highways,คลองประปา - คันนายาว,private/passenger car,speeding,rollover/fallen on straight road,1,0,0,clear,13.84179112,100.6565827,straight road,no slope
7558181,2022-06-23T22:11:00Z,2023-01-12T14:02:00Z,ปทุมธานี,Pathum Thani,department of highways,บางปะอิน - แขวงรามอินทรา,4-wheel pickup truck,speeding,rollover/fallen on straight road,1,0,0,clear,13.95752676,100.7128796,straight road,no slope
7558112,2022-06-24T00:01:00Z,2023-01-12T13:38:00Z,กรุงเทพมหานคร,Bangkok,department of highways,ถนนศรีนครินทร - แขวงคลองสองต้นนุ่น,6-wheel truck,speeding,other,1,0,0,clear,13.74065133,100.6444108,straight road,no slope
6446478,2022-06-24T01:45:00Z,2022-06-27T13:58:00Z,กรุงเทพมหานคร,Bangkok,department of highways,แขวงรามอินทรา - บางพลี,4-wheel pickup truck,speeding,rollover/fallen on curved road,1,0,0,rainy,13.73298077,100.7055062,other,other
6566968,2022-06-24T06:00:00Z,2022-06-27T14:44:00Z,กรุงเทพมหานคร,Bangkok,department of rural roads,สะพานภูมิพลที่ 2 ไปสะพานภูมิพลที่ 1,passenger pickup truck,speeding,other,1,0,1,clear,13.672573,100.538705,straight road,slope area
6483178,2022-06-24T09:22:00Z,2022-07-03T10:09:00Z,กรุงเทพมหานคร,Bangkok,department of highways,แขวงคลองสองต้นนุ่น - พิมพา,4-wheel pickup truck,speeding,rear-end collision,2,0,0,clear,13.73052635,100.7218194,straight road,no slope
6472337,2022-06-24T09:54:00Z,2022-07-01T12:37:00Z,กรุงเทพมหานคร,Bangkok,department of highways,แขวงคลองสองต้นนุ่น - พิมพา,4-wheel pickup truck,speeding,other,1,0,0,clear,13.73262903,100.7878956,straight road,no slope
7560827,2022-06-24T15:00:00Z,2023-01-16T14:30:00Z,กรุงเทพมหานคร,Bangkok,department of highways,ดินแดง - งามวงศ์วาน,motorcycle,using mobile phone while driving,rear-end collision,2,0,2,clear,13.84674064,100.5611008,straight road,no slope
6441031,2022-06-24T19:09:00Z,2022-06-26T15:00:00Z,กรุงเทพมหานคร,Bangkok,department of highways,แขวงรามอินทรา - บางพลี,private/passenger car,speeding,rear-end collision,2,0,0,clear,13.80872174,100.6784373,straight road,no slope
6431564,2022-06-24T21:40:00Z,2022-06-24T22:11:00Z,กรุงเทพมหานคร,Bangkok,expressway authority of thailand,พญาไท-บางโคล่,other,other,collision with obstruction (on road surface),1,0,0,rainy,13.71723408,100.5195726,straight road,other
6808057,2022-06-24T21:50:00Z,2022-08-30T08:44:00Z,สมุทรสาคร,Samut Sakhon,department of highways,สะพานข้ามแม่น้ำท่าจีนฝั่งตะวันตก - นาโคก,large truck with trailer,speeding,rollover/fallen on straight road,1,0,0,rainy,13.44866864,100.0783092,straight road,no slope
6566962,2022-06-24T23:23:00Z,2022-06-27T14:45:00Z,สมุทรปราการ,Samut Prakan,department of rural roads,สะพานภูมิพลที่ 1 ไปสะพานภูมิพลที่ 2,4-wheel pickup truck,speeding,other,2,0,0,clear,13.659156,100.539794,straight road,slope area
7558177,2022-06-24T23:32:00Z,2023-01-12T14:01:00Z,ปทุมธานี,Pathum Thani,department of highways,บางปะอิน - แขวงรามอินทรา,4-wheel pickup truck,speeding,rollover/fallen on straight road,1,0,0,rainy,14.00576861,100.7058173,straight road,no slope
6432271,2022-06-24T23:48:00Z,2022-06-25T00:48:00Z,กรุงเทพมหานคร,Bangkok,expressway authority of thailand,แจ้งวัฒนะ-พญาไท,other,other,rollover/fallen on straight road,1,0,0,rainy,NA,NA,y-intersection,other
6446736,2022-06-25T01:10:00Z,2022-06-27T14:38:00Z,สมุทรปราการ,Samut Prakan,department of highways,แขวงคลองสองต้นนุ่น - พิมพา,4-wheel pickup truck,speeding,rear-end collision,2,0,0,rainy,13.61139348,100.9351462,straight road,no slope
6445739,2022-06-25T01:40:00Z,2022-06-27T10:53:00Z,กรุงเทพมหานคร,Bangkok,expressway authority of thailand,ดาวคะนอง-ท่าเรือ,4-wheel pickup truck,other,rear-end collision,2,0,2,other,13.70482578,100.544371,wide curve,other
6441150,2022-06-25T01:55:00Z,2022-06-26T15:20:00Z,กรุงเทพมหานคร,Bangkok,department of highways,ถนนศรีนครินทร - แขวงคลองสองต้นนุ่น,4-wheel pickup truck,speeding,rear-end collision,2,0,0,clear,13.73156076,100.7135528,straight road,no slope
6445731,2022-06-25T03:50:00Z,2022-06-27T10:52:00Z,กรุงเทพมหานคร,Bangkok,expressway authority of thailand,บางนา-ท่าเรือ,other,other,other,2,0,0,other,13.71188515,100.5681358,straight road,other
7561178,2022-06-25T03:50:00Z,2023-01-17T06:31:00Z,กรุงเทพมหานคร,Bangkok,department of highways,แยกเข้ามีนบุรี - คลองหลวงแพ่ง,4-wheel pickup truck,speeding,rollover/fallen on straight road,1,0,0,clear,13.80687501,100.84066,straight road,no slope
7564382,2022-06-25T04:00:00Z,2023-01-19T14:20:00Z,นครปฐม,Nakhon Pathom,department of highways,อ้อมใหญ่ - นครชัยศรี,4-wheel pickup truck,speeding,rollover/fallen on straight road,1,0,0,clear,13.71522207,100.2614734,other,other
6433233,2022-06-25T04:09:00Z,2022-06-25T05:54:00Z,กรุงเทพมหานคร,Bangkok,expressway authority of thailand,พญาไท-ศรีนครินทร์,other,other,collision with obstruction (on road surface),1,0,0,clear,13.7524528,100.5686029,straight road,other
6488375,2022-06-25T09:30:00Z,2022-07-04T10:09:00Z,กรุงเทพมหานคร,Bangkok,department of highways,บางปะอิน - แขวงรามอินทรา,4-wheel pickup truck,speeding,rear-end collision,2,0,1,clear,13.90779858,100.6987712,straight road,no slope
7564268,2022-06-25T10:30:00Z,2023-01-19T11:54:00Z,สมุทรสาคร,Samut Sakhon,department of highways,แสมดำ - สะพานข้ามแม่น้ำท่าจีนฝั่งตะวันตก,4-wheel pickup truck,cutting in closely by people/vehicles/animals,rear-end collision,2,0,0,clear,13.58913231,100.327945,straight road,no slope
6441217,2022-06-26T00:01:00Z,2022-06-26T15:35:00Z,กรุงเทพมหานคร,Bangkok,department of highways,ถนนศรีนครินทร - แขวงคลองสองต้นนุ่น,private/passenger car,speeding,rollover/fallen on straight road,1,0,1,clear,13.73673271,100.6693902,straight road,no slope
6460822,2022-06-26T01:54:00Z,2022-06-29T16:54:00Z,ปทุมธานี,Pathum Thani,department of highways,บางปะอิน - แขวงรามอินทรา,private/passenger car,speeding,rear-end collision,2,0,0,clear,14.06993395,100.6961882,straight road,no slope
7414780,2022-06-26T02:20:00Z,2022-11-29T11:36:00Z,ปทุมธานี,Pathum Thani,department of highways,สนามกีฬาธูปะเตมีย์ - ต่างระดับคลองหลวง,other,speeding,rear-end collision,2,0,0,clear,13.98866714,100.6154537,straight road,no slope
7560575,2022-06-26T04:30:00Z,2023-01-16T09:11:00Z,นครปฐม,Nakhon Pathom,department of highways,กำแพงแสน-ทุ่งคอก,private/passenger car,falling asleep,rollover/fallen on straight road,1,0,0,clear,14.07161327,99.98909937,straight road,no slope
7560830,2022-06-26T09:10:00Z,2023-01-16T14:40:00Z,กรุงเทพมหานคร,Bangkok,department of highways,แยกเข้ามีนบุรี - คลองหลวงแพ่ง,large truck with trailer,speeding,rollover/fallen on curved road,1,0,0,clear,13.8197289,100.7426199,wide curve,no slope
6466357,2022-06-26T10:20:00Z,2022-06-30T13:41:00Z,ปทุมธานี,Pathum Thani,department of highways,บางปะอิน - แขวงรามอินทรา,other,speeding,rollover/fallen on straight road,1,0,0,clear,14.08244539,100.6952092,straight road,no slope
6567143,2022-06-26T12:00:00Z,2022-06-30T15:23:00Z,สมุทรปราการ,Samut Prakan,department of rural roads,จุดเชื่อมต่อถนนวงแหวนอุตสาหกรรมเข้าสะพานภูมิพลที่ 2,motorcycle,speeding,other,1,0,3,clear,13.666258,100.537161,grade-separated intersection/ramps,other
6482269,2022-06-26T18:39:00Z,2022-07-03T06:01:00Z,ปทุมธานี,Pathum Thani,expressway authority of thailand,บางปะอิน-แจ้งวัฒนะ,other,other,side collision,2,0,0,clear,14.043163,100.581121,straight road,other
6488508,2022-06-26T18:57:00Z,2022-07-04T10:31:00Z,สมุทรปราการ,Samut Prakan,expressway authority of thailand,บางพลี-สุขสวัสดิ์,large truck with trailer,other,rear-end collision,2,0,0,clear,13.630378,100.587368,straight road,other
6460671,2022-06-26T20:57:00Z,2022-06-29T16:14:00Z,ปทุมธานี,Pathum Thani,department of highways,บางปะอิน - แขวงรามอินทรา,private/passenger car,speeding,rear-end collision,2,0,1,clear,13.93686569,100.7091191,straight road,no slope
6650895,2022-06-27T00:10:00Z,2022-08-03T11:08:00Z,สมุทรปราการ,Samut Prakan,department of highways,แขวงคลองสองต้นนุ่น - พิมพา,4-wheel pickup truck,speeding,rear-end collision,2,0,0,clear,13.66891243,100.8455872,straight road,no slope
6466732,2022-06-27T04:00:00Z,2022-06-30T14:47:00Z,นนทบุรี,Nonthaburi,department of highways,บางบัวทอง -  ลาดบัวหลวง,large truck with trailer,vehicle equipment failure,rollover/fallen on straight road,1,0,0,clear,14.06120494,100.329034,straight road,no slope
7558114,2022-06-27T05:30:00Z,2023-01-12T13:36:00Z,ปทุมธานี,Pathum Thani,department of highways,บางปะอิน - แขวงรามอินทรา,7-10-wheel truck,speeding,rollover/fallen on straight road,1,0,0,clear,13.96698072,100.7130942,straight road,no slope
7565099,2022-06-27T05:50:00Z,2023-01-20T08:45:00Z,ปทุมธานี,Pathum Thani,department of highways,บางคูวัด - บางพูน,7-10-wheel truck,speeding,rear-end collision,5,0,0,clear,13.97105684,100.5624908,other,other
6466839,2022-06-27T07:10:00Z,2022-06-30T15:07:00Z,สมุทรปราการ,Samut Prakan,department of highways,บางนา - ทางเข้าท่าอากาศยานสุวรรณภูมิ,4-wheel pickup truck,speeding,rollover/fallen on straight road,1,0,0,clear,13.64282511,100.6948981,straight road,no slope
6488428,2022-06-27T08:33:00Z,2022-07-04T10:16:00Z,กรุงเทพมหานคร,Bangkok,expressway authority of thailand,แจ้งวัฒนะ-พญาไท,other,other,rollover/fallen on straight road,1,0,0,clear,NA,NA,straight road,other
6459884,2022-06-27T09:42:00Z,2022-06-29T13:27:00Z,กรุงเทพมหานคร,Bangkok,department of highways,แขวงรามอินทรา - บางพลี,4-wheel pickup truck,speeding,rollover/fallen on straight road,1,0,2,clear,13.72742572,100.7019147,straight road,no slope
7558106,2022-06-27T10:15:00Z,2023-01-12T13:35:00Z,ปทุมธานี,Pathum Thani,department of highways,บางปะอิน - แขวงรามอินทรา,large truck with trailer,speeding,rear-end collision,2,0,0,clear,13.97553632,100.7132524,straight road,no slope
7451773,2022-06-27T18:40:00Z,2022-12-10T15:16:00Z,กรุงเทพมหานคร,Bangkok,department of highways,ไม่ทราบ,4-wheel pickup truck,speeding,rear-end collision,2,0,0,clear,13.62981296,100.3973566,straight road,no slope
6460471,2022-06-27T19:15:00Z,2022-06-29T15:37:00Z,กรุงเทพมหานคร,Bangkok,department of highways,บางปะอิน - แขวงรามอินทรา,6-wheel truck,speeding,rear-end collision,5,0,0,clear,13.91234959,100.7007587,straight road,no slope
6460998,2022-06-27T20:00:00Z,2022-06-29T17:45:00Z,ปทุมธานี,Pathum Thani,department of highways,บางปะอิน - แขวงรามอินทรา,4-wheel pickup truck,speeding,rollover/fallen on straight road,1,0,4,clear,14.05996906,100.6975883,straight road,no slope
7553832,2022-06-28T06:30:00Z,2023-01-07T15:55:00Z,กรุงเทพมหานคร,Bangkok,department of highways,ดินแดง - งามวงศ์วาน,private/passenger car,speeding,rear-end collision,3,0,0,clear,13.77617371,100.5547708,straight road,no slope
6467204,2022-06-28T07:35:00Z,2022-06-30T16:26:00Z,สมุทรปราการ,Samut Prakan,department of highways,แขวงคลองสองต้นนุ่น - พิมพา,large truck with trailer,speeding,rear-end collision,2,0,0,clear,13.61285854,100.9328422,straight road,no slope
6458852,2022-06-28T08:24:00Z,2022-06-29T09:30:00Z,กรุงเทพมหานคร,Bangkok,department of highways,แขวงรามอินทรา - บางพลี,4-wheel pickup truck,speeding,rear-end collision,2,0,0,clear,13.6765486,100.6993827,straight road,no slope
7560700,2022-06-28T12:50:00Z,2023-01-16T11:17:00Z,กรุงเทพมหานคร,Bangkok,department of highways,ดินแดง - งามวงศ์วาน,private/passenger car,speeding,rear-end collision,3,0,0,clear,13.77459739,100.5538801,straight road,no slope
6488381,2022-06-28T17:45:00Z,2022-07-04T10:09:00Z,กรุงเทพมหานคร,Bangkok,department of highways,บางปะอิน - แขวงรามอินทรา,4-wheel pickup truck,speeding,rollover/fallen on straight road,1,0,2,rainy,13.82461761,100.6746822,straight road,no slope
6471051,2022-06-28T19:10:00Z,2022-07-01T07:45:00Z,ปทุมธานี,Pathum Thani,department of highways,สนามกีฬาธูปเตมีย์ - ลำลูกกา,4-wheel pickup truck,speeding,rollover/fallen on curved road,1,0,4,clear,13.93433792,100.6415194,wide curve,no slope
6488383,2022-06-28T19:38:00Z,2022-07-04T10:09:00Z,กรุงเทพมหานคร,Bangkok,expressway authority of thailand,หมอชิต-กาญจนาฯ,other,other,rollover/fallen on straight road,2,0,0,clear,13.791002,100.474394,straight road,other
6461185,2022-06-28T20:30:00Z,2022-06-29T18:33:00Z,กรุงเทพมหานคร,Bangkok,department of highways,บางปะอิน - แขวงรามอินทรา,4-wheel pickup truck,speeding,rollover/fallen on straight road,1,0,1,clear,13.81842921,100.676136,straight road,no slope
6460037,2022-06-29T13:22:00Z,2022-06-29T14:10:00Z,นนทบุรี,Nonthaburi,expressway authority of thailand,บางปะอิน-แจ้งวัฒนะ,other,other,other,1,0,0,clear,13.900258,100.54271,straight road,other
6567184,2022-06-29T14:10:00Z,2022-07-05T13:20:00Z,สมุทรปราการ,Samut Prakan,department of rural roads,จุดเชื่อมต่อถนนวงแหวนอุตสาหกรรมเข้าสะพานภูมิพลที่ 2,motorcycle,unfamiliarity with the route/unskilled driving,other,2,0,1,clear,13.665857,100.538883,grade-separated intersection/ramps,other
6466986,2022-06-29T17:43:00Z,2022-06-30T15:35:00Z,กรุงเทพมหานคร,Bangkok,department of highways,แขวงคลองสองต้นนุ่น - พิมพา,private/passenger car,speeding,rear-end collision,4,0,0,clear,13.72930955,100.7326662,straight road,no slope
6464883,2022-06-29T19:41:00Z,2022-06-30T08:15:00Z,ปทุมธานี,Pathum Thani,department of highways,บางปะอิน - แขวงรามอินทรา,4-wheel pickup truck,speeding,rear-end collision,2,0,0,rainy,13.94826764,100.7123324,straight road,no slope
6567186,2022-06-29T20:55:00Z,2022-07-06T10:17:00Z,สมุทรปราการ,Samut Prakan,department of rural roads,สะพานภูมิพลที่ 2 ไปสะพานภูมิพลที่ 1,large truck with trailer,abrupt lane change,other,2,0,1,clear,13.660794,100.539225,straight road,slope area
6463978,2022-06-29T23:54:00Z,2022-06-30T04:35:00Z,สมุทรปราการ,Samut Prakan,expressway authority of thailand,บางพลี-สุขสวัสดิ์,other,other,rollover/fallen on straight road,1,0,0,clear,13.61275,100.620614,straight road,other
7564267,2022-06-30T01:00:00Z,2023-01-19T11:54:00Z,สมุทรสาคร,Samut Sakhon,department of highways,แสมดำ - สะพานข้ามแม่น้ำท่าจีนฝั่งตะวันตก,4-wheel pickup truck,falling asleep,rear-end collision,2,0,0,clear,13.59003437,100.330351,straight road,no slope
6538170,2022-06-30T02:10:00Z,2022-07-12T11:12:00Z,ปทุมธานี,Pathum Thani,department of highways,ต่างระดับคลองหลวง - ประตูน้ำพระอินทร์,motorcycle,speeding,rollover/fallen on straight road,1,0,1,clear,14.11146699,100.6186133,other,other
6488460,2022-06-30T02:58:00Z,2022-07-04T10:24:00Z,สมุทรปราการ,Samut Prakan,expressway authority of thailand,บางนา-ชลบุรี,other,other,rollover/fallen on straight road,1,0,0,clear,13.595176,100.804267,straight road,other
7553826,2022-06-30T07:25:00Z,2023-01-07T15:50:00Z,กรุงเทพมหานคร,Bangkok,department of highways,ดินแดง - งามวงศ์วาน,private/passenger car,cutting in closely by people/vehicles/animals,rear-end collision,2,0,0,clear,13.76511669,100.5485927,straight road,no slope
6471763,2022-06-30T15:20:00Z,2022-07-01T10:29:00Z,กรุงเทพมหานคร,Bangkok,department of highways,แขวงรามอินทรา - บางพลี,large truck with trailer,speeding,rollover/fallen on straight road,1,0,0,clear,13.75418624,100.6998145,straight road,no slope
6554251,2022-06-30T17:00:00Z,2022-07-15T13:30:00Z,กรุงเทพมหานคร,Bangkok,department of highways,แขวงรามอินทรา - บางพลี,4-wheel pickup truck,speeding,rollover/fallen on straight road,1,0,1,clear,13.73553679,100.7022607,straight road,no slope
7561808,2022-06-30T20:15:00Z,2023-01-17T14:54:00Z,นนทบุรี,Nonthaburi,department of highways,ปากเกร็ด -  คลองประปา,private/passenger car,worn-out/tire blowout,rear-end collision,7,0,0,clear,13.90178685,100.536004,straight road,no slope
6509393,2022-07-01T04:36:00Z,2022-07-07T15:58:00Z,กรุงเทพมหานคร,Bangkok,department of highways,แขวงคลองสองต้นนุ่น - พิมพา,4-wheel pickup truck,speeding,rollover/fallen on straight road,1,0,0,clear,13.70989463,100.8202055,straight road,no slope
6650535,2022-07-01T09:10:00Z,2022-08-03T10:12:00Z,กรุงเทพมหานคร,Bangkok,expressway authority of thailand,ดาวคะนอง-ท่าเรือ,4-wheel pickup truck,other,rear-end collision,3,0,0,clear,13.68931278,100.5228741,grade-separated intersection/ramps,other
6525615,2022-07-01T14:06:00Z,2022-07-10T10:01:00Z,กรุงเทพมหานคร,Bangkok,department of highways,แขวงคลองสองต้นนุ่น - พิมพา,private/passenger car,speeding,rollover/fallen on straight road,1,0,0,clear,13.73363216,100.7968998,straight road,no slope
6650718,2022-07-01T14:26:00Z,2022-08-03T10:41:00Z,สมุทรปราการ,Samut Prakan,expressway authority of thailand,บางพลี-สุขสวัสดิ์,other,other,rear-end collision,2,0,0,clear,13.628688,100.59168,straight road,other
7553833,2022-07-01T19:15:00Z,2023-01-07T15:59:00Z,กรุงเทพมหานคร,Bangkok,department of highways,ดินแดง - งามวงศ์วาน,large passenger vehicle,speeding,rear-end collision,2,0,0,clear,13.81147557,100.5595148,straight road,no slope
6525594,2022-07-01T20:23:00Z,2022-07-10T09:57:00Z,กรุงเทพมหานคร,Bangkok,department of highways,แขวงคลองสองต้นนุ่น - พิมพา,private/passenger car,speeding,rear-end collision,2,0,0,clear,13.73096408,100.718193,straight road,no slope
6608145,2022-07-01T20:47:00Z,2022-07-27T09:57:00Z,กรุงเทพมหานคร,Bangkok,expressway authority of thailand,รามอินทรา-อาจณรงค์,other,other,rear-end collision,2,0,0,clear,13.818868,100.62482,straight road,other
6475588,2022-07-01T21:04:00Z,2022-07-02T01:15:00Z,กรุงเทพมหานคร,Bangkok,expressway authority of thailand,พญาไท-ศรีนครินทร์,other,other,other,1,0,0,clear,13.74172934,100.6397472,y-intersection,other
7553825,2022-07-01T22:30:00Z,2023-01-07T15:53:00Z,กรุงเทพมหานคร,Bangkok,department of highways,ดินแดง - งามวงศ์วาน,private/passenger car,speeding,rear-end collision,2,0,0,clear,13.77381672,100.5534218,straight road,no slope
6607956,2022-07-01T22:53:00Z,2022-07-27T09:28:00Z,กรุงเทพมหานคร,Bangkok,expressway authority of thailand,ดาวคะนอง-ท่าเรือ,other,other,side collision,3,0,1,clear,13.6857228,100.5201032,grade-separated intersection/ramps,other
6483974,2022-07-01T22:56:00Z,2022-07-03T13:39:00Z,กรุงเทพมหานคร,Bangkok,department of highways,ถนนศรีนครินทร - แขวงคลองสองต้นนุ่น,private/passenger car,speeding,rear-end collision,2,0,0,rainy,13.73377286,100.6928864,straight road,no slope
6608131,2022-07-01T23:56:00Z,2022-07-27T09:54:00Z,กรุงเทพมหานคร,Bangkok,expressway authority of thailand,รามอินทรา-อาจณรงค์,other,other,side collision,4,0,0,clear,13.807847,100.618518,straight road,other
6508759,2022-07-01T23:59:00Z,2022-07-07T14:20:00Z,สมุทรปราการ,Samut Prakan,department of highways,แขวงคลองสองต้นนุ่น - พิมพา,private/passenger car,speeding,rear-end collision,4,0,2,clear,13.62414858,100.9152254,straight road,no slope
6532495,2022-07-02T02:39:00Z,2022-07-11T12:26:00Z,กรุงเทพมหานคร,Bangkok,expressway authority of thailand,แจ้งวัฒนะ-พญาไท,other,other,rollover/fallen on straight road,1,0,1,clear,NA,NA,grade-separated intersection/ramps,other
6537885,2022-07-02T08:40:00Z,2022-07-12T10:01:00Z,กรุงเทพมหานคร,Bangkok,department of highways,แขวงรามอินทรา - บางพลี,7-10-wheel truck,speeding,rear-end collision,3,0,1,clear,13.75783623,100.6982428,straight road,no slope
6484015,2022-07-02T11:52:00Z,2022-07-03T13:53:00Z,กรุงเทพมหานคร,Bangkok,department of highways,ถนนศรีนครินทร - แขวงคลองสองต้นนุ่น,private/passenger car,speeding,rear-end collision,2,0,0,clear,13.7328036,100.7019281,straight road,no slope
6508476,2022-07-02T13:39:00Z,2022-07-07T13:31:00Z,สมุทรปราการ,Samut Prakan,department of highways,แขวงคลองสองต้นนุ่น - พิมพา,private/passenger car,speeding,rear-end collision,2,0,1,clear,13.6551198,100.867002,straight road,no slope
6508148,2022-07-02T16:39:00Z,2022-07-07T11:57:00Z,สมุทรปราการ,Samut Prakan,department of highways,แขวงคลองสองต้นนุ่น - พิมพา,4-wheel pickup truck,speeding,rear-end collision,3,0,1,clear,13.66595694,100.8501765,straight road,no slope
6525705,2022-07-02T21:01:00Z,2022-07-10T10:44:00Z,ปทุมธานี,Pathum Thani,department of highways,บางปะอิน - แขวงรามอินทรา,4-wheel pickup truck,speeding,rollover/fallen on straight road,1,0,0,rainy,14.00506594,100.7061633,straight road,no slope
6484560,2022-07-03T00:30:00Z,2022-07-03T16:09:00Z,กรุงเทพมหานคร,Bangkok,department of highways,บางปะอิน - แขวงรามอินทรา,large truck with trailer,falling asleep,rollover/fallen on straight road,1,0,1,clear,13.88445113,100.686374,straight road,no slope
6544206,2022-07-03T00:30:00Z,2022-07-13T09:55:00Z,ปทุมธานี,Pathum Thani,department of highways,ต่างระดับคลองหลวง - ประตูน้ำพระอินทร์,private/passenger car,speeding,rear-end collision,4,1,0,clear,14.09161324,100.6183746,straight road,no slope
6608364,2022-07-03T01:50:00Z,2022-07-27T10:37:00Z,สมุทรปราการ,Samut Prakan,expressway authority of thailand,บางนา-ชลบุรี,other,other,rear-end collision,2,0,6,clear,13.601157,100.7869,straight road,other
6701063,2022-07-03T02:35:00Z,2022-08-11T09:27:00Z,ปทุมธานี,Pathum Thani,department of highways,สนามกีฬาธูปะเตมีย์ - ต่างระดับคลองหลวง,private/passenger car,speeding,rear-end collision,2,0,0,clear,14.01472093,100.6153947,straight road,no slope
7568347,2022-07-03T12:50:00Z,2023-01-24T13:36:00Z,กรุงเทพมหานคร,Bangkok,department of highways,แขวงคลองสองต้นนุ่น - พิมพา,large truck with trailer,vehicle equipment failure,collision with obstruction (on road surface),2,0,1,clear,13.73272283,100.7887834,straight road,no slope
6544149,2022-07-03T14:00:00Z,2022-07-13T09:43:00Z,สมุทรปราการ,Samut Prakan,department of highways,บางตำหรุ - คลองด่าน,6-wheel truck,speeding,rollover/fallen on straight road,1,0,0,clear,13.50377283,100.8349147,other,other
6608434,2022-07-03T16:07:00Z,2022-07-27T10:52:00Z,สมุทรปราการ,Samut Prakan,expressway authority of thailand,บางพลี-สุขสวัสดิ์,other,other,side collision,2,0,1,clear,13.625653,100.668251,straight road,other
7553828,2022-07-03T19:15:00Z,2023-01-07T15:51:00Z,กรุงเทพมหานคร,Bangkok,department of highways,ดินแดง - งามวงศ์วาน,motorcycle,speeding,rear-end collision,2,0,1,clear,13.76589521,100.5490546,straight road,no slope
6507994,2022-07-03T21:29:00Z,2022-07-07T11:16:00Z,กรุงเทพมหานคร,Bangkok,department of highways,แขวงคลองสองต้นนุ่น - พิมพา,private/passenger car,speeding,rear-end collision,3,0,2,clear,13.73111,100.7163906,straight road,no slope
6650620,2022-07-03T21:44:00Z,2022-08-03T10:26:00Z,สมุทรปราการ,Samut Prakan,expressway authority of thailand,บางนา-ชลบุรี,other,other,collision with obstruction (on road surface),1,0,0,clear,13.588384,100.835813,straight road,other
6650611,2022-07-03T21:45:00Z,2022-08-03T10:25:00Z,กรุงเทพมหานคร,Bangkok,expressway authority of thailand,บางนา-ชลบุรี,other,other,rollover/fallen on straight road,3,0,3,clear,13.666138,100.642297,straight road,other
6607993,2022-07-04T03:14:00Z,2022-07-27T09:34:00Z,กรุงเทพมหานคร,Bangkok,expressway authority of thailand,บางนา-ท่าเรือ,other,other,rear-end collision,2,0,1,clear,13.71177214,100.5662173,straight road,other
6507938,2022-07-04T06:01:00Z,2022-07-07T11:04:00Z,กรุงเทพมหานคร,Bangkok,department of highways,แขวงคลองสองต้นนุ่น - พิมพา,private/passenger car,speeding,rear-end collision,2,0,0,clear,13.73052635,100.7218194,straight road,no slope
7553829,2022-07-04T07:45:00Z,2023-01-07T15:58:00Z,กรุงเทพมหานคร,Bangkok,department of highways,ดินแดง - งามวงศ์วาน,motorcycle,speeding,rear-end collision,2,0,1,clear,13.79528505,100.5611762,straight road,no slope
6650576,2022-07-04T08:39:00Z,2022-08-03T10:18:00Z,กรุงเทพมหานคร,Bangkok,expressway authority of thailand,รามอินทรา-อาจณรงค์,other,other,rear-end collision,2,0,0,clear,13.804535,100.61704,straight road,other
7561561,2022-07-04T08:40:00Z,2023-01-17T10:37:00Z,กรุงเทพมหานคร,Bangkok,department of highways,ดาวคะนอง -  แสมดำ,motorcycle,cutting in closely by people/vehicles/animals,rear-end collision,2,0,2,clear,13.66659808,100.4468232,straight road,no slope
6650544,2022-07-04T16:18:00Z,2022-08-03T10:14:00Z,กรุงเทพมหานคร,Bangkok,expressway authority of thailand,ดินแดง-ท่าเรือ,4-wheel pickup truck,other,rear-end collision,2,0,0,clear,13.73961675,100.5507647,grade-separated intersection/ramps,other
7553827,2022-07-04T16:30:00Z,2023-01-07T15:52:00Z,กรุงเทพมหานคร,Bangkok,department of highways,ดินแดง - งามวงศ์วาน,private/passenger car,speeding,rear-end collision,2,0,0,clear,13.77144829,100.5520932,straight road,no slope
6494624,2022-07-04T17:00:00Z,2022-07-05T10:31:00Z,สมุทรปราการ,Samut Prakan,department of highways,ท้ายบ้าน - บางตำหรุ,motorcycle,speeding,collision with obstruction (on road surface),3,1,0,clear,13.51654415,100.6772706,straight road,no slope
6544162,2022-07-04T17:30:00Z,2022-07-13T09:46:00Z,สมุทรปราการ,Samut Prakan,department of highways,ทางเข้าท่าอากาศยานสุวรรณภูมิ - บางวัว,4-wheel pickup truck,speeding,rear-end collision,3,0,1,clear,13.6076213,100.7691255,straight road,no slope
6544379,2022-07-04T18:30:00Z,2022-07-13T10:39:00Z,สมุทรสาคร,Samut Sakhon,department of highways,บ้านบ่อ - พระประโทน,4-wheel pickup truck,speeding,rollover/fallen on straight road,1,0,0,rainy,13.6327272,100.0936192,other,other
7564999,2022-07-05T04:40:00Z,2023-01-20T06:50:00Z,สมุทรปราการ,Samut Prakan,department of highways,ทางเข้าท่าอากาศยานสุวรรณภูมิ - บางวัว,van,speeding,rear-end collision,2,0,1,clear,13.61450086,100.7524744,straight road,no slope
6650679,2022-07-05T10:27:00Z,2022-08-03T10:35:00Z,สมุทรปราการ,Samut Prakan,expressway authority of thailand,บางพลี-สุขสวัสดิ์,other,other,rear-end collision,3,0,0,clear,13.628232,100.592495,grade-separated intersection/ramps,other
6650559,2022-07-05T13:07:00Z,2022-08-03T10:15:00Z,กรุงเทพมหานคร,Bangkok,expressway authority of thailand,ดินแดง-ท่าเรือ,van,other,rear-end collision,2,0,0,clear,13.73247639,100.551802,straight road,other
6520098,2022-07-05T22:55:00Z,2022-07-09T10:15:00Z,กรุงเทพมหานคร,Bangkok,department of highways,แขวงรามอินทรา - บางพลี,4-wheel pickup truck,speeding,rollover/fallen on curved road,1,0,0,rainy,13.73297035,100.7055116,other,other
6650627,2022-07-05T23:48:00Z,2022-08-03T10:27:00Z,กรุงเทพมหานคร,Bangkok,expressway authority of thailand,บางนา-ชลบุรี,other,other,side collision,2,0,0,clear,NA,NA,straight road,other
6525707,2022-07-06T10:23:00Z,2022-07-10T10:44:00Z,กรุงเทพมหานคร,Bangkok,department of highways,แขวงคลองสองต้นนุ่น - พิมพา,private/passenger car,speeding,rear-end collision,2,0,0,clear,13.72979419,100.7554006,straight road,no slope
6567191,2022-07-06T12:42:00Z,2022-07-11T08:59:00Z,สมุทรปราการ,Samut Prakan,department of rural roads,สะพานภูมิพลที่ 2 ไปสะพานภูมิพลที่ 1,motorcycle,abrupt lane change,other,1,0,1,clear,13.662033,100.538906,y-intersection,other
7560814,2022-07-06T16:30:00Z,2023-01-16T14:28:00Z,กรุงเทพมหานคร,Bangkok,department of highways,ดินแดง - งามวงศ์วาน,motorcycle,cutting in closely by people/vehicles/animals,rear-end collision,2,0,1,clear,13.81671976,100.5589404,straight road,no slope
6513221,2022-07-06T20:20:00Z,2022-07-08T08:55:00Z,กรุงเทพมหานคร,Bangkok,department of highways,แขวงรามอินทรา - บางพลี,4-wheel pickup truck,speeding,rollover/fallen on straight road,1,0,1,clear,13.7951926,100.6819537,straight road,no slope
6701807,2022-07-06T22:10:00Z,2022-08-11T12:27:00Z,ปทุมธานี,Pathum Thani,department of highways,บางคูวัด - แยกปทุมวิไล,private/passenger car,speeding,rollover/fallen on straight road,1,0,0,clear,13.96663193,100.5137524,straight road,no slope
6506174,2022-07-07T03:36:00Z,2022-07-07T04:36:00Z,กรุงเทพมหานคร,Bangkok,expressway authority of thailand,แจ้งวัฒนะ-พญาไท,other,other,other,1,0,0,clear,NA,NA,straight road,other
7567870,2022-07-07T04:00:00Z,2023-01-24T06:58:00Z,นครปฐม,Nakhon Pathom,department of highways,นครปฐม - ดอนตูม,private/passenger car,speeding,rollover/fallen on straight road,1,0,0,clear,13.87782915,100.059681,straight road,no slope
6650568,2022-07-07T10:34:00Z,2022-08-03T10:16:00Z,กรุงเทพมหานคร,Bangkok,expressway authority of thailand,ดาวคะนอง-ท่าเรือ,other,other,rear-end collision,4,0,0,clear,13.68931278,100.5228741,straight road,other
6544184,2022-07-07T14:20:00Z,2022-07-13T09:50:00Z,สมุทรปราการ,Samut Prakan,department of highways,บางเมือง - บางพลี,large truck with trailer,speeding,rollover/fallen on straight road,1,0,0,clear,13.61965974,100.6451672,straight road,no slope
6608180,2022-07-07T18:05:00Z,2022-07-27T10:04:00Z,กรุงเทพมหานคร,Bangkok,expressway authority of thailand,รามอินทรา-อาจณรงค์,other,other,rear-end collision,2,0,0,clear,13.753147,100.598417,wide curve,other
6567194,2022-07-07T20:30:00Z,2022-07-11T08:59:00Z,กรุงเทพมหานคร,Bangkok,department of rural roads,สะพานภูมิพลที่ 1 ไปสะพานภูมิพลที่ 2,motorcycle,tailgating,other,2,0,1,clear,13.670523,100.538645,straight road,slope area
6567196,2022-07-07T22:30:00Z,2022-07-11T09:00:00Z,กรุงเทพมหานคร,Bangkok,department of rural roads,สะพานภูมิพลที่ 1 ไปสะพานภูมิพลที่ 2,motorcycle,speeding,other,2,1,0,clear,13.675105,100.539173,straight road,slope area
6544185,2022-07-08T07:30:00Z,2022-07-13T09:51:00Z,สมุทรปราการ,Samut Prakan,department of highways,ทางเข้าท่าอากาศยานสุวรรณภูมิ - บางวัว,large truck with trailer,falling asleep,rollover/fallen on straight road,1,0,0,clear,13.5753298,100.896222,straight road,no slope
6525631,2022-07-08T08:15:00Z,2022-07-10T10:06:00Z,กรุงเทพมหานคร,Bangkok,department of highways,บางปะอิน - แขวงรามอินทรา,private/passenger car,speeding,rollover/fallen on straight road,1,0,0,clear,13.85166388,100.6734323,straight road,no slope
6633322,2022-07-08T08:30:00Z,2022-07-31T14:38:00Z,กรุงเทพมหานคร,Bangkok,department of highways,แขวงรามอินทรา - บางพลี,other,speeding,collision with obstruction (on road surface),1,0,0,clear,13.73299901,100.7014078,other,other
7331710,2022-07-08T10:15:00Z,2022-07-13T12:22:00Z,นนทบุรี,Nonthaburi,department of highways,ปากเกร็ด -  คลองประปา,private/passenger car,speeding,rear-end collision,9,0,6,clear,13.90740024,100.5052793,other,other
6520124,2022-07-08T11:45:00Z,2022-07-09T10:20:00Z,กรุงเทพมหานคร,Bangkok,department of highways,บางปะอิน - แขวงรามอินทรา,private/passenger car,speeding,rear-end collision,2,0,0,clear,13.83457704,100.6737864,straight road,no slope
6544234,2022-07-08T15:20:00Z,2022-07-13T10:00:00Z,สมุทรปราการ,Samut Prakan,department of highways,ทางเข้าท่าอากาศยานสุวรรณภูมิด้านถนนบางนา - บางวัว,4-wheel pickup truck,speeding,rear-end collision,2,0,4,clear,13.64448025,100.7445994,straight road,no slope
6544209,2022-07-08T15:30:00Z,2022-07-13T09:56:00Z,สมุทรปราการ,Samut Prakan,department of highways,ทางเข้าท่าอากาศยานสุวรรณภูมิ - บางวัว,large truck with trailer,falling asleep,rear-end collision,2,0,0,clear,13.57540281,100.8962354,straight road,no slope
6525551,2022-07-08T18:07:00Z,2022-07-10T09:42:00Z,กรุงเทพมหานคร,Bangkok,department of highways,ถนนศรีนครินทร - แขวงคลองสองต้นนุ่น,private/passenger car,speeding,rear-end collision,3,0,0,clear,13.73188124,100.7103824,straight road,no slope
6520157,2022-07-08T19:24:00Z,2022-07-09T10:34:00Z,ปทุมธานี,Pathum Thani,department of highways,บางปะอิน - แขวงรามอินทรา,private/passenger car,speeding,rear-end collision,2,0,0,rainy,14.14907302,100.6594956,straight road,no slope
6525528,2022-07-08T19:48:00Z,2022-07-10T09:35:00Z,ปทุมธานี,Pathum Thani,department of highways,บางปะอิน - แขวงรามอินทรา,6-wheel truck,speeding,rear-end collision,2,0,1,rainy,14.05184333,100.6981033,straight road,no slope
6525552,2022-07-08T20:50:00Z,2022-07-10T09:43:00Z,กรุงเทพมหานคร,Bangkok,department of highways,แขวงรามอินทรา - บางพลี,4-wheel pickup truck,speeding,rollover/fallen on straight road,1,0,0,rainy,13.74753743,100.7024726,straight road,no slope
6544210,2022-07-08T21:50:00Z,2022-07-13T09:58:00Z,สมุทรปราการ,Samut Prakan,department of highways,แบริ่ง - ท้ายบ้าน,4-wheel pickup truck,speeding,rollover/fallen on straight road,1,0,1,rainy,13.59709433,100.6046578,straight road,no slope
7560844,2022-07-08T23:21:00Z,2023-01-16T14:42:00Z,กรุงเทพมหานคร,Bangkok,department of highways,แยกเข้ามีนบุรี - คลองหลวงแพ่ง,large truck with trailer,speeding,rollover/fallen on curved road,1,0,0,rainy,13.80321797,100.8856112,wide curve,no slope
6650593,2022-07-08T23:47:00Z,2022-08-03T10:22:00Z,กรุงเทพมหานคร,Bangkok,expressway authority of thailand,อาจณรงค์-บางนา,other,other,side collision,2,0,0,rainy,13.699776,100.591198,straight road,other
6650583,2022-07-09T00:06:00Z,2022-08-03T10:19:00Z,กรุงเทพมหานคร,Bangkok,expressway authority of thailand,รามอินทรา-อาจณรงค์,other,other,rear-end collision,2,0,0,rainy,13.828595,100.629079,straight road,other
6600338,2022-07-09T00:10:00Z,2022-07-26T08:59:00Z,สมุทรปราการ,Samut Prakan,department of highways,แขวงรามอินทรา - บางพลี,7-10-wheel truck,speeding,rollover/fallen on curved road,1,0,0,rainy,13.64980269,100.6873315,wide curve,no slope
6531898,2022-07-09T00:20:00Z,2022-07-11T10:48:00Z,สมุทรปราการ,Samut Prakan,department of highways,แขวงรามอินทรา - บางพลี,4-wheel pickup truck,speeding,rollover/fallen on curved road,1,0,0,rainy,13.64992519,100.6873315,wide curve,no slope
6520468,2022-07-09T00:55:00Z,2022-07-09T11:47:00Z,กรุงเทพมหานคร,Bangkok,department of highways,แขวงรามอินทรา - บางพลี,4-wheel pickup truck,speeding,rollover/fallen on curved road,1,0,0,rainy,13.73299641,100.705525,other,other
6525573,2022-07-09T01:55:00Z,2022-07-10T09:50:00Z,กรุงเทพมหานคร,Bangkok,department of highways,แขวงรามอินทรา - บางพลี,4-wheel pickup truck,speeding,rear-end collision,2,0,1,clear,13.79167084,100.6839144,straight road,no slope
7564981,2022-07-09T02:00:00Z,2023-01-20T06:49:00Z,สมุทรปราการ,Samut Prakan,department of highways,ทางเข้าท่าอากาศยานสุวรรณภูมิ - บางวัว,motorcycle,speeding,rear-end collision,2,0,1,clear,13.61689262,100.7461765,straight road,no slope
6544187,2022-07-09T02:30:00Z,2022-07-13T09:53:00Z,ปทุมธานี,Pathum Thani,department of highways,บางคูวัด - บางพูน,private/passenger car,speeding,rollover/fallen on curved road,1,0,4,clear,13.96671522,100.54555,wide curve,no slope
6525616,2022-07-09T03:50:00Z,2022-07-10T10:01:00Z,สมุทรปราการ,Samut Prakan,department of highways,แขวงรามอินทรา - บางพลี,4-wheel pickup truck,speeding,rollover/fallen on straight road,1,0,0,clear,13.65383484,100.6901023,straight road,no slope
6525554,2022-07-09T04:38:00Z,2022-07-10T09:44:00Z,กรุงเทพมหานคร,Bangkok,department of highways,บางปะอิน - แขวงรามอินทรา,4-wheel pickup truck,speeding,rollover/fallen on straight road,1,0,0,rainy,13.88608894,100.6872028,straight road,no slope
6600372,2022-07-09T06:00:00Z,2022-07-26T09:01:00Z,กรุงเทพมหานคร,Bangkok,department of highways,บางปะอิน - แขวงรามอินทรา,large truck with trailer,speeding,rear-end collision,2,0,10,rainy,13.83548077,100.6736442,straight road,no slope
6520374,2022-07-09T07:10:00Z,2022-07-09T11:23:00Z,ปทุมธานี,Pathum Thani,department of highways,บางปะอิน - แขวงรามอินทรา,private/passenger car,speeding,rear-end collision,2,0,0,clear,14.01423949,100.7020891,straight road,no slope
6602428,2022-07-09T09:00:00Z,2022-07-26T14:14:00Z,กรุงเทพมหานคร,Bangkok,department of highways,งามวงศ์วาน - ดอนเมือง,other,speeding,rollover/fallen on straight road,1,0,0,clear,13.89746215,100.5890795,straight road,no slope
6621214,2022-07-09T09:57:00Z,2022-07-29T12:26:00Z,สมุทรปราการ,Samut Prakan,department of highways,แขวงคลองสองต้นนุ่น - พิมพา,private/passenger car,speeding,rear-end collision,2,0,1,clear,13.64823621,100.8777174,straight road,no slope
6632606,2022-07-09T14:53:00Z,2022-07-31T11:37:00Z,สมุทรปราการ,Samut Prakan,department of highways,แขวงคลองสองต้นนุ่น - พิมพา,large truck with trailer,speeding,rear-end collision,2,0,1,clear,13.62267317,100.9175214,straight road,no slope
7568308,2022-07-09T16:00:00Z,2023-01-24T12:31:00Z,กรุงเทพมหานคร,Bangkok,department of highways,ถนนศรีนครินทร - แขวงคลองสองต้นนุ่น,4-wheel pickup truck,speeding,rollover/fallen on straight road,1,0,0,clear,13.74132614,100.6430885,other,other
6585369,2022-07-09T19:20:00Z,2022-07-21T11:35:00Z,กรุงเทพมหานคร,Bangkok,department of highways,แขวงรามอินทรา - บางพลี,large truck with trailer,speeding,rear-end collision,2,0,0,rainy,13.7330407,100.701912,wide curve,no slope
6525364,2022-07-09T19:25:00Z,2022-07-10T08:57:00Z,กรุงเทพมหานคร,Bangkok,department of highways,บางปะอิน - แขวงรามอินทรา,private/passenger car,speeding,rear-end collision,8,0,4,rainy,13.8318372,100.6739822,straight road,no slope
6525632,2022-07-09T20:40:00Z,2022-07-10T10:08:00Z,กรุงเทพมหานคร,Bangkok,department of highways,บางปะอิน - แขวงรามอินทรา,4-wheel pickup truck,speeding,rollover/fallen on straight road,1,0,0,rainy,13.83382958,100.6739902,straight road,no slope
6608463,2022-07-09T22:21:00Z,2022-07-27T10:58:00Z,สมุทรปราการ,Samut Prakan,expressway authority of thailand,บางพลี-สุขสวัสดิ์,4-wheel pickup truck,other,rear-end collision,2,0,1,rainy,13.634861,100.54222,grade-separated intersection/ramps,other
7560812,2022-07-10T05:30:00Z,2023-01-16T14:27:00Z,กรุงเทพมหานคร,Bangkok,department of highways,ดินแดง - งามวงศ์วาน,private/passenger car,cutting in closely by people/vehicles/animals,rear-end collision,2,0,0,clear,13.77617371,100.5547708,straight road,no slope
6591161,2022-07-10T10:25:00Z,2022-07-22T10:22:00Z,กรุงเทพมหานคร,Bangkok,department of highways,บางปะอิน - แขวงรามอินทรา,other,speeding,rollover/fallen on straight road,1,0,0,clear,13.83690797,100.6732231,straight road,no slope
6608026,2022-07-10T13:06:00Z,2022-07-27T09:38:00Z,กรุงเทพมหานคร,Bangkok,expressway authority of thailand,บางนา-ท่าเรือ,other,other,rear-end collision,3,0,2,clear,13.71177214,100.5662173,straight road,other
6600339,2022-07-10T13:30:00Z,2022-07-26T08:57:00Z,กรุงเทพมหานคร,Bangkok,department of highways,บางปะอิน - แขวงรามอินทรา,private/passenger car,speeding,rear-end collision,3,0,0,clear,13.82552658,100.6746045,straight road,no slope
6651007,2022-07-10T14:00:00Z,2022-08-03T11:36:00Z,กรุงเทพมหานคร,Bangkok,department of highways,แขวงคลองสองต้นนุ่น - พิมพา,large truck with trailer,speeding,rollover/fallen on curved road,1,0,0,clear,13.72945546,100.7408497,wide curve,no slope
6593450,2022-07-10T14:16:00Z,2022-07-25T10:11:00Z,สมุทรปราการ,Samut Prakan,department of highways,แขวงคลองสองต้นนุ่น - พิมพา,private/passenger car,speeding,rear-end collision,3,0,0,clear,13.66519069,100.8506727,straight road,no slope
6544229,2022-07-10T15:00:00Z,2022-07-13T10:01:00Z,กรุงเทพมหานคร,Bangkok,department of highways,บางนา - ทางเข้าท่าอากาศยานสุวรรณภูมิ,4-wheel pickup truck,speeding,rear-end collision,2,0,2,clear,13.67183141,100.6135762,straight road,no slope
7561554,2022-07-10T19:30:00Z,2023-01-17T10:36:00Z,กรุงเทพมหานคร,Bangkok,department of highways,ดาวคะนอง -  แสมดำ,private/passenger car,cutting in closely by people/vehicles/animals,rear-end collision,2,0,1,clear,13.6640361,100.4414481,straight road,no slope
6608325,2022-07-10T22:06:00Z,2022-07-27T10:30:00Z,กรุงเทพมหานคร,Bangkok,expressway authority of thailand,รามอินทรา-อาจณรงค์,other,other,collision with obstruction (on road surface),1,0,0,clear,13.708805,100.596698,straight road,other
6567198,2022-07-11T03:45:00Z,2022-07-13T07:10:00Z,ปทุมธานี,Pathum Thani,department of rural roads,แยกถนนเทศบาลท่าโขลง - บ้านคลองสิบสาม,motorcycle,driving under the influence of alcohol,other,1,1,0,clear,14.144535,100.622743,straight road,no slope
6567211,2022-07-11T03:45:00Z,2022-07-13T07:11:00Z,ปทุมธานี,Pathum Thani,department of rural roads,แยกถนนเทศบาลท่าโขลง - บ้านคลองสิบสาม,motorcycle,driving under the influence of alcohol,other,1,1,0,other,14.147277,100.628095,straight road,no slope
7441189,2022-07-11T06:30:00Z,2022-12-08T09:47:00Z,ปทุมธานี,Pathum Thani,department of highways,ไม่ทราบ,6-wheel truck,speeding,rollover/fallen on straight road,1,0,0,clear,14.03286914,100.4518604,straight road,no slope
6533605,2022-07-11T12:29:00Z,2022-07-11T16:02:00Z,ปทุมธานี,Pathum Thani,department of highways,บางปะอิน - แขวงรามอินทรา,4-wheel pickup truck,speeding,rear-end collision,3,0,0,clear,13.96006729,100.7127321,straight road,no slope
6741665,2022-07-11T12:30:00Z,2022-08-18T14:47:00Z,กรุงเทพมหานคร,Bangkok,department of highways,แขวงคลองสองต้นนุ่น - พิมพา,large truck with trailer,speeding,rollover/fallen on straight road,1,0,0,clear,13.72976032,100.7544914,straight road,no slope
6593376,2022-07-11T13:52:00Z,2022-07-25T09:59:00Z,กรุงเทพมหานคร,Bangkok,department of highways,แขวงคลองสองต้นนุ่น - พิมพา,private/passenger car,speeding,rollover/fallen on straight road,1,0,1,clear,13.73046382,100.7211113,straight road,no slope
6544483,2022-07-11T16:49:00Z,2022-07-13T11:10:00Z,กรุงเทพมหานคร,Bangkok,department of highways,ถนนศรีนครินทร - แขวงคลองสองต้นนุ่น,4-wheel pickup truck,speeding,rear-end collision,2,0,0,clear,13.7316754,100.7121312,straight road,no slope
7558307,2022-07-11T19:33:00Z,2023-01-12T14:30:00Z,กรุงเทพมหานคร,Bangkok,department of highways,แขวงคลองสองต้นนุ่น - พิมพา,4-wheel pickup truck,vehicle equipment failure,rollover/fallen on straight road,1,0,0,clear,13.7322851,100.7842719,straight road,no slope
7034864,2022-07-11T21:15:00Z,2022-10-04T14:07:00Z,สมุทรสาคร,Samut Sakhon,department of highways,สะพานข้ามแม่น้ำท่าจีนฝั่งตะวันตก - นาโคก,private/passenger car,speeding,rear-end collision,2,0,2,clear,13.46274716,100.0992894,straight road,no slope
6595022,2022-07-11T22:00:00Z,2022-07-25T15:01:00Z,กรุงเทพมหานคร,Bangkok,department of highways,แขวงคลองสองต้นนุ่น - พิมพา,4-wheel pickup truck,speeding,rollover/fallen on straight road,1,0,3,clear,13.73281402,100.8075508,straight road,no slope
7528100,2022-07-12T09:45:00Z,2022-12-31T13:29:00Z,กรุงเทพมหานคร,Bangkok,department of highways,ดินแดง - งามวงศ์วาน,motorcycle,speeding,rear-end collision,3,0,0,clear,13.82317501,100.5583746,straight road,no slope
6539280,2022-07-12T10:16:00Z,2022-07-12T14:10:00Z,ปทุมธานี,Pathum Thani,department of highways,บางปะอิน - แขวงรามอินทรา,private/passenger car,speeding,rear-end collision,3,0,0,clear,13.95915884,100.7127213,straight road,no slope
6600179,2022-07-12T15:10:00Z,2022-07-26T08:24:00Z,กรุงเทพมหานคร,Bangkok,department of highways,บางปะอิน - แขวงรามอินทรา,4-wheel pickup truck,vehicle equipment failure,rollover/fallen on straight road,1,0,4,clear,13.84622883,100.6724372,straight road,no slope
7560702,2022-07-12T18:00:00Z,2023-01-16T11:19:00Z,กรุงเทพมหานคร,Bangkok,department of highways,ดินแดง - งามวงศ์วาน,private/passenger car,speeding,rear-end collision,2,0,2,clear,13.78942711,100.5615087,other,other
6600210,2022-07-12T18:14:00Z,2022-07-26T08:30:00Z,กรุงเทพมหานคร,Bangkok,department of highways,บางปะอิน - แขวงรามอินทรา,4-wheel pickup truck,speeding,rollover/fallen on straight road,1,0,0,rainy,13.83276177,100.673899,straight road,no slope
6632708,2022-07-12T18:48:00Z,2022-07-31T12:02:00Z,สมุทรปราการ,Samut Prakan,department of highways,แขวงคลองสองต้นนุ่น - พิมพา,private/passenger car,speeding,rear-end collision,5,0,0,rainy,13.66447917,100.8524698,straight road,no slope
6608062,2022-07-12T20:18:00Z,2022-07-27T09:45:00Z,กรุงเทพมหานคร,Bangkok,expressway authority of thailand,ดินแดง-ท่าเรือ,other,other,side collision,2,0,0,clear,NA,NA,straight road,other
6579777,2022-07-12T23:45:00Z,2022-07-20T13:24:00Z,สมุทรสาคร,Samut Sakhon,department of highways,บ้านบ่อ - พระประโทน,4-wheel pickup truck,speeding,rollover/fallen on straight road,1,0,2,clear,13.54871326,100.1498222,straight road,no slope
6595013,2022-07-13T08:49:00Z,2022-07-25T15:03:00Z,ปทุมธานี,Pathum Thani,department of highways,บางปะอิน - แขวงรามอินทรา,4-wheel pickup truck,speeding,rollover/fallen on curved road,1,0,0,clear,14.00709326,100.7044494,other,other
6639830,2022-07-13T10:40:00Z,2022-08-01T16:40:00Z,สมุทรสาคร,Samut Sakhon,department of highways,อ้อมน้อย - สมุทรสาคร,motorcycle,speeding,rear-end collision,3,0,2,clear,13.63026391,100.2948278,other,other
6579892,2022-07-13T12:39:00Z,2022-07-20T13:49:00Z,สมุทรสาคร,Samut Sakhon,department of highways,บ้านบ่อ - พระประโทน,motorcycle,speeding,rollover/fallen on straight road,2,0,1,clear,13.56652487,100.1161551,straight road,no slope
6545245,2022-07-13T12:56:00Z,2022-07-13T14:36:00Z,กรุงเทพมหานคร,Bangkok,department of highways,แขวงคลองสองต้นนุ่น - พิมพา,4-wheel pickup truck,speeding,rear-end collision,2,0,0,rainy,13.7313002,100.7634151,straight road,no slope
6553898,2022-07-13T14:19:00Z,2022-07-15T11:28:00Z,กรุงเทพมหานคร,Bangkok,department of highways,แขวงคลองสองต้นนุ่น - พิมพา,private/passenger car,speeding,rear-end collision,3,0,0,clear,13.73072177,100.7200089,straight road,no slope
6545813,2022-07-13T16:00:00Z,2022-07-13T17:52:00Z,ปทุมธานี,Pathum Thani,department of highways,บางบัวทอง -  ลาดบัวหลวง,motorcycle,speeding,rear-end collision,2,0,1,clear,14.01784115,100.3609389,straight road,no slope
6548236,2022-07-13T19:44:00Z,2022-07-14T06:40:00Z,ปทุมธานี,Pathum Thani,department of highways,ต่างระดับรังสิต - วัดนาบุญ,4-wheel pickup truck,speeding,rear-end collision,2,0,2,clear,13.9991192,100.6826591,straight road,no slope
6567222,2022-07-14T07:50:00Z,2022-07-15T16:26:00Z,ปทุมธานี,Pathum Thani,department of rural roads,แยกทางหลวงหมายเลข 305 (กม.ที่ 18+700) - บ้านคลองแปด,motorcycle,speeding,other,2,1,1,clear,13.990402,100.777809,straight road,no slope
6552986,2022-07-14T12:15:00Z,2022-07-15T06:31:00Z,สมุทรปราการ,Samut Prakan,department of highways,บางนา - ทางเข้าท่าอากาศยานสุวรรณภูมิ,4-wheel pickup truck,speeding,rollover/fallen on straight road,1,0,0,clear,13.64547594,100.6899574,straight road,no slope
6645238,2022-07-14T12:30:00Z,2022-08-02T14:39:00Z,กรุงเทพมหานคร,Bangkok,department of highways,แขวงคลองสองต้นนุ่น - พิมพา,large truck with trailer,speeding,rollover/fallen on straight road,1,0,0,clear,13.72998439,100.758107,straight road,no slope
7561558,2022-07-14T14:45:00Z,2023-01-17T10:35:00Z,กรุงเทพมหานคร,Bangkok,department of highways,ดาวคะนอง -  แสมดำ,motorcycle,cutting in closely by people/vehicles/animals,rear-end collision,2,0,2,clear,13.64915368,100.4191938,straight road,no slope
6554632,2022-07-14T18:00:00Z,2022-07-15T15:31:00Z,กรุงเทพมหานคร,Bangkok,department of highways,ถนนศรีนครินทร - แขวงคลองสองต้นนุ่น,private/passenger car,speeding,rollover/fallen on straight road,1,0,1,clear,13.73175617,100.7062626,other,other
6608393,2022-07-14T19:09:00Z,2022-07-27T10:42:00Z,สมุทรปราการ,Samut Prakan,expressway authority of thailand,บางนา-ชลบุรี,4-wheel pickup truck,other,rear-end collision,4,0,0,clear,13.605217,100.775637,straight road,other
6552985,2022-07-14T19:30:00Z,2022-07-15T06:30:00Z,กรุงเทพมหานคร,Bangkok,department of highways,บางแค - คลองมหาสวัสดิ์,motorcycle,speeding,rollover/fallen on straight road,1,0,0,rainy,13.68785384,100.4071855,straight road,no slope
6567217,2022-07-15T00:47:00Z,2022-07-15T09:41:00Z,กรุงเทพมหานคร,Bangkok,department of rural roads,สะพานภูมิพลที่ 1 ไปสะพานภูมิพลที่ 2,4-wheel pickup truck,tailgating,other,2,0,0,rainy,13.670128,100.538629,straight road,slope area
6643812,2022-07-15T02:00:00Z,2022-08-02T08:34:00Z,นครปฐม,Nakhon Pathom,department of highways,พุทธมณฑลสาย 4 - นครชัยศรี,4-wheel pickup truck,speeding,rollover/fallen on straight road,1,0,0,rainy,13.77670533,100.2210536,straight road,no slope
6553730,2022-07-15T03:12:00Z,2022-07-15T10:29:00Z,กรุงเทพมหานคร,Bangkok,department of highways,แขวงคลองสองต้นนุ่น - พิมพา,private/passenger car,speeding,rollover/fallen on straight road,1,0,1,clear,13.72930434,100.7353887,straight road,no slope
6553329,2022-07-15T07:30:00Z,2022-07-15T08:37:00Z,กรุงเทพมหานคร,Bangkok,department of highways,อรุณอมรินทร์ - พุทธมณฑลสาย 4,private/passenger car,cutting in closely by people/vehicles/animals,rear-end collision,2,0,1,clear,13.78834178,100.3575405,straight road,no slope
6554101,2022-07-15T11:00:00Z,2022-07-15T12:48:00Z,นนทบุรี,Nonthaburi,expressway authority of thailand,แจ้งวัฒนะ-พญาไท,4-wheel pickup truck,other,collision with obstruction (on road surface),2,0,0,clear,13.85505298,100.5330522,straight road,other
6554138,2022-07-15T11:28:00Z,2022-07-15T12:55:00Z,สมุทรปราการ,Samut Prakan,department of highways,แขวงคลองสองต้นนุ่น - พิมพา,private/passenger car,speeding,rear-end collision,2,0,0,clear,13.66841985,100.8463517,straight road,no slope
7564949,2022-07-15T13:47:00Z,2023-01-20T06:26:00Z,สมุทรปราการ,Samut Prakan,department of highways,บางนา - ทางเข้าท่าอากาศยานสุวรรณภูมิ,large truck with trailer,speeding,rear-end collision,3,0,4,clear,13.6258573,100.7267775,straight road,no slope
6557573,2022-07-15T16:13:00Z,2022-07-16T06:04:00Z,สมุทรปราการ,Samut Prakan,department of highways,แขวงคลองสองต้นนุ่น - พิมพา,private/passenger car,speeding,rear-end collision,4,0,0,clear,13.65364457,100.8692899,straight road,no slope
6555907,2022-07-15T16:58:00Z,2022-07-15T21:36:00Z,สมุทรปราการ,Samut Prakan,department of highways,แขวงคลองสองต้นนุ่น - พิมพา,4-wheel pickup truck,speeding,rear-end collision,3,0,0,clear,13.65856803,100.8616483,straight road,no slope
6555759,2022-07-15T17:46:00Z,2022-07-15T20:57:00Z,กรุงเทพมหานคร,Bangkok,department of highways,ถนนศรีนครินทร - แขวงคลองสองต้นนุ่น,private/passenger car,speeding,rear-end collision,2,0,0,clear,13.73187603,100.710471,straight road,no slope
6555426,2022-07-15T18:37:00Z,2022-07-15T19:24:00Z,กรุงเทพมหานคร,Bangkok,expressway authority of thailand,พญาไท-ศรีนครินทร์,4-wheel pickup truck,other,side collision,2,0,0,clear,13.74191973,100.6388506,straight road,other
6718141,2022-07-15T19:30:00Z,2022-08-14T10:27:00Z,กรุงเทพมหานคร,Bangkok,department of highways,แยกเข้ามีนบุรี - คลองหลวงแพ่ง,4-wheel pickup truck,driving under the influence of alcohol,rollover/fallen on straight road,1,0,1,clear,13.81297516,100.718016,straight road,no slope
6592939,2022-07-15T19:45:00Z,2022-07-25T08:47:00Z,กรุงเทพมหานคร,Bangkok,department of highways,แยกเข้ามีนบุรี - คลองหลวงแพ่ง,4-wheel pickup truck,driving under the influence of alcohol,rollover/fallen on straight road,1,0,0,clear,13.81299339,100.7179785,other,other
6557584,2022-07-15T20:36:00Z,2022-07-16T06:24:00Z,กรุงเทพมหานคร,Bangkok,department of highways,พระประแดง - บางแค,large truck with trailer,speeding,rear-end collision,2,0,0,clear,13.66350181,100.405426,straight road,no slope
6558484,2022-07-15T23:53:00Z,2022-07-16T15:51:00Z,กรุงเทพมหานคร,Bangkok,department of highways,บางแค - คลองมหาสวัสดิ์,motorcycle,speeding,rollover/fallen on straight road,1,0,1,clear,13.68264432,100.4067671,other,other
6608085,2022-07-16T00:04:00Z,2022-07-27T09:48:00Z,กรุงเทพมหานคร,Bangkok,expressway authority of thailand,ดินแดง-ท่าเรือ,other,other,collision with obstruction (on road surface),1,0,1,clear,NA,NA,straight road,other
6558446,2022-07-16T03:30:00Z,2022-07-16T15:41:00Z,ปทุมธานี,Pathum Thani,department of highways,สนามกีฬาธูปะเตมีย์ - ต่างระดับคลองหลวง,4-wheel pickup truck,speeding,rollover/fallen on straight road,1,0,0,clear,13.99295629,100.6147671,straight road,no slope
6567233,2022-07-16T06:50:00Z,2022-07-16T10:18:00Z,กรุงเทพมหานคร,Bangkok,department of rural roads,สะพานภูมิพลที่ 2 ไปสะพานภูมิพลที่ 1,private/passenger car,abrupt lane change,other,2,1,0,clear,13.685699,100.546913,straight road,no slope
6557706,2022-07-16T09:00:00Z,2022-07-16T10:49:00Z,นครปฐม,Nakhon Pathom,department of highways,นครชัยศรี - พระประโทน,private/passenger car,speeding,rollover/fallen on straight road,1,0,2,clear,13.81347786,100.0991553,straight road,no slope
6558697,2022-07-16T09:32:00Z,2022-07-16T17:11:00Z,กรุงเทพมหานคร,Bangkok,department of highways,บางแค - คลองมหาสวัสดิ์,4-wheel pickup truck,speeding,rear-end collision,2,0,0,clear,13.71747735,100.4059437,straight road,no slope
6558078,2022-07-16T12:20:00Z,2022-07-16T13:54:00Z,กรุงเทพมหานคร,Bangkok,department of highways,อรุณอมรินทร์ - พุทธมณฑลสาย 4,motorcycle,speeding,rear-end collision,2,0,1,clear,13.78068841,100.4320389,straight road,no slope
6558741,2022-07-16T15:15:00Z,2022-07-16T17:22:00Z,นครปฐม,Nakhon Pathom,department of highways,ลาดบัวหลวง - สองพี่น้อง,motorcycle,cutting in closely by people/vehicles/animals,rear-end collision,2,1,0,clear,14.16075309,100.2495548,straight road,no slope
6558958,2022-07-16T15:20:00Z,2022-07-16T18:23:00Z,ปทุมธานี,Pathum Thani,department of highways,วัดนาบุญ - คลอง 14,4-wheel pickup truck,speeding,rear-end collision,3,0,2,clear,14.06386141,100.8556509,straight road,no slope
6558960,2022-07-16T17:00:00Z,2022-07-16T18:21:00Z,กรุงเทพมหานคร,Bangkok,department of highways,อรุณอมรินทร์ - พุทธมณฑลสาย 4,private/passenger car,speeding,rear-end collision,2,0,0,clear,13.78700806,100.3703427,straight road,no slope
6561028,2022-07-16T18:20:00Z,2022-07-17T06:11:00Z,กรุงเทพมหานคร,Bangkok,department of highways,บางแค - คลองมหาสวัสดิ์,motorcycle,speeding,rollover/fallen on straight road,1,0,1,clear,13.70612142,100.4063165,straight road,no slope
6559798,2022-07-16T18:27:00Z,2022-07-16T22:16:00Z,สมุทรปราการ,Samut Prakan,department of highways,แขวงคลองสองต้นนุ่น - พิมพา,large truck with trailer,speeding,rear-end collision,2,0,0,clear,13.64332296,100.8853698,straight road,no slope
6561022,2022-07-16T18:35:00Z,2022-07-17T06:05:00Z,กรุงเทพมหานคร,Bangkok,department of highways,พระประแดง - บางแค,motorcycle,speeding,collision with obstruction (on road surface),1,1,0,clear,13.66016833,100.4053402,other,other
6561043,2022-07-16T18:37:00Z,2022-07-17T06:25:00Z,ปทุมธานี,Pathum Thani,department of highways,บางปะอิน - แขวงรามอินทรา,private/passenger car,speeding,rear-end collision,2,0,2,clear,13.91773883,100.7038593,straight road,no slope
6658343,2022-07-16T19:37:00Z,2022-07-18T14:53:00Z,สมุทรปราการ,Samut Prakan,department of rural roads,ทางออกจากถนนวงแหวนอุตสาหกรรมสู่ถนนปู่เจ้าสมิงพราย,large truck with trailer,abrupt lane change,other,2,0,1,clear,13.650991,100.541181,grade-separated intersection/ramps,other
6565520,2022-07-16T21:35:00Z,2022-07-18T06:01:00Z,ปทุมธานี,Pathum Thani,department of highways,บางบัวทอง -  ลาดบัวหลวง,motorcycle,speeding,rollover/fallen on straight road,1,1,0,clear,14.02000628,100.3592813,straight road,no slope
6593335,2022-07-16T22:30:00Z,2022-07-25T09:50:00Z,สมุทรปราการ,Samut Prakan,department of highways,แขวงรามอินทรา - บางพลี,large truck with trailer,speeding,rear-end collision,2,0,0,clear,13.64937523,100.6872269,straight road,no slope
6602426,2022-07-16T22:50:00Z,2022-07-26T14:13:00Z,กรุงเทพมหานคร,Bangkok,department of highways,งามวงศ์วาน - ดอนเมือง,private/passenger car,speeding,rollover/fallen on straight road,1,0,0,clear,13.88623736,100.5827361,straight road,no slope
6782592,2022-07-16T23:00:00Z,2022-08-25T09:04:00Z,ปทุมธานี,Pathum Thani,department of highways,บ้านพร้าว - คลองห้า,private/passenger car,speeding,rollover/fallen on straight road,1,0,1,clear,14.06644499,100.6770345,straight road,no slope
6564711,2022-07-17T00:53:00Z,2022-07-17T23:52:00Z,สมุทรปราการ,Samut Prakan,department of highways,แขวงคลองสองต้นนุ่น - พิมพา,large truck with trailer,speeding,rear-end collision,2,0,1,clear,13.66841985,100.8463517,straight road,no slope
6565534,2022-07-17T04:20:00Z,2022-07-18T06:05:00Z,ปทุมธานี,Pathum Thani,department of highways,ต่างระดับรังสิต - วัดนาบุญ,private/passenger car,speeding,rear-end collision,2,1,0,clear,14.01529606,100.722911,straight road,no slope
6564710,2022-07-17T12:02:00Z,2022-07-17T23:51:00Z,กรุงเทพมหานคร,Bangkok,department of highways,แขวงคลองสองต้นนุ่น - พิมพา,private/passenger car,speeding,rear-end collision,3,0,0,clear,13.73062536,100.7209128,straight road,no slope
6608223,2022-07-17T14:37:00Z,2022-07-27T10:15:00Z,กรุงเทพมหานคร,Bangkok,expressway authority of thailand,รามอินทรา-อาจณรงค์,other,other,rear-end collision,2,0,3,clear,NA,NA,grade-separated intersection/ramps,other
6564706,2022-07-17T15:25:00Z,2022-07-17T23:53:00Z,สมุทรปราการ,Samut Prakan,department of highways,แขวงคลองสองต้นนุ่น - พิมพา,private/passenger car,speeding,rear-end collision,3,0,0,clear,13.66644952,100.8493987,straight road,no slope
7564285,2022-07-17T16:00:00Z,2023-01-19T13:06:00Z,สมุทรสาคร,Samut Sakhon,department of highways,แสมดำ - สะพานข้ามแม่น้ำท่าจีนฝั่งตะวันตก,4-wheel pickup truck,debris/obstruction on the road,other,3,0,3,clear,13.59286828,100.3592062,straight road,no slope
6608478,2022-07-17T19:53:00Z,2022-07-27T11:01:00Z,สมุทรปราการ,Samut Prakan,expressway authority of thailand,บางพลี-สุขสวัสดิ์,4-wheel pickup truck,other,collision with obstruction (on road surface),2,0,0,rainy,13.616083,100.616194,straight road,other
6564708,2022-07-17T22:10:00Z,2022-07-17T23:50:00Z,สมุทรปราการ,Samut Prakan,department of highways,แขวงคลองสองต้นนุ่น - พิมพา,van,speeding,rollover/fallen on straight road,1,0,0,clear,13.61824686,100.9244013,straight road,no slope
6565256,2022-07-17T22:22:00Z,2022-07-18T04:05:00Z,กรุงเทพมหานคร,Bangkok,expressway authority of thailand,พญาไท-ศรีนครินทร์,other,other,side collision,2,0,4,clear,13.74825258,100.6024044,straight road,other
6565625,2022-07-17T23:30:00Z,2022-07-18T06:32:00Z,กรุงเทพมหานคร,Bangkok,department of highways,บางปะอิน - แขวงรามอินทรา,large truck with trailer,speeding,rear-end collision,3,0,0,rainy,13.85249722,100.6737327,straight road,no slope
6594622,2022-07-18T02:48:00Z,2022-07-25T13:59:00Z,กรุงเทพมหานคร,Bangkok,department of highways,แขวงคลองสองต้นนุ่น - พิมพา,large truck with trailer,speeding,rear-end collision,2,0,1,clear,13.73033354,100.7236272,straight road,no slope
6571610,2022-07-18T08:08:00Z,2022-07-19T07:36:00Z,กรุงเทพมหานคร,Bangkok,expressway authority of thailand,พญาไท-ศรีนครินทร์,other,other,rear-end collision,3,0,0,clear,13.75462477,100.5567878,straight road,other
7560706,2022-07-18T08:30:00Z,2023-01-16T11:20:00Z,กรุงเทพมหานคร,Bangkok,department of highways,ดินแดง - งามวงศ์วาน,motorcycle,speeding,collision at intersection corner,2,0,1,clear,13.78987642,100.5615629,other,other
7444892,2022-07-18T09:20:00Z,2022-12-08T15:08:00Z,สมุทรสาคร,Samut Sakhon,department of highways,ไม่ทราบ,passenger pickup truck,speeding,rear-end collision,2,0,0,clear,13.53388878,100.212264,straight road,no slope
6650696,2022-07-18T11:01:00Z,2022-08-03T10:37:00Z,สมุทรปราการ,Samut Prakan,expressway authority of thailand,บางพลี-สุขสวัสดิ์,4-wheel pickup truck,other,rear-end collision,2,0,0,clear,13.626587,100.66871,straight road,other
7331743,2022-07-18T17:05:00Z,2022-07-20T11:25:00Z,สมุทรปราการ,Samut Prakan,department of highways,บางพลี - กิ่งแก้ว,large truck with trailer,speeding,rear-end collision,3,1,0,clear,13.6719122,100.7210871,straight road,no slope
6593027,2022-07-18T19:35:00Z,2022-07-23T11:25:00Z,กรุงเทพมหานคร,Bangkok,department of highways,แขวงรามอินทรา - บางพลี,4-wheel pickup truck,speeding,rear-end collision,2,0,0,clear,13.66120044,100.6948095,straight road,no slope
6608235,2022-07-18T21:14:00Z,2022-07-27T10:16:00Z,กรุงเทพมหานคร,Bangkok,expressway authority of thailand,รามอินทรา-อาจณรงค์,other,other,rollover/fallen on straight road,4,0,2,clear,NA,NA,straight road,other
6571566,2022-07-18T21:49:00Z,2022-07-19T07:25:00Z,กรุงเทพมหานคร,Bangkok,expressway authority of thailand,พญาไท-บางโคล่,other,other,side collision,2,0,1,clear,13.73574527,100.5184883,grade-separated intersection/ramps,other
7564282,2022-07-19T01:00:00Z,2023-01-19T13:01:00Z,สมุทรสาคร,Samut Sakhon,department of highways,สะพานข้ามแม่น้ำท่าจีนฝั่งตะวันตก - นาโคก,4-wheel pickup truck,falling asleep,rollover/fallen on straight road,1,0,0,clear,13.54445767,100.2545759,straight road,no slope
6608251,2022-07-19T04:17:00Z,2022-07-27T10:19:00Z,กรุงเทพมหานคร,Bangkok,expressway authority of thailand,รามอินทรา-อาจณรงค์,other,other,other,1,0,1,clear,NA,NA,y-intersection,other
7425581,2022-07-19T05:50:00Z,2022-12-02T14:55:00Z,กรุงเทพมหานคร,Bangkok,department of highways,ไม่ทราบ,4-wheel pickup truck,speeding,rollover/fallen on straight road,1,0,0,clear,13.90561678,100.5934033,straight road,no slope
7561553,2022-07-19T07:10:00Z,2023-01-17T10:35:00Z,กรุงเทพมหานคร,Bangkok,department of highways,ดาวคะนอง -  แสมดำ,motorcycle,cutting in closely by people/vehicles/animals,rear-end collision,2,0,2,clear,13.62619226,100.3931013,straight road,no slope
6608242,2022-07-19T14:38:00Z,2022-07-27T10:18:00Z,กรุงเทพมหานคร,Bangkok,expressway authority of thailand,รามอินทรา-อาจณรงค์,other,other,rear-end collision,5,0,0,clear,13.767149,100.602073,grade-separated intersection/ramps,other
6594619,2022-07-19T15:30:00Z,2022-07-25T13:57:00Z,สมุทรปราการ,Samut Prakan,department of highways,แขวงคลองสองต้นนุ่น - พิมพา,4-wheel pickup truck,speeding,rollover/fallen on straight road,1,0,0,clear,13.65167933,100.8723584,straight road,no slope
6579867,2022-07-19T16:55:00Z,2022-07-20T13:43:00Z,กรุงเทพมหานคร,Bangkok,expressway authority of thailand,พญาไท-ศรีนครินทร์,other,other,rear-end collision,6,0,0,clear,13.75325287,100.5748847,straight road,other
7565118,2022-07-19T18:10:00Z,2023-01-20T08:52:00Z,ปทุมธานี,Pathum Thani,department of highways,บ้านพร้าว - คลองห้า,private/passenger car,speeding,other,2,0,0,clear,14.06651004,100.6808326,straight road,no slope
7568339,2022-07-19T23:00:00Z,2023-01-24T13:31:00Z,กรุงเทพมหานคร,Bangkok,department of highways,แขวงคลองสองต้นนุ่น - พิมพา,large truck with trailer,vehicle equipment failure,rollover/fallen on straight road,1,0,0,clear,13.73184476,100.7751363,straight road,no slope
6594957,2022-07-20T00:23:00Z,2022-07-25T14:52:00Z,ปทุมธานี,Pathum Thani,department of highways,บางปะอิน - แขวงรามอินทรา,private/passenger car,speeding,rollover/fallen on straight road,1,0,0,clear,14.006604,100.7054874,straight road,no slope
6594905,2022-07-20T01:20:00Z,2022-07-25T14:46:00Z,กรุงเทพมหานคร,Bangkok,department of highways,บางปะอิน - แขวงรามอินทรา,private/passenger car,speeding,rollover/fallen on straight road,1,0,1,clear,13.89275984,100.690408,straight road,no slope
7444869,2022-07-20T09:00:00Z,2022-12-08T14:30:00Z,สมุทรสาคร,Samut Sakhon,department of highways,ไม่ทราบ,7-10-wheel truck,speeding,rollover/fallen on straight road,1,0,0,clear,13.58487223,100.3168622,straight road,no slope
7567896,2022-07-20T09:00:00Z,2023-01-24T07:15:00Z,นครปฐม,Nakhon Pathom,department of highways,นครปฐม - หนองปลาไหล,other,speeding,rollover/fallen on straight road,1,0,0,clear,13.84405947,100.0251102,straight road,no slope
7561544,2022-07-20T15:00:00Z,2023-01-17T10:34:00Z,กรุงเทพมหานคร,Bangkok,department of highways,ดาวคะนอง -  แสมดำ,private/passenger car,speeding,rear-end collision,2,0,1,clear,13.66363734,100.4411664,straight road,no slope
7560710,2022-07-20T17:50:00Z,2023-01-16T11:21:00Z,กรุงเทพมหานคร,Bangkok,department of highways,ดินแดง - งามวงศ์วาน,private/passenger car,failure to yield/signal,rear-end collision,2,0,0,clear,13.78987642,100.5615629,other,other
6594585,2022-07-20T17:54:00Z,2022-07-25T13:53:00Z,นนทบุรี,Nonthaburi,expressway authority of thailand,บางปะอิน-แจ้งวัฒนะ,4-wheel pickup truck,other,rear-end collision,4,0,0,clear,13.941493,100.561046,straight road,other
6594583,2022-07-20T22:04:00Z,2022-07-25T13:53:00Z,นนทบุรี,Nonthaburi,expressway authority of thailand,แจ้งวัฒนะ-พญาไท,other,other,side collision,3,0,0,clear,13.86680185,100.5336202,wide curve,other
6658353,2022-07-20T23:42:00Z,2022-07-21T16:32:00Z,สมุทรปราการ,Samut Prakan,department of rural roads,ถนนวงแหวนอุตสาหกรรมเข้าสะพานภูมิพลที่ 1,passenger pickup truck,speeding,other,3,0,0,rainy,13.665225,100.523154,straight road,no slope
6764600,2022-07-21T00:14:00Z,2022-08-22T09:08:00Z,สมุทรสาคร,Samut Sakhon,department of highways,บ้านบ่อ - พระประโทน,4-wheel pickup truck,speeding,rollover/fallen on straight road,2,0,1,clear,13.63139259,100.0938365,straight road,no slope
6608255,2022-07-21T03:42:00Z,2022-07-27T10:20:00Z,กรุงเทพมหานคร,Bangkok,expressway authority of thailand,รามอินทรา-อาจณรงค์,4-wheel pickup truck,other,rear-end collision,2,0,2,rainy,13.779181,100.607356,straight road,other
6592972,2022-07-21T09:08:00Z,2022-07-23T11:40:00Z,กรุงเทพมหานคร,Bangkok,department of highways,แขวงรามอินทรา - บางพลี,4-wheel pickup truck,speeding,rollover/fallen on curved road,1,0,0,rainy,13.73299641,100.705533,other,other
6586092,2022-07-21T12:54:00Z,2022-07-21T14:44:00Z,สมุทรปราการ,Samut Prakan,department of highways,แขวงคลองสองต้นนุ่น - พิมพา,private/passenger car,speeding,rear-end collision,2,0,0,rainy,13.64184506,100.8876684,straight road,no slope
7564157,2022-07-21T14:25:00Z,2023-01-19T10:51:00Z,สมุทรสาคร,Samut Sakhon,department of highways,แสมดำ - สะพานข้ามแม่น้ำท่าจีนฝั่งตะวันตก,large truck with trailer,speeding,rear-end collision,2,0,0,clear,13.56223172,100.2762921,straight road,no slope
6593485,2022-07-21T20:57:00Z,2022-07-25T10:15:00Z,สมุทรปราการ,Samut Prakan,department of highways,แขวงคลองสองต้นนุ่น - พิมพา,large truck with trailer,speeding,rollover/fallen on curved road,1,0,0,clear,13.67351501,100.8388254,wide curve,no slope
6592522,2022-07-22T00:35:00Z,2022-07-22T15:49:00Z,สมุทรสาคร,Samut Sakhon,department of highways,สะพานข้ามแม่น้ำท่าจีนฝั่งตะวันตก - นาโคก,private/passenger car,speeding,rear-end collision,2,1,0,clear,13.51017292,100.1390317,straight road,no slope
6602322,2022-07-22T01:30:00Z,2022-07-26T13:56:00Z,นนทบุรี,Nonthaburi,department of highways,คลองมหาสวัสดิ์ - คลองบางไผ่,motorcycle,speeding,rear-end collision,2,2,1,clear,13.84016602,100.4131776,straight road,no slope
6603536,2022-07-22T02:31:00Z,2022-07-26T17:20:00Z,ปทุมธานี,Pathum Thani,department of highways,บางปะอิน - แขวงรามอินทรา,4-wheel pickup truck,speeding,rear-end collision,2,0,1,clear,14.05540276,100.6979853,straight road,no slope
7568324,2022-07-22T04:00:00Z,2023-01-24T13:24:00Z,กรุงเทพมหานคร,Bangkok,department of highways,บางปะอิน - แขวงรามอินทรา,private/passenger car,speeding,rollover/fallen on straight road,1,0,0,clear,13.89864423,100.6936481,straight road,no slope
7414642,2022-07-22T09:45:00Z,2022-11-29T09:10:00Z,นครปฐม,Nakhon Pathom,department of highways,ดอนตูม - บางเลน,private/passenger car,speeding,rollover/fallen on straight road,1,0,1,clear,14.00497225,100.1733827,straight road,no slope
7560709,2022-07-22T17:15:00Z,2023-01-16T11:23:00Z,กรุงเทพมหานคร,Bangkok,department of highways,ดินแดง - งามวงศ์วาน,private/passenger car,cutting in closely by people/vehicles/animals,rear-end collision,2,0,0,clear,13.81237815,100.5594445,straight road,slope area
7560708,2022-07-22T17:45:00Z,2023-01-16T11:24:00Z,กรุงเทพมหานคร,Bangkok,department of highways,ดินแดง - งามวงศ์วาน,motorcycle,failure to yield/signal,rear-end collision,2,0,0,clear,13.80787839,100.5598766,straight road,no slope
7568341,2022-07-22T18:20:00Z,2023-01-24T13:32:00Z,กรุงเทพมหานคร,Bangkok,department of highways,แขวงรามอินทรา - บางพลี,4-wheel pickup truck,speeding,rear-end collision,2,0,0,clear,13.69279482,100.6994229,straight road,no slope
6593000,2022-07-22T19:53:00Z,2022-07-23T13:39:00Z,กรุงเทพมหานคร,Bangkok,department of highways,ถนนศรีนครินทร - แขวงคลองสองต้นนุ่น,private/passenger car,speeding,rollover/fallen on straight road,1,0,0,clear,13.73383799,100.6928542,straight road,no slope
7561552,2022-07-22T20:30:00Z,2023-01-17T10:33:00Z,กรุงเทพมหานคร,Bangkok,department of highways,ดาวคะนอง -  แสมดำ,private/passenger car,speeding,rear-end collision,2,0,1,clear,13.66970212,100.4519516,straight road,no slope
6658369,2022-07-22T21:00:00Z,2022-07-25T15:26:00Z,กรุงเทพมหานคร,Bangkok,department of rural roads,สะพานภูมิพลที่ 2 ไปสะพานภูมิพลที่ 1,motorcycle,speeding,other,2,0,1,clear,13.67018,100.538418,straight road,slope area
7565133,2022-07-22T22:00:00Z,2023-01-20T08:58:00Z,ปทุมธานี,Pathum Thani,department of highways,บ้านพร้าว - คลองห้า,private/passenger car,speeding,rear-end collision,2,0,2,clear,14.06513629,100.6140241,wide curve,no slope
6608413,2022-07-22T22:50:00Z,2022-07-27T10:46:00Z,สมุทรปราการ,Samut Prakan,expressway authority of thailand,บางนา-ชลบุรี,other,other,rear-end collision,2,0,2,clear,13.606466,100.772144,straight road,other
6603535,2022-07-22T23:00:00Z,2022-07-26T17:18:00Z,กรุงเทพมหานคร,Bangkok,department of highways,บางปะอิน - แขวงรามอินทรา,4-wheel pickup truck,speeding,rollover/fallen on straight road,1,0,1,rainy,13.82820139,100.6741807,straight road,no slope
6650586,2022-07-22T23:05:00Z,2022-08-03T10:20:00Z,กรุงเทพมหานคร,Bangkok,expressway authority of thailand,รามอินทรา-วงแหวนรอบนอก,other,other,rear-end collision,2,0,0,rainy,13.875542,100.6466,grade-separated intersection/ramps,other
7560829,2022-07-23T01:00:00Z,2023-01-16T14:37:00Z,กรุงเทพมหานคร,Bangkok,department of highways,แยกเข้ามีนบุรี - คลองหลวงแพ่ง,private/passenger car,speeding,rollover/fallen on straight road,1,0,0,clear,13.81016995,100.804638,straight road,no slope
6595322,2022-07-23T01:08:00Z,2022-07-25T15:53:00Z,กรุงเทพมหานคร,Bangkok,expressway authority of thailand,บางปะอิน-แจ้งวัฒนะ,other,other,collision with obstruction (on road surface),1,0,1,clear,NA,NA,straight road,other
6608103,2022-07-23T05:30:00Z,2022-07-27T09:50:00Z,กรุงเทพมหานคร,Bangkok,expressway authority of thailand,ดาวคะนอง-ท่าเรือ,other,other,collision with obstruction (on road surface),1,1,0,clear,NA,NA,wide curve,other
6595320,2022-07-23T06:07:00Z,2022-07-25T15:53:00Z,กรุงเทพมหานคร,Bangkok,expressway authority of thailand,แจ้งวัฒนะ-พญาไท,large truck with trailer,other,rear-end collision,2,0,0,clear,13.79365109,100.5384937,y-intersection,other
7560828,2022-07-23T06:40:00Z,2023-01-16T14:37:00Z,กรุงเทพมหานคร,Bangkok,department of highways,แยกเข้ามีนบุรี - คลองหลวงแพ่ง,private/passenger car,speeding,rollover/fallen on curved road,1,0,1,clear,13.80276475,100.8820572,wide curve,no slope
7414675,2022-07-23T08:40:00Z,2022-11-29T09:40:00Z,ปทุมธานี,Pathum Thani,department of highways,คลองระพีพัฒน์ - บึงคำพร้อย,6-wheel truck,speeding,rollover/fallen on straight road,1,0,0,clear,13.95207858,100.7128635,straight road,no slope
6829470,2022-07-23T10:50:00Z,2022-09-02T15:03:00Z,กรุงเทพมหานคร,Bangkok,department of highways,ดาวคะนอง -  แสมดำ,private/passenger car,speeding,rear-end collision,2,0,0,clear,13.67472168,100.4591802,straight road,no slope
7565132,2022-07-23T19:55:00Z,2023-01-20T08:56:00Z,ปทุมธานี,Pathum Thani,department of highways,ต่างระดับรังสิต - วัดนาบุญ,private/passenger car,cutting in closely by people/vehicles/animals,rear-end collision,2,0,3,clear,14.00645566,100.70209439999999,straight road,no slope
6593488,2022-07-23T20:42:00Z,2022-07-25T10:16:00Z,กรุงเทพมหานคร,Bangkok,department of highways,บางปะอิน - แขวงรามอินทรา,private/passenger car,speeding,rear-end collision,2,0,0,clear,13.8646559,100.6773671,straight road,no slope
7561550,2022-07-23T21:00:00Z,2023-01-17T10:32:00Z,กรุงเทพมหานคร,Bangkok,department of highways,ดาวคะนอง -  แสมดำ,private/passenger car,cutting in closely by people/vehicles/animals,rear-end collision,2,0,0,clear,13.66214393,100.4394096,straight road,no slope
7560845,2022-07-23T23:00:00Z,2023-01-16T14:41:00Z,กรุงเทพมหานคร,Bangkok,department of highways,แยกเข้ามีนบุรี - คลองหลวงแพ่ง,private/passenger car,speeding,rollover/fallen on curved road,1,0,0,clear,13.81004753,100.9076911,wide curve,no slope
7444929,2022-07-23T23:15:00Z,2022-12-08T14:39:00Z,สมุทรสาคร,Samut Sakhon,department of highways,ไม่ทราบ,private/passenger car,speeding,rear-end collision,2,0,0,clear,13.54643423,100.2591598,straight road,no slope
6593620,2022-07-24T00:35:00Z,2022-07-25T10:36:00Z,ปทุมธานี,Pathum Thani,department of highways,บางปะอิน - แขวงรามอินทรา,private/passenger car,speeding,rollover/fallen on straight road,1,0,1,clear,13.97554153,100.7132202,straight road,no slope
6593746,2022-07-24T02:45:00Z,2022-07-25T10:55:00Z,ปทุมธานี,Pathum Thani,department of highways,ต่างระดับคลองหลวง - ประตูน้ำพระอินทร์,motorcycle,speeding,rear-end collision,2,1,0,clear,14.05914167,100.6171355,straight road,no slope
7444926,2022-07-24T15:20:00Z,2022-12-08T15:09:00Z,สมุทรสาคร,Samut Sakhon,department of highways,ไม่ทราบ,passenger pickup truck,speeding,rear-end collision,3,0,0,clear,13.53276485,100.2089596,straight road,no slope
6632754,2022-07-24T16:10:00Z,2022-07-31T12:17:00Z,กรุงเทพมหานคร,Bangkok,department of highways,แขวงคลองสองต้นนุ่น - พิมพา,private/passenger car,speeding,rear-end collision,2,0,0,clear,13.72963785,100.7490331,straight road,no slope
7331763,2022-07-24T19:30:00Z,2022-07-26T14:17:00Z,ปทุมธานี,Pathum Thani,department of highways,บ้านพร้าว - คลองห้า,motorcycle,speeding,rear-end collision,2,2,0,clear,14.06526898,100.6313592,other,other
6608293,2022-07-24T19:34:00Z,2022-07-27T10:24:00Z,กรุงเทพมหานคร,Bangkok,expressway authority of thailand,รามอินทรา-วงแหวนรอบนอก,other,other,rear-end collision,3,0,5,rainy,13.875542,100.6466,grade-separated intersection/ramps,other
6595324,2022-07-24T20:34:00Z,2022-07-25T15:54:00Z,กรุงเทพมหานคร,Bangkok,expressway authority of thailand,แจ้งวัฒนะ-พญาไท,other,other,side collision,2,0,0,clear,13.80746272,100.5478562,straight road,other
6658377,2022-07-24T21:18:00Z,2022-07-27T11:06:00Z,กรุงเทพมหานคร,Bangkok,department of rural roads,สะพานภูมิพลที่ 1 ไปสะพานภูมิพลที่ 2,motorcycle,unfamiliarity with the route/unskilled driving,other,1,0,1,clear,13.670592,100.538677,straight road,slope area
6603237,2022-07-24T21:56:00Z,2022-07-26T16:07:00Z,ปทุมธานี,Pathum Thani,department of highways,บางปะอิน - แขวงรามอินทรา,4-wheel pickup truck,speeding,rear-end collision,2,0,0,rainy,13.96735554,100.7128554,straight road,no slope
6595326,2022-07-24T22:18:00Z,2022-07-25T15:54:00Z,กรุงเทพมหานคร,Bangkok,expressway authority of thailand,พญาไท-บางโคล่,other,other,side collision,3,0,0,clear,13.76587122,100.5275072,straight road,other
6603166,2022-07-25T04:40:00Z,2022-07-26T15:51:00Z,กรุงเทพมหานคร,Bangkok,department of highways,บางปะอิน - แขวงรามอินทรา,6-wheel truck,speeding,rear-end collision,2,0,0,clear,13.87223099,100.6803605,straight road,no slope
7568328,2022-07-25T09:25:00Z,2023-01-24T13:26:00Z,กรุงเทพมหานคร,Bangkok,department of highways,บางปะอิน - แขวงรามอินทรา,4-wheel pickup truck,speeding,rollover/fallen on straight road,1,0,2,clear,13.86903329,100.6786868,straight road,no slope
7558328,2022-07-25T10:30:00Z,2023-01-12T14:35:00Z,กรุงเทพมหานคร,Bangkok,department of highways,แขวงคลองสองต้นนุ่น - พิมพา,private/passenger car,speeding,rear-end collision,2,0,2,clear,13.73205841,100.7724488,straight road,no slope
6650569,2022-07-25T18:50:00Z,2022-08-03T10:16:00Z,กรุงเทพมหานคร,Bangkok,expressway authority of thailand,ดาวคะนอง-ท่าเรือ,van,other,side collision,2,0,0,clear,NA,NA,merge lane,other
7560683,2022-07-25T19:00:00Z,2023-01-16T11:09:00Z,กรุงเทพมหานคร,Bangkok,department of highways,ดินแดง - งามวงศ์วาน,motorcycle,speeding,rear-end collision,2,0,0,clear,13.81328065,100.5593742,straight road,no slope
6626069,2022-07-25T22:37:00Z,2022-07-30T09:26:00Z,ปทุมธานี,Pathum Thani,department of highways,บางปะอิน - แขวงรามอินทรา,large truck with trailer,speeding,rollover/fallen on straight road,1,0,0,clear,13.97830309,100.7132846,straight road,no slope
6615140,2022-07-25T23:21:00Z,2022-07-28T11:54:00Z,กรุงเทพมหานคร,Bangkok,department of highways,ถนนศรีนครินทร - แขวงคลองสองต้นนุ่น,6-wheel truck,speeding,rollover/fallen on straight road,1,0,0,clear,13.73752478,100.6604531,straight road,no slope
7560695,2022-07-26T05:15:00Z,2023-01-16T11:10:00Z,กรุงเทพมหานคร,Bangkok,department of highways,ดินแดง - งามวงศ์วาน,private/passenger car,speeding,rear-end collision,2,0,0,clear,13.83478008,100.5571979,straight road,no slope
7558310,2022-07-26T08:23:00Z,2023-01-12T14:33:00Z,กรุงเทพมหานคร,Bangkok,department of highways,แขวงคลองสองต้นนุ่น - พิมพา,private/passenger car,speeding,rear-end collision,2,0,0,clear,13.73013812,100.7254377,straight road,no slope
6625870,2022-07-26T08:30:00Z,2022-07-30T08:31:00Z,ปทุมธานี,Pathum Thani,department of highways,บางปะอิน - แขวงรามอินทรา,7-10-wheel truck,speeding,rollover/fallen on straight road,1,0,0,clear,14.01431756,100.702309,straight road,no slope
7564277,2022-07-26T10:30:00Z,2023-01-19T12:08:00Z,สมุทรสาคร,Samut Sakhon,department of highways,สะพานข้ามแม่น้ำท่าจีนฝั่งตะวันตก - นาโคก,4-wheel pickup truck,speeding,rear-end collision,3,0,0,clear,13.54464803,100.2554744,other,other
6638055,2022-07-26T12:16:00Z,2022-08-01T10:25:00Z,สมุทรปราการ,Samut Prakan,department of highways,แขวงคลองสองต้นนุ่น - พิมพา,4-wheel pickup truck,speeding,rear-end collision,5,0,0,clear,13.66546435,100.8509409,straight road,no slope
7444821,2022-07-26T12:30:00Z,2022-12-08T14:27:00Z,สมุทรสาคร,Samut Sakhon,department of highways,ไม่ทราบ,large truck with trailer,worn-out/tire blowout,rollover/fallen on straight road,1,0,0,clear,13.58651474,100.3211242,straight road,no slope
6638121,2022-07-26T13:31:00Z,2022-08-01T10:42:00Z,สมุทรปราการ,Samut Prakan,department of highways,แขวงคลองสองต้นนุ่น - พิมพา,6-wheel truck,speeding,rear-end collision,3,0,1,clear,13.67236307,100.8402336,straight road,no slope
6651730,2022-07-26T15:45:00Z,2022-08-03T14:38:00Z,กรุงเทพมหานคร,Bangkok,expressway authority of thailand,บางปะอิน-แจ้งวัฒนะ,other,other,collision with obstruction (on road surface),1,0,1,rainy,NA,NA,wide curve,other
7444831,2022-07-26T16:15:00Z,2022-12-08T14:59:00Z,สมุทรสาคร,Samut Sakhon,department of highways,ไม่ทราบ,4-wheel pickup truck,speeding,rear-end collision,4,0,0,clear,13.53864523,100.226461,straight road,no slope
7564283,2022-07-26T16:45:00Z,2023-01-19T13:01:00Z,สมุทรสาคร,Samut Sakhon,department of highways,สะพานข้ามแม่น้ำท่าจีนฝั่งตะวันตก - นาโคก,private/passenger car,driving under the influence of alcohol,rollover/fallen on straight road,1,0,0,clear,13.54492965,100.2563783,wide curve,no slope
6658379,2022-07-26T19:52:00Z,2022-07-27T11:06:00Z,สมุทรปราการ,Samut Prakan,department of rural roads,ทางเข้าถนนปู่เจ้าสมิงพรายสู่ถนนวงแหวนอุตสาหกรรม,motorcycle,speeding,other,2,0,1,clear,13.646731,100.540302,wide curve,slope area
7565153,2022-07-26T23:30:00Z,2023-01-20T09:01:00Z,ปทุมธานี,Pathum Thani,department of highways,ต่างระดับคลองหลวง - ประตูน้ำพระอินทร์,large truck with trailer,speeding,rear-end collision,3,1,2,clear,14.12094581,100.6185275,straight road,no slope
6658381,2022-07-27T03:47:00Z,2022-07-27T13:43:00Z,สมุทรปราการ,Samut Prakan,department of rural roads,ถนนวงแหวนอุตสาหกรรมเข้าสะพานภูมิพลที่ 1,motorcycle,speeding,other,1,0,1,clear,13.664103,100.532796,sharp curve,slope area
7568322,2022-07-27T10:59:00Z,2023-01-24T13:22:00Z,กรุงเทพมหานคร,Bangkok,department of highways,แขวงคลองสองต้นนุ่น - พิมพา,private/passenger car,speeding,rollover/fallen on straight road,1,0,0,clear,13.72945025,100.7408497,straight road,no slope
6615398,2022-07-27T11:30:00Z,2022-07-28T13:08:00Z,กรุงเทพมหานคร,Bangkok,department of highways,แขวงรามอินทรา - บางพลี,4-wheel pickup truck,speeding,rear-end collision,4,0,0,clear,13.80416089,100.6796658,straight road,no slope
7568307,2022-07-27T13:00:00Z,2023-01-24T12:33:00Z,ปทุมธานี,Pathum Thani,department of highways,บางปะอิน - แขวงรามอินทรา,7-10-wheel truck,speeding,collision with obstruction (on road surface),2,0,0,clear,14.11323584,100.6794217,straight road,no slope
6771959,2022-07-27T13:09:00Z,2022-08-23T14:26:00Z,สมุทรสาคร,Samut Sakhon,department of highways,แสมดำ - สะพานข้ามแม่น้ำท่าจีนฝั่งตะวันตก,private/passenger car,speeding,rollover/fallen on straight road,1,0,0,clear,13.60379692,100.3713351,straight road,no slope
6615433,2022-07-27T14:00:00Z,2022-07-28T13:18:00Z,กรุงเทพมหานคร,Bangkok,department of highways,แขวงรามอินทรา - บางพลี,4-wheel pickup truck,speeding,rollover/fallen on curved road,1,0,0,rainy,13.7328036,100.7055598,other,other
6771954,2022-07-27T21:30:00Z,2022-08-23T14:25:00Z,สมุทรสาคร,Samut Sakhon,department of highways,แสมดำ - สะพานข้ามแม่น้ำท่าจีนฝั่งตะวันตก,7-10-wheel truck,speeding,collision with obstruction (on road surface),2,0,0,clear,13.60056948,100.3680977,straight road,no slope
7564288,2022-07-27T22:11:00Z,2023-01-19T13:13:00Z,สมุทรสาคร,Samut Sakhon,department of highways,แสมดำ - สะพานข้ามแม่น้ำท่าจีนฝั่งตะวันตก,private/passenger car,speeding,rear-end collision,2,0,1,clear,13.602493430000001,100.3700504,straight road,no slope
6619408,2022-07-28T00:23:00Z,2022-07-29T04:44:00Z,กรุงเทพมหานคร,Bangkok,department of highways,พระประแดง - บางแค,6-wheel truck,speeding,rear-end collision,2,0,1,clear,13.67935541,100.4067671,straight road,no slope
6619422,2022-07-28T01:35:00Z,2022-07-29T04:47:00Z,สมุทรสาคร,Samut Sakhon,department of highways,อ้อมน้อย - สมุทรสาคร,motorcycle,speeding,rear-end collision,2,1,0,clear,13.59946932,100.2837181,other,other
6637645,2022-07-28T01:42:00Z,2022-08-01T09:00:00Z,สมุทรปราการ,Samut Prakan,expressway authority of thailand,บางพลี-สุขสวัสดิ์,other,other,rear-end collision,2,0,1,clear,13.625488,100.597293,wide curve,other
6615482,2022-07-28T03:25:00Z,2022-07-28T13:34:00Z,กรุงเทพมหานคร,Bangkok,department of highways,ถนนศรีนครินทร - แขวงคลองสองต้นนุ่น,van,speeding,rear-end collision,2,0,0,clear,13.73509125,100.6811491,straight road,no slope
6625276,2022-07-28T05:30:00Z,2022-07-30T05:06:00Z,ปทุมธานี,Pathum Thani,department of highways,ต่างระดับรังสิต - วัดนาบุญ,4-wheel pickup truck,speeding,rear-end collision,3,0,1,clear,13.99941068,100.6837025,straight road,no slope
7438240,2022-07-28T06:40:00Z,2022-12-07T10:06:00Z,กรุงเทพมหานคร,Bangkok,department of highways,ไม่ทราบ,motorcycle,driving under the influence of alcohol,rollover/fallen on straight road,1,0,0,clear,13.78632556,100.464955,other,other
6615180,2022-07-28T09:30:00Z,2022-07-28T12:00:00Z,ปทุมธานี,Pathum Thani,department of highways,สนามกีฬาธูปะเตมีย์ - ต่างระดับคลองหลวง,private/passenger car,speeding,rear-end collision,2,0,0,clear,13.99566299,100.6147832,straight road,no slope
6619391,2022-07-28T09:30:00Z,2022-07-29T04:38:00Z,กรุงเทพมหานคร,Bangkok,department of highways,ดาวคะนอง -  แสมดำ,4-wheel pickup truck,speeding,rear-end collision,2,0,1,rainy,13.64435514,100.4136738,other,other
7444280,2022-07-28T10:00:00Z,2022-12-08T14:06:00Z,กรุงเทพมหานคร,Bangkok,department of highways,ไม่ทราบ,private/passenger car,speeding,rollover/fallen on straight road,1,0,1,clear,13.89377009,100.5869713,straight road,no slope
6658389,2022-07-28T11:50:00Z,2022-07-29T17:50:00Z,นนทบุรี,Nonthaburi,department of rural roads,แยกทางหลวงชนบท นบ.1009 (กม.ที่ 9+850) - อำเภอไทรน้อย,motorcycle,speeding,other,2,0,1,clear,13.902889,100.324337,straight road,no slope
6619376,2022-07-28T12:33:00Z,2022-07-29T04:34:00Z,ปทุมธานี,Pathum Thani,department of highways,ต่างระดับรังสิต - วัดนาบุญ,private/passenger car,speeding,rear-end collision,2,0,1,rainy,14.02401901,100.7437706,straight road,no slope
6619353,2022-07-28T12:50:00Z,2022-07-29T04:29:00Z,ปทุมธานี,Pathum Thani,department of highways,บ้านพร้าว - คลองห้า,motorcycle,speeding,rear-end collision,2,1,0,rainy,14.06598447,100.6640339,other,other
6619375,2022-07-28T15:48:00Z,2022-07-29T04:31:00Z,กรุงเทพมหานคร,Bangkok,department of highways,ดาวคะนอง -  แสมดำ,private/passenger car,speeding,rear-end collision,2,0,3,clear,13.68503149,100.4872817,other,other
7331775,2022-07-28T20:40:00Z,2022-07-29T04:26:00Z,กรุงเทพมหานคร,Bangkok,department of highways,บางพลัด - บางบำหรุ,private/passenger car,speeding,rear-end collision,2,0,1,clear,13.78823758,100.470314,straight road,no slope
7564286,2022-07-28T22:50:00Z,2023-01-19T13:07:00Z,สมุทรสาคร,Samut Sakhon,department of highways,แสมดำ - สะพานข้ามแม่น้ำท่าจีนฝั่งตะวันตก,4-wheel pickup truck,speeding,rollover/fallen on straight road,1,0,0,clear,13.59410925,100.3616389,straight road,no slope
6650705,2022-07-29T09:03:00Z,2022-08-03T10:39:00Z,สมุทรปราการ,Samut Prakan,expressway authority of thailand,บางพลี-สุขสวัสดิ์,4-wheel pickup truck,other,rear-end collision,2,0,0,clear,13.632354,100.577381,straight road,other
6621279,2022-07-29T10:48:00Z,2022-07-29T12:44:00Z,ปทุมธานี,Pathum Thani,department of highways,บางปะอิน - แขวงรามอินทรา,private/passenger car,speeding,rear-end collision,2,0,0,clear,13.92800406,100.7067695,straight road,no slope
6625302,2022-07-29T11:30:00Z,2022-07-30T05:16:00Z,กรุงเทพมหานคร,Bangkok,department of highways,อรุณอมรินทร์ - พุทธมณฑลสาย 4,private/passenger car,speeding,rear-end collision,6,0,0,clear,13.78548677,100.3836679,other,other
6625305,2022-07-29T11:30:00Z,2022-07-30T05:17:00Z,กรุงเทพมหานคร,Bangkok,department of highways,อรุณอมรินทร์ - พุทธมณฑลสาย 4,private/passenger car,speeding,rear-end collision,2,0,0,clear,13.78543207,100.3839549,other,other
7414662,2022-07-29T12:10:00Z,2022-11-29T09:30:00Z,นนทบุรี,Nonthaburi,department of highways,คลองมหาสวัสดิ์ - คลองบางไผ่,4-wheel pickup truck,speeding,rollover/fallen on straight road,1,0,0,clear,13.81182651,100.4114342,straight road,no slope
6729062,2022-07-29T14:25:00Z,2022-08-16T10:47:00Z,นนทบุรี,Nonthaburi,department of rural roads,แยกทางหลวงหมายเลข 9 (กม.ที่ 43+490) - อำเภอไทรน้อย,bicycle,tailgating,other,2,0,2,clear,13.935866,100.369062,straight road,no slope
6623609,2022-07-29T17:16:00Z,2022-07-29T22:04:00Z,สมุทรปราการ,Samut Prakan,department of highways,แขวงคลองสองต้นนุ่น - พิมพา,private/passenger car,speeding,rear-end collision,2,0,0,clear,13.66644952,100.849404,straight road,no slope
6625364,2022-07-29T19:01:00Z,2022-07-30T05:33:00Z,สมุทรปราการ,Samut Prakan,department of highways,แขวงคลองสองต้นนุ่น - พิมพา,private/passenger car,speeding,rear-end collision,4,0,0,clear,13.66644952,100.849404,straight road,no slope
6631355,2022-07-29T22:19:00Z,2022-07-31T06:27:00Z,กรุงเทพมหานคร,Bangkok,department of highways,แขวงคลองสองต้นนุ่น - พิมพา,4-wheel pickup truck,overloaded vehicle,other,1,0,0,clear,13.73329604,100.7904839,straight road,no slope
7414681,2022-07-29T22:30:00Z,2022-11-29T09:42:00Z,กรุงเทพมหานคร,Bangkok,department of highways,พระประแดง - บางแค,motorcycle,speeding,head-on collision (not overtaking),2,0,0,clear,13.62687,100.4328704,straight road,no slope
6629451,2022-07-30T01:40:00Z,2022-07-30T22:24:00Z,ปทุมธานี,Pathum Thani,department of highways,ต่างระดับคลองหลวง - ประตูน้ำพระอินทร์,motorcycle,speeding,rollover/fallen on straight road,1,1,1,clear,14.05824143,100.6171059,straight road,no slope
7331789,2022-07-30T03:40:00Z,2022-07-31T17:38:00Z,นนทบุรี,Nonthaburi,department of highways,บางบัวทอง -  ลาดบัวหลวง,large truck with trailer,speeding,collision with obstruction (on road surface),2,1,0,clear,13.94262401,100.4162112,other,other
6626306,2022-07-30T06:41:00Z,2022-07-30T10:34:00Z,กรุงเทพมหานคร,Bangkok,department of highways,ถนนศรีนครินทร - แขวงคลองสองต้นนุ่น,private/passenger car,speeding,rear-end collision,2,0,0,clear,13.73918186,100.6532487,straight road,no slope
6631243,2022-07-30T08:50:00Z,2022-07-31T06:06:00Z,กรุงเทพมหานคร,Bangkok,department of highways,พระประแดง - บางแค,4-wheel pickup truck,driving under the influence of alcohol,rear-end collision,2,0,0,clear,13.65258115,100.405029,other,other
7444798,2022-07-30T09:00:00Z,2022-12-08T14:55:00Z,สมุทรสาคร,Samut Sakhon,department of highways,ไม่ทราบ,7-10-wheel truck,speeding,rear-end collision,2,0,0,clear,13.53980304,100.22985130000001,straight road,no slope
6631221,2022-07-30T11:30:00Z,2022-07-31T06:02:00Z,นนทบุรี,Nonthaburi,department of highways,แยกนพวงศ์ - บางเลน,private/passenger car,speeding,rear-end collision,3,0,0,clear,14.02591865,100.3124499,other,other
6631354,2022-07-30T11:45:00Z,2022-07-31T06:26:00Z,กรุงเทพมหานคร,Bangkok,department of highways,แขวงรามอินทรา - บางพลี,4-wheel pickup truck,speeding,rollover/fallen on straight road,1,0,0,clear,13.81313925,100.6772652,straight road,no slope
6629313,2022-07-30T15:59:00Z,2022-07-30T21:50:00Z,สมุทรปราการ,Samut Prakan,department of highways,แขวงคลองสองต้นนุ่น - พิมพา,private/passenger car,speeding,rear-end collision,4,0,0,clear,13.65118671,100.8731255,straight road,no slope
6637669,2022-07-30T16:05:00Z,2022-08-01T09:05:00Z,สมุทรปราการ,Samut Prakan,expressway authority of thailand,บางพลี-สุขสวัสดิ์,other,other,collision with obstruction (on road surface),1,0,0,clear,13.631122,100.584736,straight road,other
7564985,2022-07-30T18:12:00Z,2023-01-20T06:46:00Z,กรุงเทพมหานคร,Bangkok,department of highways,บางนา - ทางเข้าท่าอากาศยานสุวรรณภูมิ,motorcycle,speeding,rear-end collision,2,0,2,clear,13.67054133,100.6204735,straight road,no slope
7414678,2022-07-30T21:50:00Z,2022-11-29T09:41:00Z,กรุงเทพมหานคร,Bangkok,department of highways,พระประแดง - บางแค,private/passenger car,speeding,rollover/fallen on straight road,1,0,0,clear,13.62500099,100.4742166,straight road,no slope
6637658,2022-07-30T22:40:00Z,2022-08-01T09:04:00Z,สมุทรปราการ,Samut Prakan,expressway authority of thailand,บางพลี-สุขสวัสดิ์,large truck with trailer,other,rear-end collision,2,0,1,clear,13.629677,100.529392,straight road,other
6630095,2022-07-30T23:31:00Z,2022-07-31T01:13:00Z,กรุงเทพมหานคร,Bangkok,expressway authority of thailand,พญาไท-ศรีนครินทร์,4-wheel pickup truck,other,side collision,2,0,0,clear,13.7632982,100.5434249,wide curve,other
6638153,2022-07-31T02:02:00Z,2022-08-01T10:50:00Z,กรุงเทพมหานคร,Bangkok,expressway authority of thailand,แจ้งวัฒนะ-พญาไท,other,other,other,1,0,0,clear,NA,NA,straight road,other
6631993,2022-07-31T03:55:00Z,2022-07-31T09:04:00Z,กรุงเทพมหานคร,Bangkok,department of highways,แขวงรามอินทรา - บางพลี,4-wheel pickup truck,speeding,collision with obstruction (on road surface),1,0,0,clear,13.73329604,100.7032344,other,other
6632154,2022-07-31T05:03:00Z,2022-07-31T09:49:00Z,กรุงเทพมหานคร,Bangkok,department of highways,แขวงรามอินทรา - บางพลี,private/passenger car,speeding,rear-end collision,2,0,1,clear,13.7726284,100.6901559,straight road,no slope
6633051,2022-07-31T11:22:00Z,2022-07-31T13:32:00Z,สมุทรปราการ,Samut Prakan,department of highways,แขวงคลองสองต้นนุ่น - พิมพา,private/passenger car,speeding,rear-end collision,3,0,0,clear,13.66546435,100.8509409,straight road,no slope
7444813,2022-07-31T12:30:00Z,2022-12-08T15:28:00Z,สมุทรสาคร,Samut Sakhon,department of highways,ไม่ทราบ,6-wheel truck,speeding,rear-end collision,2,1,0,clear,13.52359064,100.1817566,straight road,no slope
6633087,2022-07-31T12:56:00Z,2022-07-31T13:44:00Z,สมุทรปราการ,Samut Prakan,department of highways,แขวงคลองสองต้นนุ่น - พิมพา,private/passenger car,speeding,rear-end collision,2,0,0,rainy,13.65266456,100.8708268,straight road,no slope
6633631,2022-07-31T14:00:00Z,2022-07-31T15:42:00Z,สมุทรปราการ,Samut Prakan,department of highways,ท้ายบ้าน - บางตำหรุ,4-wheel pickup truck,speeding,rollover/fallen on straight road,1,0,0,clear,13.51994224,100.6626552,straight road,no slope
6634071,2022-07-31T14:00:00Z,2022-07-31T17:35:00Z,ปทุมธานี,Pathum Thani,department of highways,บางบัวทอง - บางคูวัด,motorcycle,speeding,rear-end collision,2,0,0,clear,13.95580095,100.489347,straight road,no slope
6636957,2022-07-31T16:48:00Z,2022-08-01T05:57:00Z,สมุทรปราการ,Samut Prakan,department of highways,แขวงคลองสองต้นนุ่น - พิมพา,private/passenger car,speeding,rear-end collision,5,0,0,clear,13.65856803,100.8616483,straight road,no slope
6636955,2022-07-31T18:54:00Z,2022-08-01T05:55:00Z,ปทุมธานี,Pathum Thani,department of highways,บางปะอิน - แขวงรามอินทรา,4-wheel pickup truck,speeding,rear-end collision,2,0,0,rainy,13.95672503,100.7128715,straight road,no slope
7414673,2022-07-31T19:00:00Z,2022-11-29T09:39:00Z,นนทบุรี,Nonthaburi,department of highways,คลองมหาสวัสดิ์ - คลองบางไผ่,large passenger vehicle,speeding,rollover/fallen on curved road,1,0,11,rainy,13.86521057,100.4106134,wide curve,no slope
6638147,2022-07-31T20:00:00Z,2022-08-01T10:49:00Z,สมุทรสาคร,Samut Sakhon,department of highways,สะพานข้ามแม่น้ำท่าจีนฝั่งตะวันตก - นาโคก,4-wheel pickup truck,other,other,3,2,2,clear,13.53702325,100.221582,straight road,no slope
6638202,2022-07-31T20:32:00Z,2022-08-01T10:59:00Z,กรุงเทพมหานคร,Bangkok,expressway authority of thailand,แจ้งวัฒนะ-พญาไท,other,other,rear-end collision,6,0,0,rainy,13.81731452,100.5502151,wide curve,other
7509666,2022-07-31T21:30:00Z,2022-12-27T08:35:00Z,ปทุมธานี,Pathum Thani,department of highways,ไม่ทราบ,4-wheel pickup truck,speeding,pedestrian collision,1,1,0,clear,13.98669431,100.6159231,straight road,no slope
7139538,2022-07-31T22:30:00Z,2022-10-20T11:11:00Z,ปทุมธานี,Pathum Thani,department of highways,บางปะอิน - แขวงรามอินทรา,private/passenger car,speeding,rollover/fallen on curved road,1,0,1,clear,13.93397867,100.7105729,other,other
7415174,2022-07-31T23:00:00Z,2022-11-29T14:49:00Z,กรุงเทพมหานคร,Bangkok,department of highways,บางแค - คลองมหาสวัสดิ์,4-wheel pickup truck,speeding,rear-end collision,4,0,0,rainy,13.69360789,100.4075798,straight road,no slope
7561615,2022-08-01T01:10:00Z,2023-01-17T11:11:00Z,กรุงเทพมหานคร,Bangkok,department of highways,บางแค - คลองมหาสวัสดิ์,7-10-wheel truck,speeding,collision with obstruction (on road surface),1,0,0,rainy,13.68264563,100.4065834,straight road,no slope
7561325,2022-08-01T06:00:00Z,2023-01-17T08:42:00Z,กรุงเทพมหานคร,Bangkok,department of highways,อรุณอมรินทร์ - พุทธมณฑลสาย 4,motorcycle,using mobile phone while driving,collision with obstruction (on road surface),2,0,1,clear,13.78256971,100.4151599,straight road,no slope
6771771,2022-08-01T10:05:00Z,2022-08-23T13:35:00Z,ปทุมธานี,Pathum Thani,department of highways,บางปะอิน - แขวงรามอินทรา,4-wheel pickup truck,speeding,rollover/fallen on straight road,1,0,0,clear,14.12117732,100.6749344,straight road,no slope
6771748,2022-08-01T11:06:00Z,2022-08-23T13:33:00Z,กรุงเทพมหานคร,Bangkok,department of highways,ถนนศรีนครินทร - แขวงคลองสองต้นนุ่น,private/passenger car,speeding,rear-end collision,3,0,0,clear,13.73175096,100.7115143,straight road,no slope
7561197,2022-08-01T12:06:00Z,2023-01-17T07:04:00Z,กรุงเทพมหานคร,Bangkok,department of highways,อรุณอมรินทร์ - พุทธมณฑลสาย 4,motorcycle,illegal overtaking,rear-end collision,2,0,1,clear,13.78691428,100.3730303,straight road,no slope
6788492,2022-08-01T12:38:00Z,2022-08-26T09:28:00Z,กรุงเทพมหานคร,Bangkok,expressway authority of thailand,ดินแดง-ท่าเรือ,other,other,collision with obstruction (on road surface),1,0,0,rainy,13.72534606,100.5525954,straight road,other
6741527,2022-08-01T12:50:00Z,2022-08-18T14:17:00Z,สมุทรปราการ,Samut Prakan,department of highways,ทางเข้าท่าอากาศยานสุวรรณภูมิ - บางวัว,large truck with trailer,speeding,rollover/fallen on straight road,1,0,0,rainy,13.60539758,100.7750854,straight road,no slope
6782923,2022-08-01T13:12:00Z,2022-08-25T10:06:00Z,ปทุมธานี,Pathum Thani,department of highways,บางปะอิน - แขวงรามอินทรา,4-wheel pickup truck,speeding,rollover/fallen on straight road,1,0,1,rainy,14.00511539,100.7060909,straight road,no slope
6771774,2022-08-01T15:25:00Z,2022-08-23T13:36:00Z,สมุทรปราการ,Samut Prakan,department of highways,แขวงรามอินทรา - บางพลี,4-wheel pickup truck,speeding,rollover/fallen on curved road,1,0,0,rainy,13.6494013,100.6873584,wide curve,no slope
7532405,2022-08-01T16:30:00Z,2023-01-01T11:25:00Z,กรุงเทพมหานคร,Bangkok,department of highways,ดินแดง - งามวงศ์วาน,motorcycle,speeding,rear-end collision,2,0,0,clear,13.76746126,100.5499632,straight road,no slope
6729064,2022-08-01T20:17:00Z,2022-08-16T10:47:00Z,สมุทรปราการ,Samut Prakan,department of rural roads,สะพานภูมิพลที่ 2 ไปสะพานภูมิพลที่ 1,private/passenger car,debris/obstruction on the road,other,2,0,0,clear,13.646581,100.542102,y-intersection,other
6771731,2022-08-01T22:52:00Z,2022-08-23T13:25:00Z,กรุงเทพมหานคร,Bangkok,department of highways,บางปะอิน - แขวงรามอินทรา,private/passenger car,speeding,rollover/fallen on curved road,1,0,0,rainy,13.84733564,100.6725043,wide curve,no slope
7331797,2022-08-01T23:00:00Z,2022-08-18T14:19:00Z,ปทุมธานี,Pathum Thani,department of highways,เทคโนโลยีปทุมธานี - ต่างระดับเชียงรากน้อย,4-wheel pickup truck,speeding,rollover/fallen on straight road,1,1,0,clear,14.02771159,100.5564558,straight road,no slope
7561358,2022-08-01T23:45:00Z,2023-01-17T08:57:00Z,กรุงเทพมหานคร,Bangkok,department of highways,อรุณอมรินทร์ - พุทธมณฑลสาย 4,private/passenger car,speeding,rear-end collision,4,0,0,clear,13.7812029,100.4287907,straight road,no slope
7561338,2022-08-02T01:45:00Z,2023-01-17T08:47:00Z,กรุงเทพมหานคร,Bangkok,department of highways,อรุณอมรินทร์ - พุทธมณฑลสาย 4,private/passenger car,speeding,rear-end collision,2,0,0,clear,13.78216154,100.4184321,straight road,no slope
6788763,2022-08-02T02:50:00Z,2022-08-26T10:33:00Z,กรุงเทพมหานคร,Bangkok,expressway authority of thailand,รามอินทรา-อาจณรงค์,other,other,collision with obstruction (on road surface),1,0,1,rainy,13.832861,100.630516,straight road,other
6771732,2022-08-02T03:03:00Z,2022-08-23T13:27:00Z,ปทุมธานี,Pathum Thani,department of highways,บางปะอิน - แขวงรามอินทรา,4-wheel pickup truck,speeding,rollover/fallen on straight road,1,0,1,rainy,14.00507375,100.7061338,straight road,no slope
6771694,2022-08-02T06:00:00Z,2022-08-23T13:19:00Z,กรุงเทพมหานคร,Bangkok,department of highways,บางปะอิน - แขวงรามอินทรา,private/passenger car,speeding,rear-end collision,3,0,0,clear,13.8566639,100.6754494,straight road,no slope
6846292,2022-08-02T06:34:00Z,2022-09-05T13:58:00Z,กรุงเทพมหานคร,Bangkok,expressway authority of thailand,พญาไท-บางโคล่,other,other,collision with obstruction (on road surface),1,0,0,clear,NA,NA,wide curve,other
7532351,2022-08-02T08:00:00Z,2023-01-01T11:12:00Z,กรุงเทพมหานคร,Bangkok,department of highways,ดินแดง - งามวงศ์วาน,private/passenger car,speeding,rear-end collision,2,0,0,clear,13.77144811,100.5520933,straight road,no slope
6771775,2022-08-02T09:16:00Z,2022-08-23T13:38:00Z,กรุงเทพมหานคร,Bangkok,department of highways,ถนนศรีนครินทร - แขวงคลองสองต้นนุ่น,6-wheel truck,speeding,rollover/fallen on curved road,1,0,0,rainy,13.74260802,100.6424233,wide curve,no slope
6736031,2022-08-02T10:45:00Z,2022-08-17T15:35:00Z,กรุงเทพมหานคร,Bangkok,department of highways,แขวงคลองสองต้นนุ่น - พิมพา,large truck with trailer,speeding,rear-end collision,2,0,0,clear,13.72983588,100.7281494,straight road,no slope
6741324,2022-08-02T19:55:00Z,2022-08-18T13:30:00Z,กรุงเทพมหานคร,Bangkok,department of highways,ถนนศรีนครินทร - แขวงคลองสองต้นนุ่น,private/passenger car,speeding,rollover/fallen on straight road,1,0,1,clear,13.73717825,100.6658122,straight road,no slope
6782925,2022-08-02T22:00:00Z,2022-08-25T10:07:00Z,กรุงเทพมหานคร,Bangkok,department of highways,บางปะอิน - แขวงรามอินทรา,private/passenger car,speeding,rollover/fallen on straight road,1,0,1,rainy,13.85334879,100.6738615,straight road,no slope
6788631,2022-08-03T07:57:00Z,2022-08-26T09:57:00Z,กรุงเทพมหานคร,Bangkok,expressway authority of thailand,รามอินทรา-อาจณรงค์,other,other,side collision,2,0,0,clear,NA,NA,straight road,other
7564289,2022-08-03T09:00:00Z,2023-01-19T13:16:00Z,สมุทรสาคร,Samut Sakhon,department of highways,สมุทรสาคร - บางบอน,other,speeding,collision with obstruction (on road surface),1,0,0,clear,13.58713524,100.3237393,other,other
7564292,2022-08-03T10:00:00Z,2023-01-19T13:15:00Z,สมุทรสาคร,Samut Sakhon,department of highways,แสมดำ - สะพานข้ามแม่น้ำท่าจีนฝั่งตะวันตก,7-10-wheel truck,speeding,rollover/fallen on straight road,1,0,0,clear,13.58752371,100.3239137,straight road,no slope
6783661,2022-08-03T13:58:00Z,2022-08-25T13:06:00Z,สมุทรปราการ,Samut Prakan,department of highways,แขวงคลองสองต้นนุ่น - พิมพา,4-wheel pickup truck,speeding,rollover/fallen on straight road,1,0,0,clear,13.67415874,100.8381843,straight road,no slope
6701194,2022-08-03T16:51:00Z,2022-08-11T09:59:00Z,สมุทรปราการ,Samut Prakan,department of highways,แขวงคลองสองต้นนุ่น - พิมพา,private/passenger car,speeding,rear-end collision,2,0,1,clear,13.67290777,100.8395067,straight road,no slope
7561224,2022-08-03T17:40:00Z,2023-01-17T07:16:00Z,กรุงเทพมหานคร,Bangkok,department of highways,อรุณอมรินทร์ - พุทธมณฑลสาย 4,4-wheel pickup truck,speeding,rear-end collision,2,0,2,clear,13.78582933,100.3803125,straight road,no slope
7561637,2022-08-03T18:10:00Z,2023-01-17T11:35:00Z,กรุงเทพมหานคร,Bangkok,department of highways,ดาวคะนอง -  แสมดำ,private/passenger car,speeding,rear-end collision,2,0,0,clear,13.6695249,100.4516579,other,other
7564968,2022-08-04T00:10:00Z,2023-01-20T06:40:00Z,กรุงเทพมหานคร,Bangkok,department of highways,บางนา - ทางเข้าท่าอากาศยานสุวรรณภูมิ,6-wheel truck,cutting in closely by people/vehicles/animals,rear-end collision,2,0,1,clear,13.66601037,100.6429115,other,other
6845595,2022-08-04T01:12:00Z,2022-09-05T11:02:00Z,สมุทรปราการ,Samut Prakan,expressway authority of thailand,บางนา-ชลบุรี,other,other,collision with obstruction (on road surface),1,0,0,rainy,13.580709,100.871912,straight road,other
6735889,2022-08-04T02:30:00Z,2022-08-17T15:15:00Z,นครปฐม,Nakhon Pathom,department of highways,กำแพงแสน-ทุ่งคอก,4-wheel pickup truck,speeding,collision with obstruction (on road surface),1,0,1,clear,14.07197891,99.98897551,other,other
7561576,2022-08-04T06:40:00Z,2023-01-17T10:51:00Z,กรุงเทพมหานคร,Bangkok,department of highways,อรุณอมรินทร์ - พุทธมณฑลสาย 4,private/passenger car,cutting in closely by people/vehicles/animals,rear-end collision,3,0,1,clear,13.78661211,100.4645097,other,other
7444810,2022-08-04T07:20:00Z,2022-12-08T14:56:00Z,สมุทรสาคร,Samut Sakhon,department of highways,ไม่ทราบ,private/passenger car,speeding,rollover/fallen on straight road,1,0,1,clear,13.53946143,100.2288428,straight road,no slope
6663297,2022-08-04T07:55:00Z,2022-08-05T10:58:00Z,สมุทรปราการ,Samut Prakan,department of highways,แขวงรามอินทรา - บางพลี,4-wheel pickup truck,speeding,rear-end collision,4,0,0,clear,13.65161938,100.6885037,straight road,no slope
6788676,2022-08-04T12:59:00Z,2022-08-26T10:07:00Z,กรุงเทพมหานคร,Bangkok,expressway authority of thailand,อาจณรงค์-บางนา,4-wheel pickup truck,other,rear-end collision,2,0,1,clear,13.701439,100.591838,wide curve,other
6802869,2022-08-04T13:32:00Z,2022-08-28T22:53:00Z,กรุงเทพมหานคร,Bangkok,expressway authority of thailand,บางนา-ท่าเรือ,other,other,side collision,3,0,0,clear,13.7090796,100.5836629,straight road,other
7561222,2022-08-04T16:20:00Z,2023-01-17T07:19:00Z,กรุงเทพมหานคร,Bangkok,department of highways,อรุณอมรินทร์ - พุทธมณฑลสาย 4,private/passenger car,speeding,rear-end collision,2,0,0,clear,13.78548157,100.3866774,straight road,no slope
6771808,2022-08-04T18:35:00Z,2022-08-23T13:45:00Z,กรุงเทพมหานคร,Bangkok,department of highways,บางปะอิน - แขวงรามอินทรา,large truck with trailer,speeding,rollover/fallen on straight road,1,0,0,clear,13.88926558,100.6891528,straight road,no slope
6771822,2022-08-04T20:20:00Z,2022-08-23T13:50:00Z,ปทุมธานี,Pathum Thani,department of highways,บางปะอิน - แขวงรามอินทรา,4-wheel pickup truck,speeding,rollover/fallen on straight road,1,0,0,clear,14.01510869,100.7016706,straight road,no slope
6909914,2022-08-04T22:30:00Z,2022-09-15T10:15:00Z,กรุงเทพมหานคร,Bangkok,department of highways,แยกเข้ามีนบุรี - คลองหลวงแพ่ง,private/passenger car,speeding,rollover/fallen on straight road,1,1,0,clear,13.8101439,100.8049169,straight road,no slope
6664925,2022-08-05T03:10:00Z,2022-08-05T16:48:00Z,ปทุมธานี,Pathum Thani,department of highways,บางปะอิน - แขวงรามอินทรา,4-wheel pickup truck,speeding,rear-end collision,2,0,0,clear,13.93322632,100.708403,straight road,no slope
6675093,2022-08-05T05:50:00Z,2022-08-07T10:53:00Z,กรุงเทพมหานคร,Bangkok,department of highways,แขวงรามอินทรา - บางพลี,7-10-wheel truck,speeding,collision with obstruction (on road surface),1,0,0,clear,13.78007363,100.6870419,other,other
7561582,2022-08-05T11:00:00Z,2023-01-17T10:50:00Z,กรุงเทพมหานคร,Bangkok,department of highways,อรุณอมรินทร์ - พุทธมณฑลสาย 4,private/passenger car,speeding,rear-end collision,2,0,1,clear,13.78467403,100.4574287,straight road,no slope
7561608,2022-08-05T13:00:00Z,2023-01-17T11:07:00Z,กรุงเทพมหานคร,Bangkok,department of highways,บางแค - คลองมหาสวัสดิ์,private/passenger car,speeding,rear-end collision,2,0,0,clear,13.68056466,100.4068261,straight road,no slope
6771988,2022-08-05T13:55:00Z,2022-08-23T14:33:00Z,กรุงเทพมหานคร,Bangkok,department of highways,แขวงคลองสองต้นนุ่น - พิมพา,large truck with trailer,speeding,rear-end collision,2,0,0,clear,13.72958314,100.7463026,wide curve,no slope
6741526,2022-08-05T14:30:00Z,2022-08-18T14:16:00Z,สมุทรสาคร,Samut Sakhon,department of highways,แสมดำ - สะพานข้ามแม่น้ำท่าจีนฝั่งตะวันตก,4-wheel pickup truck,speeding,rear-end collision,2,0,1,clear,13.59664331,100.3642675,other,other
7561581,2022-08-05T16:56:00Z,2023-01-17T10:52:00Z,กรุงเทพมหานคร,Bangkok,department of highways,บางพลัด - บางบำหรุ,motorcycle,speeding,rear-end collision,2,0,2,rainy,13.78852412,100.4710221,straight road,no slope
7444872,2022-08-05T17:35:00Z,2022-12-08T14:32:00Z,สมุทรสาคร,Samut Sakhon,department of highways,ไม่ทราบ,motorcycle,speeding,rollover/fallen on straight road,1,0,2,clear,13.58406922,100.3152206,straight road,no slope
7560810,2022-08-05T17:38:00Z,2023-01-16T14:26:00Z,กรุงเทพมหานคร,Bangkok,department of highways,ดินแดง - งามวงศ์วาน,motorcycle,cutting in closely by people/vehicles/animals,rear-end collision,2,0,1,clear,13.76826021,100.5503888,straight road,no slope
7561285,2022-08-05T18:35:00Z,2023-01-17T08:18:00Z,กรุงเทพมหานคร,Bangkok,department of highways,อรุณอมรินทร์ - พุทธมณฑลสาย 4,4-wheel pickup truck,speeding,rear-end collision,2,0,0,clear,13.782508,100.412558,straight road,no slope
7444826,2022-08-05T19:00:00Z,2022-12-08T14:28:00Z,สมุทรสาคร,Samut Sakhon,department of highways,ไม่ทราบ,private/passenger car,speeding,rollover/fallen on straight road,1,0,0,clear,13.58644435,100.3209069,straight road,no slope
7331818,2022-08-05T19:01:00Z,2022-10-04T11:14:00Z,กรุงเทพมหานคร,Bangkok,department of highways,อรุณอมรินทร์ - พุทธมณฑลสาย 4,4-wheel pickup truck,other,pedestrian collision,1,1,0,clear,13.78105832,100.4458898,straight road,no slope
7532232,2022-08-05T19:30:00Z,2023-01-01T10:35:00Z,กรุงเทพมหานคร,Bangkok,department of highways,ดินแดง - งามวงศ์วาน,private/passenger car,speeding,rear-end collision,3,0,0,clear,13.84514239,100.5602506,straight road,no slope
7331814,2022-08-05T19:40:00Z,2022-08-08T12:32:00Z,สมุทรปราการ,Samut Prakan,department of highways,บางเมือง - บางพลี,private/passenger car,speeding,rear-end collision,3,0,7,clear,13.61346594,100.6626069,straight road,no slope
6701452,2022-08-05T19:44:00Z,2022-08-11T10:45:00Z,สมุทรปราการ,Samut Prakan,department of highways,แขวงคลองสองต้นนุ่น - พิมพา,4-wheel pickup truck,speeding,rear-end collision,2,0,0,clear,13.65856803,100.8616483,straight road,no slope
7561653,2022-08-05T20:04:00Z,2023-01-17T11:46:00Z,กรุงเทพมหานคร,Bangkok,department of highways,ดาวคะนอง -  แสมดำ,4-wheel pickup truck,speeding,rear-end collision,2,0,0,clear,13.63977415,100.4068664,straight road,no slope
7554555,2022-08-05T21:04:00Z,2023-01-09T13:20:00Z,กรุงเทพมหานคร,Bangkok,department of highways,มีนบุรี - แยกเคหะร่มเกล้า,4-wheel pickup truck,speeding,rollover/fallen on straight road,1,0,2,clear,13.79219442,100.746139,other,other
6771810,2022-08-05T21:27:00Z,2022-08-23T13:46:00Z,ปทุมธานี,Pathum Thani,department of highways,บางปะอิน - แขวงรามอินทรา,4-wheel pickup truck,speeding,rear-end collision,2,0,0,clear,14.12678274,100.6718391,straight road,no slope
6827931,2022-08-06T00:58:00Z,2022-09-02T10:23:00Z,กรุงเทพมหานคร,Bangkok,expressway authority of thailand,แจ้งวัฒนะ-พญาไท,other,other,other,1,0,1,clear,NA,NA,straight road,other
6667743,2022-08-06T00:59:00Z,2022-08-06T03:40:00Z,กรุงเทพมหานคร,Bangkok,expressway authority of thailand,พญาไท-ศรีนครินทร์,other,other,side collision,2,0,0,clear,13.75375996,100.5604173,straight road,other
6667912,2022-08-06T03:28:00Z,2022-08-06T04:31:00Z,กรุงเทพมหานคร,Bangkok,expressway authority of thailand,หมอชิต-กาญจนาฯ,other,other,collision with obstruction (on road surface),1,0,1,clear,NA,NA,wide curve,other
6674294,2022-08-06T06:52:00Z,2022-08-07T07:12:00Z,กรุงเทพมหานคร,Bangkok,expressway authority of thailand,พญาไท-บางโคล่,other,other,rear-end collision,2,0,3,clear,13.75935836,100.5249539,straight road,other
6741593,2022-08-06T12:59:00Z,2022-08-18T14:31:00Z,สมุทรสาคร,Samut Sakhon,department of highways,แสมดำ - สะพานข้ามแม่น้ำท่าจีนฝั่งตะวันตก,7-10-wheel truck,vehicle equipment failure,rollover/fallen on curved road,1,0,0,clear,13.54666109,100.2594468,wide curve,no slope
6675091,2022-08-06T14:11:00Z,2022-08-07T10:51:00Z,ปทุมธานี,Pathum Thani,department of highways,บางปะอิน - แขวงรามอินทรา,large truck with trailer,speeding,rear-end collision,2,0,0,clear,14.0753325,100.6956303,straight road,no slope
7444898,2022-08-06T14:20:00Z,2022-12-08T14:34:00Z,สมุทรสาคร,Samut Sakhon,department of highways,ไม่ทราบ,4-wheel pickup truck,cutting in closely by people/vehicles/animals,rear-end collision,2,0,1,clear,13.55354764,100.2668953,straight road,no slope
7561649,2022-08-06T19:00:00Z,2023-01-17T11:47:00Z,กรุงเทพมหานคร,Bangkok,department of highways,ดาวคะนอง -  แสมดำ,private/passenger car,speeding,rear-end collision,2,0,0,clear,13.68036268,100.4722573,straight road,no slope
7561354,2022-08-06T19:25:00Z,2023-01-17T08:54:00Z,กรุงเทพมหานคร,Bangkok,department of highways,อรุณอมรินทร์ - พุทธมณฑลสาย 4,motorcycle,speeding,rear-end collision,2,0,0,clear,13.78149205,100.4260495,other,other
6916976,2022-08-06T22:40:00Z,2022-09-16T10:55:00Z,สมุทรสาคร,Samut Sakhon,department of highways,สะพานข้ามแม่น้ำท่าจีนฝั่งตะวันตก - นาโคก,private/passenger car,speeding,rear-end collision,2,0,0,clear,13.52455032,100.1845837,other,other
6701492,2022-08-07T05:36:00Z,2022-08-11T10:58:00Z,กรุงเทพมหานคร,Bangkok,department of highways,แขวงคลองสองต้นนุ่น - พิมพา,4-wheel pickup truck,speeding,rear-end collision,2,0,1,clear,13.72924962,100.7335728,straight road,no slope
6674279,2022-08-07T06:20:00Z,2022-08-07T07:09:00Z,ปทุมธานี,Pathum Thani,expressway authority of thailand,บางปะอิน-แจ้งวัฒนะ,other,other,collision with obstruction (on road surface),1,0,0,clear,13.989373,100.568493,straight road,other
6771831,2022-08-07T10:40:00Z,2022-08-23T13:54:00Z,ปทุมธานี,Pathum Thani,department of highways,บางปะอิน - แขวงรามอินทรา,other,speeding,rollover/fallen on straight road,1,0,0,clear,14.04264005,100.6981596,straight road,no slope
6741507,2022-08-07T11:55:00Z,2022-08-18T14:11:00Z,สมุทรสาคร,Samut Sakhon,department of highways,แสมดำ - สะพานข้ามแม่น้ำท่าจีนฝั่งตะวันตก,4-wheel pickup truck,speeding,rollover/fallen on straight road,1,0,2,clear,13.59138485,100.3339317,other,other
7561607,2022-08-07T13:04:00Z,2023-01-17T11:08:00Z,กรุงเทพมหานคร,Bangkok,department of highways,บางแค - คลองมหาสวัสดิ์,motorcycle,speeding,rear-end collision,2,0,2,clear,13.68107415,100.4070823,straight road,no slope
6694917,2022-08-07T13:51:00Z,2022-08-10T15:26:00Z,สมุทรปราการ,Samut Prakan,department of highways,แขวงคลองสองต้นนุ่น - พิมพา,private/passenger car,speeding,rear-end collision,4,0,1,clear,13.66595694,100.8501765,straight road,no slope
6708165,2022-08-07T14:30:00Z,2022-08-12T13:50:00Z,กรุงเทพมหานคร,Bangkok,department of highways,แขวงรามอินทรา - บางพลี,4-wheel pickup truck,speeding,rollover/fallen on straight road,1,0,1,clear,13.7770492,100.6871733,straight road,no slope
7561353,2022-08-07T17:30:00Z,2023-01-17T08:53:00Z,กรุงเทพมหานคร,Bangkok,department of highways,อรุณอมรินทร์ - พุทธมณฑลสาย 4,large passenger vehicle,cutting in closely by people/vehicles/animals,rear-end collision,2,0,0,clear,13.78168222,100.4242297,straight road,no slope
6676911,2022-08-07T18:39:00Z,2022-08-07T20:25:00Z,กรุงเทพมหานคร,Bangkok,expressway authority of thailand,แจ้งวัฒนะ-พญาไท,other,other,rear-end collision,2,0,0,clear,13.78185776,100.5338655,straight road,other
7564279,2022-08-07T21:50:00Z,2023-01-19T12:06:00Z,สมุทรสาคร,Samut Sakhon,department of highways,แสมดำ - สะพานข้ามแม่น้ำท่าจีนฝั่งตะวันตก,4-wheel pickup truck,vehicle equipment failure,rollover/fallen on straight road,1,0,0,clear,13.59794422,100.3655523,straight road,no slope
6686587,2022-08-07T22:25:00Z,2022-08-09T10:55:00Z,กรุงเทพมหานคร,Bangkok,department of highways,แขวงรามอินทรา - บางพลี,4-wheel pickup truck,speeding,rear-end collision,3,0,1,clear,13.692771370000001,100.6996938,straight road,no slope
6909887,2022-08-07T23:30:00Z,2022-09-15T10:11:00Z,กรุงเทพมหานคร,Bangkok,department of highways,แยกเข้ามีนบุรี - คลองหลวงแพ่ง,private/passenger car,speeding,rollover/fallen on straight road,1,0,0,clear,13.80949273,100.812006,straight road,no slope
6687695,2022-08-08T14:37:00Z,2022-08-09T14:40:00Z,กรุงเทพมหานคร,Bangkok,department of highways,ถนนศรีนครินทร - แขวงคลองสองต้นนุ่น,private/passenger car,speeding,rollover/fallen on straight road,1,0,0,clear,13.73737887,100.6592461,straight road,no slope
7561613,2022-08-08T17:20:00Z,2023-01-17T11:12:00Z,กรุงเทพมหานคร,Bangkok,department of highways,บางแค - คลองมหาสวัสดิ์,4-wheel pickup truck,speeding,rear-end collision,3,0,1,clear,13.68781866,100.4071078,straight road,no slope
6771962,2022-08-08T19:55:00Z,2022-08-23T14:27:00Z,กรุงเทพมหานคร,Bangkok,department of highways,แขวงคลองสองต้นนุ่น - พิมพา,4-wheel pickup truck,speeding,rollover/fallen on straight road,1,0,0,clear,13.73272283,100.7887968,straight road,no slope
6827925,2022-08-08T21:11:00Z,2022-09-02T10:21:00Z,ปทุมธานี,Pathum Thani,expressway authority of thailand,บางปะอิน-แจ้งวัฒนะ,4-wheel pickup truck,other,side collision,2,0,0,clear,14.031585,100.579201,straight road,other
6692605,2022-08-09T00:50:00Z,2022-08-10T10:02:00Z,กรุงเทพมหานคร,Bangkok,department of highways,แขวงรามอินทรา - บางพลี,4-wheel pickup truck,speeding,rear-end collision,2,0,1,rainy,13.68185468,100.6993291,straight road,no slope
6687437,2022-08-09T02:53:00Z,2022-08-09T13:54:00Z,กรุงเทพมหานคร,Bangkok,department of highways,แขวงคลองสองต้นนุ่น - พิมพา,6-wheel truck,speeding,rear-end collision,2,0,1,clear,13.73262903,100.7878956,straight road,no slope
7564965,2022-08-09T08:00:00Z,2023-01-20T06:36:00Z,กรุงเทพมหานคร,Bangkok,department of highways,บางนา - ทางเข้าท่าอากาศยานสุวรรณภูมิ,private/passenger car,speeding,rear-end collision,3,0,1,clear,13.67156948,100.6158547,straight road,no slope
6741645,2022-08-09T08:40:00Z,2022-08-18T14:42:00Z,ปทุมธานี,Pathum Thani,department of highways,บางปะอิน - แขวงรามอินทรา,other,speeding,rollover/fallen on straight road,1,0,0,rainy,14.06163425,100.6970277,straight road,no slope
6693471,2022-08-09T10:35:00Z,2022-08-10T10:45:00Z,กรุงเทพมหานคร,Bangkok,department of highways,ถนนศรีนครินทร - แขวงคลองสองต้นนุ่น,6-wheel truck,speeding,rear-end collision,2,0,0,clear,13.74006511,100.6478307,straight road,no slope
7561219,2022-08-09T12:30:00Z,2023-01-17T07:17:00Z,กรุงเทพมหานคร,Bangkok,department of highways,อรุณอมรินทร์ - พุทธมณฑลสาย 4,4-wheel pickup truck,speeding,rear-end collision,4,0,0,clear,13.78574206,100.3811198,straight road,no slope
6852074,2022-08-09T13:30:00Z,2022-09-06T13:53:00Z,สมุทรปราการ,Samut Prakan,department of highways,แขวงรามอินทรา - บางพลี,other,speeding,rollover/fallen on curved road,1,0,0,clear,13.64946125,100.6872511,wide curve,no slope
6772020,2022-08-09T14:40:00Z,2022-08-23T14:35:00Z,กรุงเทพมหานคร,Bangkok,department of highways,บางปะอิน - แขวงรามอินทรา,private/passenger car,speeding,rear-end collision,2,0,0,clear,13.86018729,100.6763559,straight road,no slope
7561611,2022-08-09T16:00:00Z,2023-01-17T11:05:00Z,กรุงเทพมหานคร,Bangkok,department of highways,บางแค - คลองมหาสวัสดิ์,large truck with trailer,speeding,rear-end collision,2,0,0,clear,13.6781592,100.4066545,straight road,no slope
6694636,2022-08-09T16:04:00Z,2022-08-10T14:32:00Z,กรุงเทพมหานคร,Bangkok,department of highways,บางปะอิน - แขวงรามอินทรา,private/passenger car,speeding,rear-end collision,2,0,0,clear,13.89079139,100.6899574,straight road,no slope
6846296,2022-08-09T19:40:00Z,2022-09-05T13:59:00Z,กรุงเทพมหานคร,Bangkok,expressway authority of thailand,พญาไท-บางโคล่,other,other,collision with obstruction (on road surface),1,0,3,clear,NA,NA,grade-separated intersection/ramps,other
6788695,2022-08-10T01:37:00Z,2022-08-26T10:13:00Z,สมุทรปราการ,Samut Prakan,expressway authority of thailand,บางนา-ชลบุรี,other,other,side collision,2,0,3,clear,13.590492,100.825861,straight road,other
6845565,2022-08-10T08:21:00Z,2022-09-05T10:58:00Z,กรุงเทพมหานคร,Bangkok,expressway authority of thailand,รามอินทรา-วงแหวนรอบนอก,other,other,other,1,0,0,clear,13.889656,100.654113,wide curve,other
6916955,2022-08-10T08:30:00Z,2022-09-16T10:53:00Z,สมุทรสาคร,Samut Sakhon,department of highways,สะพานข้ามแม่น้ำท่าจีนฝั่งตะวันตก - นาโคก,4-wheel pickup truck,speeding,rollover/fallen on straight road,1,0,1,clear,13.52293346,100.1797959,straight road,no slope
6707553,2022-08-10T14:11:00Z,2022-08-12T11:18:00Z,สมุทรปราการ,Samut Prakan,department of highways,แขวงคลองสองต้นนุ่น - พิมพา,private/passenger car,speeding,rear-end collision,2,0,1,clear,13.68377276,100.8330613,straight road,no slope
7561651,2022-08-10T14:40:00Z,2023-01-17T11:49:00Z,กรุงเทพมหานคร,Bangkok,department of highways,ดาวคะนอง -  แสมดำ,private/passenger car,speeding,rear-end collision,3,0,1,clear,13.65301903,100.4247245,straight road,no slope
6809408,2022-08-10T16:25:00Z,2022-08-30T14:03:00Z,กรุงเทพมหานคร,Bangkok,department of highways,บางปะอิน - แขวงรามอินทรา,private/passenger car,speeding,rear-end collision,3,0,1,clear,13.86650738,100.6777614,straight road,no slope
6772238,2022-08-10T16:39:00Z,2022-08-23T15:23:00Z,สมุทรปราการ,Samut Prakan,department of highways,แขวงคลองสองต้นนุ่น - พิมพา,4-wheel pickup truck,speeding,rollover/fallen on straight road,1,0,0,clear,13.67236568,100.8402336,straight road,no slope
7441222,2022-08-10T17:50:00Z,2022-12-08T09:50:00Z,กรุงเทพมหานคร,Bangkok,department of highways,ไม่ทราบ,private/passenger car,speeding,rear-end collision,2,0,0,clear,13.64003611,100.4075275,straight road,no slope
6700854,2022-08-10T22:40:00Z,2022-08-11T08:52:00Z,กรุงเทพมหานคร,Bangkok,department of highways,แขวงรามอินทรา - บางพลี,private/passenger car,speeding,rear-end collision,3,0,3,clear,13.73043516,100.701397,other,other
6740538,2022-08-10T23:50:00Z,2022-08-18T10:12:00Z,สมุทรปราการ,Samut Prakan,department of highways,ทางเข้าท่าอากาศยานสุวรรณภูมิ - บางวัว,4-wheel pickup truck,falling asleep,rollover/fallen on straight road,1,0,1,clear,13.58315671,100.8615437,straight road,no slope
7564276,2022-08-11T02:20:00Z,2023-01-19T12:04:00Z,สมุทรสาคร,Samut Sakhon,department of highways,สะพานข้ามแม่น้ำท่าจีนฝั่งตะวันตก - นาโคก,large truck with trailer,falling asleep,rollover/fallen on straight road,1,0,0,clear,13.53994907,100.2302885,straight road,no slope
6755559,2022-08-11T05:40:00Z,2022-08-20T15:16:00Z,ปทุมธานี,Pathum Thani,department of highways,บางปะอิน - แขวงรามอินทรา,private/passenger car,speeding,rear-end collision,2,0,1,clear,13.92621295,100.7063484,straight road,no slope
6809490,2022-08-11T10:34:00Z,2022-08-30T14:25:00Z,กรุงเทพมหานคร,Bangkok,department of highways,แขวงคลองสองต้นนุ่น - พิมพา,4-wheel pickup truck,speeding,rollover/fallen on straight road,1,0,0,clear,13.70662955,100.8218148,straight road,no slope
6740510,2022-08-11T15:00:00Z,2022-08-18T10:05:00Z,สมุทรปราการ,Samut Prakan,department of highways,ทางเข้าท่าอากาศยานสุวรรณภูมิ - บางวัว,6-wheel truck,speeding,rollover/fallen on straight road,1,0,0,clear,13.57900082,100.8801555,straight road,no slope
7561326,2022-08-11T17:10:00Z,2023-01-17T08:44:00Z,กรุงเทพมหานคร,Bangkok,department of highways,อรุณอมรินทร์ - พุทธมณฑลสาย 4,motorcycle,cutting in closely by people/vehicles/animals,rear-end collision,2,0,1,clear,13.78247833,100.4159788,other,other
6708007,2022-08-11T17:41:00Z,2022-08-12T13:05:00Z,ปทุมธานี,Pathum Thani,department of highways,บางปะอิน - แขวงรามอินทรา,4-wheel pickup truck,speeding,rear-end collision,2,0,0,clear,13.95639965,100.7126731,straight road,no slope
6740511,2022-08-11T20:10:00Z,2022-08-18T10:06:00Z,สมุทรปราการ,Samut Prakan,department of highways,ทางเข้าท่าอากาศยานสุวรรณภูมิด้านถนนบางนา - บางวัว,4-wheel pickup truck,vehicle equipment failure,other,1,0,0,clear,13.62630174,100.7365608,straight road,no slope
7561213,2022-08-12T01:30:00Z,2023-01-17T07:11:00Z,กรุงเทพมหานคร,Bangkok,department of highways,อรุณอมรินทร์ - พุทธมณฑลสาย 4,private/passenger car,cutting in closely by people/vehicles/animals,rear-end collision,3,0,1,clear,13.78608852,100.377354,straight road,no slope
6809423,2022-08-12T03:10:00Z,2022-08-30T14:05:00Z,กรุงเทพมหานคร,Bangkok,department of highways,แขวงรามอินทรา - บางพลี,large truck with trailer,vehicle equipment failure,rollover/fallen on straight road,1,0,0,clear,13.75899296,100.6975454,straight road,no slope
6809513,2022-08-12T03:23:00Z,2022-08-30T14:27:00Z,ปทุมธานี,Pathum Thani,department of highways,บางปะอิน - แขวงรามอินทรา,large truck with trailer,speeding,rear-end collision,2,0,0,clear,14.13480177,100.6676629,straight road,no slope
7561276,2022-08-12T10:30:00Z,2023-01-17T08:14:00Z,กรุงเทพมหานคร,Bangkok,department of highways,อรุณอมรินทร์ - พุทธมณฑลสาย 4,private/passenger car,cutting in closely by people/vehicles/animals,rear-end collision,2,0,1,clear,13.78387691,100.3992462,straight road,no slope
6771882,2022-08-12T11:10:00Z,2022-08-23T14:05:00Z,กรุงเทพมหานคร,Bangkok,department of highways,แขวงคลองสองต้นนุ่น - พิมพา,4-wheel pickup truck,speeding,rear-end collision,3,0,0,clear,13.73178223,100.7660866,straight road,no slope
6723556,2022-08-12T13:06:00Z,2022-08-15T10:56:00Z,สมุทรปราการ,Samut Prakan,department of highways,แขวงคลองสองต้นนุ่น - พิมพา,private/passenger car,speeding,rear-end collision,2,0,0,clear,13.66644952,100.8494121,straight road,no slope
6723491,2022-08-12T14:46:00Z,2022-08-15T10:43:00Z,สมุทรปราการ,Samut Prakan,department of highways,แขวงคลองสองต้นนุ่น - พิมพา,private/passenger car,speeding,rear-end collision,4,0,0,clear,13.66595694,100.8501765,straight road,no slope
7564278,2022-08-12T15:10:00Z,2023-01-19T12:05:00Z,สมุทรสาคร,Samut Sakhon,department of highways,สะพานข้ามแม่น้ำท่าจีนฝั่งตะวันตก - นาโคก,4-wheel pickup truck,speeding,rear-end collision,4,0,0,clear,13.54413172,100.25184,wide curve,no slope
6734460,2022-08-12T18:55:00Z,2022-08-17T09:43:00Z,ปทุมธานี,Pathum Thani,department of highways,บางปะอิน - แขวงรามอินทรา,large truck with trailer,speeding,rollover/fallen on straight road,1,0,2,rainy,13.9755181,100.7132283,straight road,no slope
7561336,2022-08-12T19:30:00Z,2023-01-17T08:45:00Z,กรุงเทพมหานคร,Bangkok,department of highways,อรุณอมรินทร์ - พุทธมณฑลสาย 4,4-wheel pickup truck,speeding,rear-end collision,2,0,0,clear,13.78216414,100.4163292,straight road,no slope
7564275,2022-08-13T00:05:00Z,2023-01-19T12:03:00Z,สมุทรสาคร,Samut Sakhon,department of highways,แสมดำ - สะพานข้ามแม่น้ำท่าจีนฝั่งตะวันตก,7-10-wheel truck,speeding,rear-end collision,2,0,0,clear,13.59729507,100.3649112,straight road,no slope
6723422,2022-08-13T07:21:00Z,2022-08-15T10:29:00Z,กรุงเทพมหานคร,Bangkok,department of highways,แขวงคลองสองต้นนุ่น - พิมพา,4-wheel pickup truck,speeding,rear-end collision,2,0,0,clear,13.7297082,100.7535821,straight road,no slope
6723252,2022-08-13T10:49:00Z,2022-08-15T09:53:00Z,กรุงเทพมหานคร,Bangkok,department of highways,ถนนศรีนครินทร - แขวงคลองสองต้นนุ่น,private/passenger car,speeding,rear-end collision,4,0,1,clear,13.73173012,100.711686,straight road,no slope
7561800,2022-08-13T15:30:00Z,2023-01-17T14:46:00Z,นนทบุรี,Nonthaburi,department of highways,คลองบางไผ่ - คลองบางหลวง,private/passenger car,speeding,rollover/fallen on straight road,1,0,0,clear,13.90191963,100.407325,straight road,no slope
7561324,2022-08-13T15:40:00Z,2023-01-17T08:40:00Z,กรุงเทพมหานคร,Bangkok,department of highways,อรุณอมรินทร์ - พุทธมณฑลสาย 4,other,speeding,rollover/fallen on straight road,1,0,0,clear,13.78268648,100.4141135,straight road,no slope
7561617,2022-08-13T21:50:00Z,2023-01-17T11:13:00Z,กรุงเทพมหานคร,Bangkok,department of highways,บางแค - คลองมหาสวัสดิ์,private/passenger car,speeding,rear-end collision,2,0,1,clear,13.68883892,100.4070032,straight road,no slope
6788799,2022-08-13T22:45:00Z,2022-08-26T10:38:00Z,สมุทรปราการ,Samut Prakan,expressway authority of thailand,บางพลี-สุขสวัสดิ์,6-wheel truck,other,rear-end collision,2,0,5,clear,13.636556,100.545459,grade-separated intersection/ramps,other
6808767,2022-08-13T23:30:00Z,2022-08-30T11:03:00Z,สมุทรปราการ,Samut Prakan,department of highways,แขวงรามอินทรา - บางพลี,private/passenger car,speeding,rollover/fallen on straight road,1,0,0,clear,13.65326664,100.6895926,straight road,no slope
6910004,2022-08-13T23:40:00Z,2022-09-15T10:30:00Z,ปทุมธานี,Pathum Thani,department of highways,วัดนาบุญ - คลอง 14,4-wheel pickup truck,speeding,rollover/fallen on straight road,1,0,1,clear,14.06348935,100.8550072,straight road,no slope
6723372,2022-08-14T13:11:00Z,2022-08-15T10:16:00Z,สมุทรปราการ,Samut Prakan,department of highways,แขวงคลองสองต้นนุ่น - พิมพา,private/passenger car,speeding,rear-end collision,2,0,0,clear,13.65906063,100.8608812,straight road,no slope
6845280,2022-08-14T13:47:00Z,2022-09-05T09:59:00Z,กรุงเทพมหานคร,Bangkok,expressway authority of thailand,แจ้งวัฒนะ-พญาไท,other,other,side collision,1,0,0,clear,NA,NA,other,other
6788712,2022-08-14T17:18:00Z,2022-08-26T10:18:00Z,สมุทรปราการ,Samut Prakan,expressway authority of thailand,บางนา-ชลบุรี,other,other,rear-end collision,4,0,0,clear,13.59026,100.825906,straight road,other
6729066,2022-08-14T17:30:00Z,2022-08-16T10:47:00Z,กรุงเทพมหานคร,Bangkok,department of rural roads,สะพานภูมิพลที่ 1 ไปสะพานภูมิพลที่ 2,motorcycle,tailgating,other,2,0,1,clear,13.669686,100.538583,straight road,slope area
7561287,2022-08-14T17:40:00Z,2023-01-17T08:17:00Z,กรุงเทพมหานคร,Bangkok,department of highways,อรุณอมรินทร์ - พุทธมณฑลสาย 4,large passenger vehicle,speeding,rear-end collision,2,0,0,clear,13.78346142,100.403472,straight road,no slope
6729092,2022-08-14T22:22:00Z,2022-08-16T10:55:00Z,กรุงเทพมหานคร,Bangkok,expressway authority of thailand,พญาไท-บางโคล่,other,other,side collision,2,0,0,clear,13.76340725,100.526268,straight road,other
6788707,2022-08-14T22:50:00Z,2022-08-26T10:17:00Z,สมุทรปราการ,Samut Prakan,expressway authority of thailand,บางนา-ชลบุรี,6-wheel truck,other,rear-end collision,3,0,0,clear,13.60833,100.766925,straight road,other
6729067,2022-08-15T02:13:00Z,2022-08-16T10:48:00Z,กรุงเทพมหานคร,Bangkok,department of rural roads,สะพานภูมิพลที่ 1 ไปสะพานภูมิพลที่ 2,private/passenger car,speeding,other,2,0,2,clear,13.672324,100.538753,straight road,slope area
6916935,2022-08-15T06:10:00Z,2022-09-16T10:49:00Z,สมุทรสาคร,Samut Sakhon,department of highways,แสมดำ - สะพานข้ามแม่น้ำท่าจีนฝั่งตะวันตก,private/passenger car,speeding,rear-end collision,3,0,0,clear,13.58745332,100.3236964,other,other
6723229,2022-08-15T06:53:00Z,2022-08-15T09:49:00Z,กรุงเทพมหานคร,Bangkok,department of highways,แขวงคลองสองต้นนุ่น - พิมพา,private/passenger car,speeding,rear-end collision,2,0,0,clear,13.72998439,100.7581177,straight road,no slope
7560697,2022-08-15T09:35:00Z,2023-01-16T11:13:00Z,กรุงเทพมหานคร,Bangkok,department of highways,ดินแดง - งามวงศ์วาน,motorcycle,failure to yield/signal,rear-end collision,2,0,1,clear,13.83577593,100.5571948,straight road,no slope
6846546,2022-08-15T10:00:00Z,2022-09-05T14:47:00Z,ปทุมธานี,Pathum Thani,department of highways,บางบัวทอง - บางคูวัด,other,speeding,rollover/fallen on straight road,1,0,0,clear,13.95800571,100.5019802,other,other
6729788,2022-08-15T11:58:00Z,2022-08-16T13:51:00Z,ปทุมธานี,Pathum Thani,department of highways,บางปะอิน - แขวงรามอินทรา,4-wheel pickup truck,speeding,rear-end collision,2,0,0,clear,13.96916455,100.7128957,straight road,no slope
7561621,2022-08-15T16:10:00Z,2023-01-17T11:17:00Z,กรุงเทพมหานคร,Bangkok,department of highways,บางแค - คลองมหาสวัสดิ์,private/passenger car,speeding,collision with obstruction (on road surface),2,0,1,clear,13.68691827,100.4073827,straight road,no slope
6740488,2022-08-15T17:00:00Z,2022-08-18T10:03:00Z,สมุทรสาคร,Samut Sakhon,department of highways,สะพานข้ามแม่น้ำท่าจีนฝั่งตะวันตก - นาโคก,large truck with trailer,cutting in closely by people/vehicles/animals,rear-end collision,2,0,0,rainy,13.54413433,100.25184,straight road,no slope
6916932,2022-08-15T17:10:00Z,2022-09-16T10:46:00Z,สมุทรสาคร,Samut Sakhon,department of highways,สะพานข้ามแม่น้ำท่าจีนฝั่งตะวันตก - นาโคก,private/passenger car,speeding,rear-end collision,2,0,0,clear,13.54464803,100.2554691,other,other
7565268,2022-08-15T18:30:00Z,2023-01-20T09:45:00Z,กรุงเทพมหานคร,Bangkok,department of highways,บางแค - คลองมหาสวัสดิ์,4-wheel pickup truck,speeding,rollover/fallen on straight road,1,0,0,rainy,13.76696226,100.4075329,straight road,no slope
7561618,2022-08-15T19:30:00Z,2023-01-17T11:19:00Z,กรุงเทพมหานคร,Bangkok,department of highways,บางแค - คลองมหาสวัสดิ์,private/passenger car,speeding,rear-end collision,3,0,0,clear,13.76409137,100.4066572,straight road,no slope
6730208,2022-08-15T20:03:00Z,2022-08-16T15:31:00Z,กรุงเทพมหานคร,Bangkok,department of highways,บางปะอิน - แขวงรามอินทรา,private/passenger car,speeding,rear-end collision,4,0,1,clear,13.89563435,100.6925189,straight road,no slope
6981795,2022-08-15T20:30:00Z,2022-09-26T08:40:00Z,ปทุมธานี,Pathum Thani,department of highways,คลองบางหลวง - ต่างระดับเชียงรากน้อย,4-wheel pickup truck,speeding,rollover/fallen on curved road,1,0,0,rainy,14.03202343,100.4518765,other,other
6809315,2022-08-15T20:36:00Z,2022-08-30T13:35:00Z,กรุงเทพมหานคร,Bangkok,department of highways,บางปะอิน - แขวงรามอินทรา,large truck with trailer,speeding,rear-end collision,2,0,1,rainy,13.86730682,100.6779921,straight road,no slope
7561310,2022-08-15T20:45:00Z,2023-01-17T08:39:00Z,กรุงเทพมหานคร,Bangkok,department of highways,อรุณอมรินทร์ - พุทธมณฑลสาย 4,private/passenger car,speeding,rear-end collision,2,0,0,clear,13.78269664,100.4140224,straight road,no slope
6740482,2022-08-15T23:00:00Z,2022-08-18T10:04:00Z,สมุทรปราการ,Samut Prakan,department of highways,ราษฎร์บูรณะ - พระสมุทรเจดีย์,private/passenger car,speeding,rollover/fallen on straight road,1,0,1,clear,13.60386209,100.5561447,straight road,no slope
6808768,2022-08-16T00:30:00Z,2022-08-30T11:04:00Z,กรุงเทพมหานคร,Bangkok,department of highways,แขวงคลองสองต้นนุ่น - พิมพา,private/passenger car,speeding,rollover/fallen on straight road,1,0,1,rainy,13.73003911,100.7263389,straight road,no slope
6727350,2022-08-16T00:39:00Z,2022-08-16T01:44:00Z,กรุงเทพมหานคร,Bangkok,expressway authority of thailand,พญาไท-บางโคล่,other,other,rear-end collision,2,0,0,rainy,13.74018529,100.5199841,straight road,other
6809359,2022-08-16T01:30:00Z,2022-08-30T13:46:00Z,กรุงเทพมหานคร,Bangkok,department of highways,แขวงรามอินทรา - บางพลี,4-wheel pickup truck,speeding,rollover/fallen on straight road,1,0,1,rainy,13.77740609,100.6873584,straight road,no slope
6788724,2022-08-16T09:24:00Z,2022-08-26T10:21:00Z,สมุทรปราการ,Samut Prakan,expressway authority of thailand,บางนา-ชลบุรี,other,other,rear-end collision,2,0,0,clear,13.613801,100.753244,straight road,other
6809365,2022-08-16T17:30:00Z,2022-08-30T13:49:00Z,ปทุมธานี,Pathum Thani,department of highways,บางปะอิน - แขวงรามอินทรา,4-wheel pickup truck,speeding,rear-end collision,2,0,1,clear,14.06260733,100.6969151,straight road,no slope
6788649,2022-08-17T08:25:00Z,2022-08-26T10:02:00Z,กรุงเทพมหานคร,Bangkok,expressway authority of thailand,รามอินทรา-อาจณรงค์,other,other,rear-end collision,3,0,1,clear,NA,NA,wide curve,other
7441479,2022-08-17T08:30:00Z,2022-12-08T10:06:00Z,กรุงเทพมหานคร,Bangkok,department of highways,ไม่ทราบ,private/passenger car,speeding,rear-end collision,2,0,0,clear,13.67825302,100.4650891,straight road,no slope
7561359,2022-08-17T09:00:00Z,2023-01-17T08:55:00Z,กรุงเทพมหานคร,Bangkok,department of highways,อรุณอมรินทร์ - พุทธมณฑลสาย 4,other,speeding,rollover/fallen on straight road,1,0,0,clear,13.78129538,100.4276964,straight road,no slope
7561202,2022-08-17T09:10:00Z,2023-01-17T07:07:00Z,กรุงเทพมหานคร,Bangkok,department of highways,อรุณอมรินทร์ - พุทธมณฑลสาย 4,private/passenger car,speeding,rear-end collision,4,0,0,clear,13.78654699,100.3757541,straight road,no slope
7561572,2022-08-17T11:00:00Z,2023-01-17T10:49:00Z,กรุงเทพมหานคร,Bangkok,department of highways,อรุณอมรินทร์ - พุทธมณฑลสาย 4,motorcycle,speeding,rear-end collision,2,0,1,clear,13.78103488,100.4471478,straight road,no slope
6916913,2022-08-17T14:00:00Z,2022-09-16T10:40:00Z,สมุทรสาคร,Samut Sakhon,department of highways,สะพานข้ามแม่น้ำท่าจีนฝั่งตะวันตก - นาโคก,4-wheel pickup truck,speeding,rear-end collision,2,0,0,clear,13.53525784,100.2163598,straight road,no slope
6916898,2022-08-17T16:30:00Z,2022-09-16T10:39:00Z,สมุทรสาคร,Samut Sakhon,department of highways,แสมดำ - สะพานข้ามแม่น้ำท่าจีนฝั่งตะวันตก,4-wheel pickup truck,speeding,rear-end collision,2,0,0,clear,13.59009694,100.3305146,straight road,no slope
6737410,2022-08-17T20:20:00Z,2022-08-17T21:14:00Z,นนทบุรี,Nonthaburi,expressway authority of thailand,แจ้งวัฒนะ-พญาไท,other,other,collision with obstruction (on road surface),1,0,0,clear,13.850065,100.5333966,straight road,other
6916911,2022-08-17T22:30:00Z,2022-09-16T10:43:00Z,สมุทรสาคร,Samut Sakhon,department of highways,สะพานข้ามแม่น้ำท่าจีนฝั่งตะวันตก - นาโคก,4-wheel pickup truck,speeding,rear-end collision,2,0,0,clear,13.53188343,100.2063444,straight road,no slope
6808737,2022-08-17T23:36:00Z,2022-08-30T10:54:00Z,กรุงเทพมหานคร,Bangkok,department of highways,ถนนศรีนครินทร - แขวงคลองสองต้นนุ่น,van,debris/obstruction on the road,collision with obstruction (on road surface),1,0,0,clear,13.7368682,100.6666034,straight road,no slope
6746614,2022-08-18T03:50:00Z,2022-08-19T11:23:00Z,กรุงเทพมหานคร,Bangkok,department of highways,แขวงรามอินทรา - บางพลี,4-wheel pickup truck,speeding,rear-end collision,2,0,0,clear,13.70007321,100.6995544,straight road,no slope
6788657,2022-08-18T07:21:00Z,2022-08-26T10:03:00Z,กรุงเทพมหานคร,Bangkok,expressway authority of thailand,รามอินทรา-อาจณรงค์,other,other,rear-end collision,4,0,0,clear,13.81731,100.623894,straight road,other
7565270,2022-08-18T10:00:00Z,2023-01-20T09:42:00Z,กรุงเทพมหานคร,Bangkok,department of highways,อรุณอมรินทร์ - พุทธมณฑลสาย 4,other,speeding,rollover/fallen on straight road,1,0,0,clear,13.78032241,100.4333036,straight road,no slope
6845609,2022-08-18T10:48:00Z,2022-09-05T11:06:00Z,สมุทรปราการ,Samut Prakan,expressway authority of thailand,บางพลี-สุขสวัสดิ์,4-wheel pickup truck,other,rear-end collision,3,0,0,clear,13.626399,100.595699,straight road,other
6808736,2022-08-18T12:29:00Z,2022-08-30T10:51:00Z,กรุงเทพมหานคร,Bangkok,department of highways,แขวงคลองสองต้นนุ่น - พิมพา,4-wheel pickup truck,vehicle equipment failure,rollover/fallen on straight road,1,0,1,clear,13.73382497,100.7987425,straight road,no slope
6745706,2022-08-18T12:50:00Z,2022-08-19T08:38:00Z,กรุงเทพมหานคร,Bangkok,department of highways,บางปะอิน - แขวงรามอินทรา,4-wheel pickup truck,speeding,rear-end collision,2,0,0,clear,13.88191498,100.6853708,straight road,no slope
6827927,2022-08-18T13:05:00Z,2022-09-02T10:22:00Z,กรุงเทพมหานคร,Bangkok,expressway authority of thailand,บางปะอิน-แจ้งวัฒนะ,other,other,rear-end collision,1,0,0,clear,NA,NA,straight road,other
6746735,2022-08-18T16:00:00Z,2022-08-19T11:45:00Z,กรุงเทพมหานคร,Bangkok,department of highways,ถนนศรีนครินทร - แขวงคลองสองต้นนุ่น,private/passenger car,speeding,rear-end collision,7,0,0,clear,13.74082329,100.644384,straight road,no slope
6827933,2022-08-18T18:39:00Z,2022-09-02T10:23:00Z,นนทบุรี,Nonthaburi,expressway authority of thailand,แจ้งวัฒนะ-พญาไท,other,other,rear-end collision,4,0,2,clear,13.86987625,100.5346613,straight road,other
6747444,2022-08-18T19:40:00Z,2022-08-19T14:46:00Z,กรุงเทพมหานคร,Bangkok,department of highways,แขวงรามอินทรา - บางพลี,7-10-wheel truck,speeding,rear-end collision,3,0,4,clear,13.69915593,100.6997663,straight road,no slope
6808754,2022-08-18T21:59:00Z,2022-08-30T10:55:00Z,สมุทรปราการ,Samut Prakan,department of highways,แขวงคลองสองต้นนุ่น - พิมพา,private/passenger car,speeding,rear-end collision,2,0,2,clear,13.7025514,100.8238318,straight road,no slope
6747780,2022-08-18T22:35:00Z,2022-08-19T15:04:00Z,กรุงเทพมหานคร,Bangkok,department of highways,แขวงรามอินทรา - บางพลี,4-wheel pickup truck,speeding,rollover/fallen on straight road,1,0,1,rainy,13.70552729,100.6998119,straight road,no slope
6745972,2022-08-19T07:30:00Z,2022-08-19T09:20:00Z,กรุงเทพมหานคร,Bangkok,department of highways,บางปะอิน - แขวงรามอินทรา,private/passenger car,speeding,rear-end collision,2,0,0,clear,13.88678416,100.6878921,straight road,no slope
6748253,2022-08-19T11:20:00Z,2022-08-19T15:20:00Z,สมุทรปราการ,Samut Prakan,department of highways,แขวงรามอินทรา - บางพลี,large truck with trailer,speeding,rear-end collision,3,0,0,clear,13.65701985,100.6920737,straight road,no slope
6916756,2022-08-19T12:10:00Z,2022-09-16T10:10:00Z,สมุทรสาคร,Samut Sakhon,department of highways,แสมดำ - สะพานข้ามแม่น้ำท่าจีนฝั่งตะวันตก,private/passenger car,speeding,rear-end collision,4,0,2,clear,13.59257368,100.3546733,straight road,no slope
6917156,2022-08-19T14:23:00Z,2022-09-16T11:41:00Z,สมุทรสาคร,Samut Sakhon,department of highways,แสมดำ - สะพานข้ามแม่น้ำท่าจีนฝั่งตะวันตก,private/passenger car,speeding,rear-end collision,2,0,0,clear,13.59219305,100.3360748,straight road,no slope
6771956,2022-08-19T14:36:00Z,2022-08-23T14:26:00Z,สมุทรปราการ,Samut Prakan,department of highways,แขวงคลองสองต้นนุ่น - พิมพา,private/passenger car,speeding,rear-end collision,7,0,0,clear,13.66595694,100.8501765,straight road,no slope
6806537,2022-08-19T15:10:00Z,2022-08-29T15:01:00Z,ปทุมธานี,Pathum Thani,department of highways,บางปะอิน - แขวงรามอินทรา,4-wheel pickup truck,speeding,rear-end collision,2,0,0,clear,14.03817489,100.6981087,straight road,no slope
6846321,2022-08-19T15:55:00Z,2022-09-05T14:04:00Z,กรุงเทพมหานคร,Bangkok,expressway authority of thailand,พญาไท-บางโคล่,other,other,other,1,0,0,clear,NA,NA,grade-separated intersection/ramps,other
6771866,2022-08-19T16:15:00Z,2022-08-23T14:04:00Z,กรุงเทพมหานคร,Bangkok,department of highways,แขวงคลองสองต้นนุ่น - พิมพา,private/passenger car,speeding,rear-end collision,3,0,0,clear,13.72983067,100.7563072,straight road,no slope
6759608,2022-08-19T16:29:00Z,2022-08-21T09:24:00Z,กรุงเทพมหานคร,Bangkok,department of highways,ถนนศรีนครินทร - แขวงคลองสองต้นนุ่น,4-wheel pickup truck,speeding,rear-end collision,2,0,1,clear,13.73240235,100.7035938,straight road,no slope
6788539,2022-08-19T17:00:00Z,2022-08-26T09:38:00Z,กรุงเทพมหานคร,Bangkok,expressway authority of thailand,ดาวคะนอง-ท่าเรือ,other,other,other,1,0,0,clear,NA,NA,y-intersection,other
6788848,2022-08-19T17:26:00Z,2022-08-26T10:46:00Z,สมุทรปราการ,Samut Prakan,expressway authority of thailand,บางพลี-สุขสวัสดิ์,4-wheel pickup truck,other,rear-end collision,5,0,2,clear,13.627777,100.593292,grade-separated intersection/ramps,other
6759738,2022-08-19T17:48:00Z,2022-08-21T09:50:00Z,กรุงเทพมหานคร,Bangkok,department of highways,ถนนศรีนครินทร - แขวงคลองสองต้นนุ่น,6-wheel truck,speeding,rear-end collision,2,0,0,clear,13.74146423,100.6423563,straight road,no slope
6788841,2022-08-19T18:53:00Z,2022-08-26T10:45:00Z,กรุงเทพมหานคร,Bangkok,expressway authority of thailand,บางพลี-สุขสวัสดิ์,other,other,rear-end collision,3,0,0,clear,NA,NA,other,other
6845538,2022-08-19T19:22:00Z,2022-09-05T10:54:00Z,กรุงเทพมหานคร,Bangkok,expressway authority of thailand,ดินแดง-ท่าเรือ,other,other,rear-end collision,2,0,0,clear,13.73970861,100.5510253,straight road,other
7561574,2022-08-19T19:50:00Z,2023-01-17T10:50:00Z,กรุงเทพมหานคร,Bangkok,department of highways,อรุณอมรินทร์ - พุทธมณฑลสาย 4,motorcycle,speeding,rear-end collision,3,0,1,clear,13.78410094,100.4572061,straight road,no slope
7565182,2022-08-19T20:30:00Z,2023-01-20T09:12:00Z,ปทุมธานี,Pathum Thani,department of highways,ต่างระดับคลองหลวง - ประตูน้ำพระอินทร์,4-wheel pickup truck,cutting in closely by people/vehicles/animals,rear-end collision,2,0,0,clear,14.0767322,100.6178114,straight road,no slope
6822354,2022-08-20T00:27:00Z,2022-09-01T12:57:00Z,กรุงเทพมหานคร,Bangkok,expressway authority of thailand,แจ้งวัฒนะ-พญาไท,other,other,collision with obstruction (on road surface),1,0,0,clear,13.79970872,100.540181,wide curve,other
7564994,2022-08-20T01:00:00Z,2023-01-20T06:53:00Z,สมุทรปราการ,Samut Prakan,department of highways,ทางเข้าท่าอากาศยานสุวรรณภูมิ - บางวัว,motorcycle,speeding,rear-end collision,2,0,2,clear,13.59292304,100.8127396,straight road,no slope
6752829,2022-08-20T02:04:00Z,2022-08-20T03:22:00Z,กรุงเทพมหานคร,Bangkok,expressway authority of thailand,แจ้งวัฒนะ-พญาไท,other,other,rear-end collision,2,0,0,clear,13.79279042,100.5382282,straight road,other
6788663,2022-08-20T02:42:00Z,2022-08-26T10:04:00Z,กรุงเทพมหานคร,Bangkok,expressway authority of thailand,รามอินทรา-อาจณรงค์,other,other,rear-end collision,2,0,4,other,13.794531,100.612283,straight road,other
6916742,2022-08-20T03:20:00Z,2022-09-16T10:08:00Z,สมุทรสาคร,Samut Sakhon,department of highways,แสมดำ - สะพานข้ามแม่น้ำท่าจีนฝั่งตะวันตก,7-10-wheel truck,speeding,rollover/fallen on straight road,1,0,0,clear,13.59264668,100.3583184,other,other
7561218,2022-08-20T08:15:00Z,2023-01-17T07:15:00Z,กรุงเทพมหานคร,Bangkok,department of highways,อรุณอมรินทร์ - พุทธมณฑลสาย 4,motorcycle,speeding,rear-end collision,2,0,1,clear,13.78577723,100.3799973,straight road,no slope
6771824,2022-08-20T11:14:00Z,2022-08-23T13:51:00Z,สมุทรปราการ,Samut Prakan,department of highways,แขวงคลองสองต้นนุ่น - พิมพา,4-wheel pickup truck,speeding,rear-end collision,2,0,0,clear,13.67564947,100.8371571,straight road,no slope
7564284,2022-08-20T11:50:00Z,2023-01-19T13:05:00Z,สมุทรสาคร,Samut Sakhon,department of highways,แสมดำ - สะพานข้ามแม่น้ำท่าจีนฝั่งตะวันตก,4-wheel pickup truck,vehicle equipment failure,rear-end collision,2,0,0,clear,13.57270687,100.293315,other,other
6788992,2022-08-20T12:44:00Z,2022-08-26T11:11:00Z,กรุงเทพมหานคร,Bangkok,department of highways,แขวงคลองสองต้นนุ่น - พิมพา,private/passenger car,speeding,rear-end collision,2,0,0,clear,13.72787909,100.8112335,straight road,no slope
7527314,2022-08-20T15:40:00Z,2022-12-31T10:35:00Z,กรุงเทพมหานคร,Bangkok,department of highways,บางแค - คลองมหาสวัสดิ์,private/passenger car,speeding,rear-end collision,2,0,1,clear,13.76976669,100.4078762,straight road,no slope
6808555,2022-08-20T18:30:00Z,2022-08-30T10:16:00Z,ปทุมธานี,Pathum Thani,department of highways,บางปะอิน - แขวงรามอินทรา,4-wheel pickup truck,vehicle equipment failure,rollover/fallen on straight road,1,0,0,clear,14.14341353,100.6623709,straight road,no slope
6802941,2022-08-20T19:52:00Z,2022-08-28T23:10:00Z,กรุงเทพมหานคร,Bangkok,expressway authority of thailand,ดินแดง-ท่าเรือ,4-wheel pickup truck,other,rear-end collision,3,0,0,clear,13.73961675,100.5507647,straight road,other
6803038,2022-08-20T19:52:00Z,2022-08-28T23:34:00Z,กรุงเทพมหานคร,Bangkok,expressway authority of thailand,ดินแดง-ท่าเรือ,other,other,rear-end collision,3,0,0,clear,13.73961675,100.5507647,straight road,other
6759825,2022-08-20T19:55:00Z,2022-08-21T10:11:00Z,กรุงเทพมหานคร,Bangkok,department of highways,แขวงรามอินทรา - บางพลี,4-wheel pickup truck,speeding,rear-end collision,3,0,1,rainy,13.80785178,100.6786358,straight road,no slope
6808501,2022-08-20T21:04:00Z,2022-08-30T10:06:00Z,กรุงเทพมหานคร,Bangkok,department of highways,แขวงคลองสองต้นนุ่น - พิมพา,private/passenger car,speeding,rollover/fallen on straight road,1,0,0,clear,13.72979679,100.7554006,wide curve,no slope
7561277,2022-08-20T22:41:00Z,2023-01-17T08:12:00Z,กรุงเทพมหานคร,Bangkok,department of highways,อรุณอมรินทร์ - พุทธมณฑลสาย 4,motorcycle,speeding,collision with obstruction (on road surface),2,0,1,clear,13.78527317,100.3890458,other,other
7443177,2022-08-20T22:50:00Z,2022-12-08T10:13:00Z,กรุงเทพมหานคร,Bangkok,department of highways,ไม่ทราบ,private/passenger car,speeding,rear-end collision,2,0,0,clear,13.67800023,100.4647042,straight road,no slope
6803011,2022-08-21T00:51:00Z,2022-08-28T23:26:00Z,กรุงเทพมหานคร,Bangkok,expressway authority of thailand,ดาวคะนอง-ท่าเรือ,large truck with trailer,other,rear-end collision,2,0,2,clear,13.70420609,100.5436327,straight road,other
6821209,2022-08-21T01:50:00Z,2022-09-01T09:00:00Z,กรุงเทพมหานคร,Bangkok,department of rural roads,สะพานภูมิพลที่ 2 ไปสะพานภูมิพลที่ 1,private/passenger car,speeding,other,3,0,1,clear,13.685809,100.547662,four-way intersection,other
6806530,2022-08-21T02:07:00Z,2022-08-29T14:57:00Z,กรุงเทพมหานคร,Bangkok,department of highways,บางปะอิน - แขวงรามอินทรา,4-wheel pickup truck,speeding,rollover/fallen on straight road,1,0,0,clear,13.83200388,100.6739473,straight road,no slope
6806529,2022-08-21T03:01:00Z,2022-08-29T14:56:00Z,กรุงเทพมหานคร,Bangkok,department of highways,ถนนศรีนครินทร - แขวงคลองสองต้นนุ่น,motorcycle,speeding,rear-end collision,2,0,1,clear,13.73752999,100.6603244,straight road,no slope
6806534,2022-08-21T08:02:00Z,2022-08-29T14:59:00Z,ปทุมธานี,Pathum Thani,department of highways,บางปะอิน - แขวงรามอินทรา,private/passenger car,speeding,rear-end collision,2,0,0,clear,14.05183032,100.6980228,straight road,no slope
6808465,2022-08-21T08:06:00Z,2022-08-30T10:05:00Z,กรุงเทพมหานคร,Bangkok,department of highways,แขวงคลองสองต้นนุ่น - พิมพา,private/passenger car,speeding,rollover/fallen on straight road,1,0,1,clear,13.73198807,100.7706329,straight road,no slope
7564291,2022-08-21T09:00:00Z,2023-01-19T13:18:00Z,สมุทรสาคร,Samut Sakhon,department of highways,สมุทรสาคร - บางบอน,4-wheel pickup truck,speeding,head-on collision (not overtaking),2,0,0,clear,13.58120913,100.315336,straight road,no slope
6806538,2022-08-21T11:15:00Z,2022-08-29T15:02:00Z,กรุงเทพมหานคร,Bangkok,department of highways,แขวงคลองสองต้นนุ่น - พิมพา,private/passenger car,speeding,rollover/fallen on straight road,1,0,0,clear,13.73183955,100.7669878,straight road,no slope
6771615,2022-08-21T16:09:00Z,2022-08-23T12:40:00Z,สมุทรปราการ,Samut Prakan,department of highways,แขวงคลองสองต้นนุ่น - พิมพา,private/passenger car,speeding,rear-end collision,2,0,0,clear,13.66841985,100.8463517,straight road,no slope
7565154,2022-08-21T16:10:00Z,2023-01-20T09:02:00Z,ปทุมธานี,Pathum Thani,department of highways,ต่างระดับรังสิต - วัดนาบุญ,4-wheel pickup truck,speeding,rollover/fallen on straight road,1,0,1,clear,13.99521014,100.6647527,other,other
6771239,2022-08-21T17:28:00Z,2022-08-23T11:19:00Z,กรุงเทพมหานคร,Bangkok,department of highways,แขวงคลองสองต้นนุ่น - พิมพา,4-wheel pickup truck,speeding,rear-end collision,4,0,0,rainy,13.72940335,100.7317623,straight road,no slope
6808503,2022-08-21T19:35:00Z,2022-08-30T10:09:00Z,กรุงเทพมหานคร,Bangkok,department of highways,แขวงรามอินทรา - บางพลี,private/passenger car,speeding,rear-end collision,2,0,1,rainy,13.80148841,100.6803739,straight road,no slope
7565170,2022-08-22T06:06:00Z,2023-01-20T09:08:00Z,ปทุมธานี,Pathum Thani,department of highways,คลองบ้านใหม่ - บางพูน,large truck with trailer,brake/anti-lock brake system failure,rollover/fallen on straight road,1,0,0,clear,13.98893261,100.550681,other,other
7439414,2022-08-22T07:30:00Z,2022-12-07T13:48:00Z,กรุงเทพมหานคร,Bangkok,department of highways,ไม่ทราบ,4-wheel pickup truck,speeding,rear-end collision,2,0,0,clear,13.77034112,100.4074216,straight road,no slope
6788856,2022-08-22T08:15:00Z,2022-08-26T10:47:00Z,สมุทรปราการ,Samut Prakan,expressway authority of thailand,บางพลี-สุขสวัสดิ์,4-wheel pickup truck,other,rear-end collision,3,0,0,clear,13.629721,100.53034,straight road,other
7561275,2022-08-22T08:30:00Z,2023-01-17T08:13:00Z,กรุงเทพมหานคร,Bangkok,department of highways,อรุณอมรินทร์ - พุทธมณฑลสาย 4,private/passenger car,speeding,rear-end collision,2,0,0,clear,13.78453988,100.3958961,straight road,no slope
6776909,2022-08-22T11:51:00Z,2022-08-24T09:42:00Z,ปทุมธานี,Pathum Thani,department of highways,บางปะอิน - แขวงรามอินทรา,4-wheel pickup truck,speeding,rear-end collision,2,0,0,clear,13.96004906,100.7127321,straight road,no slope
6806467,2022-08-22T12:55:00Z,2022-08-29T14:30:00Z,กรุงเทพมหานคร,Bangkok,department of highways,บางปะอิน - แขวงรามอินทรา,private/passenger car,vehicle equipment failure,rollover/fallen on straight road,1,0,0,clear,13.8354964,100.673604,straight road,no slope
6806315,2022-08-22T13:30:00Z,2022-08-29T13:59:00Z,สมุทรปราการ,Samut Prakan,department of highways,แขวงรามอินทรา - บางพลี,7-10-wheel truck,speeding,rollover/fallen on curved road,1,0,2,clear,13.6469069,100.6854808,other,other
6771185,2022-08-22T16:12:00Z,2022-08-23T11:07:00Z,กรุงเทพมหานคร,Bangkok,department of highways,แขวงคลองสองต้นนุ่น - พิมพา,4-wheel pickup truck,speeding,rear-end collision,4,0,0,clear,13.72953884,100.7444867,straight road,no slope
6771925,2022-08-22T19:05:00Z,2022-08-23T14:16:00Z,กรุงเทพมหานคร,Bangkok,department of rural roads,สะพานภูมิพลที่ 1 ไปสะพานภูมิพลที่ 2,private/passenger car,speeding,other,2,0,0,clear,13.673304,100.538894,straight road,slope area
6822264,2022-08-22T19:44:00Z,2022-09-01T12:39:00Z,กรุงเทพมหานคร,Bangkok,expressway authority of thailand,พญาไท-ศรีนครินทร์,other,other,rear-end collision,2,0,1,clear,13.75354188,100.5757466,straight road,other
7560696,2022-08-23T00:50:00Z,2023-01-16T11:14:00Z,กรุงเทพมหานคร,Bangkok,department of highways,ดินแดง - งามวงศ์วาน,motorcycle,speeding,rear-end collision,3,0,2,clear,13.83036139,100.5575663,other,other
6771921,2022-08-23T01:50:00Z,2022-08-23T14:16:00Z,กรุงเทพมหานคร,Bangkok,department of rural roads,สะพานภูมิพลที่ 2 ไปสะพานภูมิพลที่ 1,private/passenger car,speeding,other,3,0,0,clear,13.685856,100.547855,t-intersection,other
6806472,2022-08-23T04:35:00Z,2022-08-29T14:33:00Z,กรุงเทพมหานคร,Bangkok,department of highways,บางปะอิน - แขวงรามอินทรา,private/passenger car,speeding,rear-end collision,2,0,1,clear,13.82280487,100.6749263,straight road,no slope
6834342,2022-08-23T06:00:00Z,2022-09-03T10:28:00Z,ปทุมธานี,Pathum Thani,department of highways,ต่างระดับคลองหลวง - ประตูน้ำพระอินทร์,large passenger vehicle,speeding,rear-end collision,2,1,0,clear,14.12635876,100.6184819,straight road,no slope
6771112,2022-08-23T07:02:00Z,2022-08-23T10:49:00Z,สมุทรปราการ,Samut Prakan,department of highways,แขวงคลองสองต้นนุ่น - พิมพา,large truck with trailer,speeding,rear-end collision,2,0,0,clear,13.67088535,100.8425268,straight road,no slope
6772131,2022-08-23T07:45:00Z,2022-08-23T15:03:00Z,สมุทรปราการ,Samut Prakan,department of rural roads,ถนนวงแหวนอุตสาหกรรมเข้าสะพานภูมิพลที่ 1,motorcycle,abrupt lane change,other,2,0,1,clear,13.663979,100.528663,straight road,slope area
7561340,2022-08-23T09:00:00Z,2023-01-17T08:48:00Z,กรุงเทพมหานคร,Bangkok,department of highways,อรุณอมรินทร์ - พุทธมณฑลสาย 4,private/passenger car,speeding,rear-end collision,5,0,0,clear,13.7819831,100.4185514,straight road,no slope
6782449,2022-08-23T10:20:00Z,2022-08-25T08:33:00Z,กรุงเทพมหานคร,Bangkok,department of rural roads,สะพานภูมิพลที่ 2 ไปสะพานภูมิพลที่ 1,private/passenger car,tailgating,other,2,0,0,clear,13.685756,100.547154,straight road,no slope
6777171,2022-08-23T11:19:00Z,2022-08-24T10:38:00Z,ปทุมธานี,Pathum Thani,department of highways,บางปะอิน - แขวงรามอินทรา,large truck with trailer,speeding,rear-end collision,3,0,0,clear,14.06233934,100.6972799,straight road,no slope
6916740,2022-08-23T16:20:00Z,2022-09-16T10:07:00Z,สมุทรสาคร,Samut Sakhon,department of highways,แสมดำ - สะพานข้ามแม่น้ำท่าจีนฝั่งตะวันตก,private/passenger car,cutting in closely by people/vehicles/animals,rear-end collision,4,0,0,clear,13.59410925,100.3616363,straight road,no slope
6784432,2022-08-23T17:50:00Z,2022-08-25T15:51:00Z,สมุทรปราการ,Samut Prakan,department of rural roads,ออกจากสะพานภูมิพลที่ 2 ไปถนนวงแหวนอุตสาหกรรม,passenger pickup truck,sudden stop,other,2,0,0,clear,13.664212,100.534519,straight road,slope area
7565185,2022-08-23T19:50:00Z,2023-01-20T09:10:00Z,ปทุมธานี,Pathum Thani,department of highways,บ้านพร้าว - คลองห้า,4-wheel pickup truck,vehicle equipment failure,rollover/fallen on straight road,2,0,0,clear,14.06557079,100.6482035,other,other
6827936,2022-08-23T20:27:00Z,2022-09-02T10:24:00Z,กรุงเทพมหานคร,Bangkok,expressway authority of thailand,พญาไท-บางโคล่,other,other,collision with obstruction (on road surface),1,0,1,clear,NA,NA,straight road,other
7561204,2022-08-23T22:15:00Z,2023-01-17T07:05:00Z,กรุงเทพมหานคร,Bangkok,department of highways,อรุณอมรินทร์ - พุทธมณฑลสาย 4,private/passenger car,cutting in closely by people/vehicles/animals,rear-end collision,2,0,0,clear,13.78660382,100.3748503,straight road,no slope
6806411,2022-08-24T02:05:00Z,2022-08-29T14:17:00Z,กรุงเทพมหานคร,Bangkok,department of highways,แขวงรามอินทรา - บางพลี,private/passenger car,speeding,rollover/fallen on straight road,1,0,1,clear,13.75637728,100.6990233,straight road,no slope
6916627,2022-08-24T05:30:00Z,2022-09-16T09:43:00Z,สมุทรสาคร,Samut Sakhon,department of highways,แสมดำ - สะพานข้ามแม่น้ำท่าจีนฝั่งตะวันตก,large truck with trailer,speeding,rollover/fallen on straight road,1,0,0,clear,13.59599155,100.3636265,straight road,no slope
6916720,2022-08-24T06:59:00Z,2022-09-16T10:04:00Z,สมุทรสาคร,Samut Sakhon,department of highways,แสมดำ - สะพานข้ามแม่น้ำท่าจีนฝั่งตะวันตก,motorcycle,speeding,rear-end collision,2,1,1,clear,13.55814203,100.2717876,straight road,no slope
7561349,2022-08-24T09:00:00Z,2023-01-17T08:51:00Z,กรุงเทพมหานคร,Bangkok,department of highways,อรุณอมรินทร์ - พุทธมณฑลสาย 4,private/passenger car,speeding,rear-end collision,3,0,0,clear,13.78148554,100.4231058,straight road,no slope
7561362,2022-08-24T09:00:00Z,2023-01-17T08:58:00Z,กรุงเทพมหานคร,Bangkok,department of highways,อรุณอมรินทร์ - พุทธมณฑลสาย 4,motorcycle,speeding,rollover/fallen on straight road,1,0,1,clear,13.78064152,100.4320242,straight road,no slope
6788694,2022-08-24T15:09:00Z,2022-08-26T10:13:00Z,กรุงเทพมหานคร,Bangkok,department of highways,ถนนศรีนครินทร - แขวงคลองสองต้นนุ่น,private/passenger car,speeding,rear-end collision,2,0,1,clear,13.73192814,100.7099104,straight road,no slope
6805782,2022-08-24T16:00:00Z,2022-08-29T11:44:00Z,กรุงเทพมหานคร,Bangkok,department of highways,แขวงคลองสองต้นนุ่น - พิมพา,4-wheel pickup truck,speeding,rollover/fallen on straight road,1,0,0,clear,13.7082634,100.8210128,straight road,no slope
7528699,2022-08-24T16:10:00Z,2022-12-31T16:24:00Z,กรุงเทพมหานคร,Bangkok,department of highways,ดินแดง - งามวงศ์วาน,motorcycle,speeding,rear-end collision,2,0,1,clear,13.82157553,100.558446,straight road,no slope
6845600,2022-08-24T17:30:00Z,2022-09-05T11:04:00Z,สมุทรปราการ,Samut Prakan,expressway authority of thailand,บางนา-ชลบุรี,other,other,rear-end collision,2,0,0,clear,13.641864,100.696336,straight road,other
7444986,2022-08-24T21:30:00Z,2022-12-08T15:18:00Z,สมุทรสาคร,Samut Sakhon,department of highways,ไม่ทราบ,4-wheel pickup truck,cutting in closely by people/vehicles/animals,rear-end collision,2,0,2,clear,13.5305613,100.2024311,straight road,no slope
6918490,2022-08-24T21:40:00Z,2022-09-16T13:41:00Z,ปทุมธานี,Pathum Thani,department of highways,บางคูวัด - บางพูน,large truck with trailer,cutting in closely by people/vehicles/animals,rollover/fallen on curved road,1,0,0,clear,13.98455489,100.5926013,other,other
6788593,2022-08-24T22:00:00Z,2022-08-26T09:49:00Z,กรุงเทพมหานคร,Bangkok,expressway authority of thailand,ดาวคะนอง-ท่าเรือ,6-wheel truck,other,rear-end collision,3,0,1,clear,13.70779766,100.5489125,straight road,other
7565184,2022-08-24T22:30:00Z,2023-01-20T09:14:00Z,ปทุมธานี,Pathum Thani,department of highways,ต่างระดับคลองหลวง - ประตูน้ำพระอินทร์,large truck with trailer,speeding,collision with obstruction (on road surface),2,1,0,clear,14.09071312,100.6183398,straight road,no slope
6822320,2022-08-25T00:27:00Z,2022-09-01T12:51:00Z,กรุงเทพมหานคร,Bangkok,expressway authority of thailand,แจ้งวัฒนะ-พญาไท,other,other,rear-end collision,2,0,1,clear,13.78205663,100.5344038,straight road,other
7561203,2022-08-25T05:44:00Z,2023-01-17T07:08:00Z,กรุงเทพมหานคร,Bangkok,department of highways,อรุณอมรินทร์ - พุทธมณฑลสาย 4,private/passenger car,vehicle equipment failure,rear-end collision,2,0,1,clear,13.78648618,100.376852,straight road,no slope
7561205,2022-08-25T07:25:00Z,2023-01-17T07:06:00Z,กรุงเทพมหานคร,Bangkok,department of highways,อรุณอมรินทร์ - พุทธมณฑลสาย 4,4-wheel pickup truck,cutting in closely by people/vehicles/animals,rear-end collision,2,0,0,clear,13.78654959,100.3739449,straight road,no slope
6806174,2022-08-25T11:00:00Z,2022-08-29T13:40:00Z,กรุงเทพมหานคร,Bangkok,department of highways,บางปะอิน - แขวงรามอินทรา,4-wheel pickup truck,speeding,rollover/fallen on straight road,1,0,1,rainy,13.83206639,100.6739366,straight road,no slope
6910037,2022-08-25T13:00:00Z,2022-09-15T10:36:00Z,ปทุมธานี,Pathum Thani,department of highways,ลำลูกกา - คลอง 16,large truck with trailer,speeding,rear-end collision,2,1,0,clear,13.93537402,100.7511467,other,other
7139523,2022-08-25T14:00:00Z,2022-10-20T11:09:00Z,ปทุมธานี,Pathum Thani,department of highways,บางปะอิน - แขวงรามอินทรา,4-wheel pickup truck,vehicle equipment failure,rollover/fallen on straight road,1,0,0,clear,14.01814823,100.700123,straight road,no slope
6845531,2022-08-25T14:45:00Z,2022-09-05T10:53:00Z,กรุงเทพมหานคร,Bangkok,expressway authority of thailand,บางนา-ท่าเรือ,4-wheel pickup truck,other,rear-end collision,3,0,0,clear,13.71280723,100.575238,straight road,other
7444704,2022-08-25T16:50:00Z,2022-12-08T14:13:00Z,สมุทรปราการ,Samut Prakan,department of highways,ไม่ทราบ,private/passenger car,speeding,rear-end collision,2,0,1,clear,13.59545841,100.8039151,straight road,no slope
7561288,2022-08-25T17:10:00Z,2023-01-17T08:15:00Z,กรุงเทพมหานคร,Bangkok,department of highways,อรุณอมรินทร์ - พุทธมณฑลสาย 4,large truck with trailer,cutting in closely by people/vehicles/animals,rear-end collision,2,0,0,clear,13.78385086,100.4027304,straight road,no slope
7561623,2022-08-25T22:05:00Z,2023-01-17T11:21:00Z,กรุงเทพมหานคร,Bangkok,department of highways,บางแค - คลองมหาสวัสดิ์,motorcycle,speeding,rear-end collision,2,0,3,clear,13.7689083,100.4072405,straight road,no slope
6916691,2022-08-25T22:50:00Z,2022-09-16T09:57:00Z,สมุทรสาคร,Samut Sakhon,department of highways,แสมดำ - สะพานข้ามแม่น้ำท่าจีนฝั่งตะวันตก,private/passenger car,speeding,rear-end collision,2,0,0,clear,13.59042283,100.3313595,straight road,no slope
6809238,2022-08-26T00:25:00Z,2022-08-30T13:21:00Z,กรุงเทพมหานคร,Bangkok,department of highways,แขวงคลองสองต้นนุ่น - พิมพา,6-wheel truck,speeding,rear-end collision,3,0,0,clear,13.72458039,100.8129635,straight road,no slope
6822361,2022-08-26T00:42:00Z,2022-09-01T12:59:00Z,กรุงเทพมหานคร,Bangkok,expressway authority of thailand,พญาไท-ศรีนครินทร์,other,other,collision with obstruction (on road surface),1,0,0,clear,NA,NA,wide curve,other
6809138,2022-08-26T06:39:00Z,2022-08-30T12:55:00Z,สมุทรปราการ,Samut Prakan,department of highways,แขวงคลองสองต้นนุ่น - พิมพา,4-wheel pickup truck,speeding,rear-end collision,2,0,0,clear,13.63643903,100.8960879,straight road,no slope
6803042,2022-08-26T11:19:00Z,2022-08-28T23:35:00Z,กรุงเทพมหานคร,Bangkok,expressway authority of thailand,ดาวคะนอง-ท่าเรือ,4-wheel pickup truck,other,rear-end collision,3,0,1,clear,13.68567901,100.5204283,grade-separated intersection/ramps,other
6910109,2022-08-26T12:40:00Z,2022-09-15T10:50:00Z,สมุทรสาคร,Samut Sakhon,department of highways,แสมดำ - สะพานข้ามแม่น้ำท่าจีนฝั่งตะวันตก,4-wheel pickup truck,speeding,rear-end collision,2,0,0,clear,13.59009694,100.3305146,straight road,no slope
6800074,2022-08-26T14:46:00Z,2022-08-28T11:16:00Z,กรุงเทพมหานคร,Bangkok,department of highways,แขวงคลองสองต้นนุ่น - พิมพา,other,speeding,rear-end collision,3,0,0,clear,13.729518,100.7435775,straight road,no slope
6803030,2022-08-26T18:17:00Z,2022-08-28T23:31:00Z,กรุงเทพมหานคร,Bangkok,expressway authority of thailand,ดินแดง-ท่าเรือ,other,other,rear-end collision,5,0,0,clear,13.74231972,100.5503734,grade-separated intersection/ramps,other
6800009,2022-08-26T20:44:00Z,2022-08-28T11:02:00Z,กรุงเทพมหานคร,Bangkok,department of highways,แขวงคลองสองต้นนุ่น - พิมพา,private/passenger car,speeding,rear-end collision,3,0,0,clear,13.72956229,100.745396,straight road,no slope
7561612,2022-08-26T21:00:00Z,2023-01-17T11:14:00Z,กรุงเทพมหานคร,Bangkok,department of highways,บางแค - คลองมหาสวัสดิ์,large truck with trailer,speeding,rear-end collision,3,0,0,rainy,13.70417225,100.4063232,straight road,no slope
6806204,2022-08-26T21:05:00Z,2022-08-29T13:44:00Z,กรุงเทพมหานคร,Bangkok,department of highways,บางปะอิน - แขวงรามอินทรา,private/passenger car,speeding,rear-end collision,2,0,0,rainy,13.89820941,100.6935114,straight road,no slope
6806237,2022-08-26T22:13:00Z,2022-08-29T13:47:00Z,ปทุมธานี,Pathum Thani,department of highways,บางปะอิน - แขวงรามอินทรา,private/passenger car,speeding,rollover/fallen on straight road,1,0,0,rainy,14.0126104,100.7027435,straight road,no slope
7561451,2022-08-26T22:38:00Z,2023-01-17T09:43:00Z,กรุงเทพมหานคร,Bangkok,department of highways,อรุณอมรินทร์ - พุทธมณฑลสาย 4,private/passenger car,speeding,rear-end collision,2,0,0,clear,13.78013876,100.4419108,straight road,no slope
7564456,2022-08-27T01:19:00Z,2023-01-19T15:05:00Z,สมุทรสาคร,Samut Sakhon,department of highways,แสมดำ - สะพานข้ามแม่น้ำท่าจีนฝั่งตะวันตก,motorcycle,reversing vehicle,pedestrian collision,1,0,2,rainy,13.57707406,100.3016648,straight road,no slope
6799531,2022-08-27T03:40:00Z,2022-08-28T08:45:00Z,กรุงเทพมหานคร,Bangkok,department of highways,แขวงรามอินทรา - บางพลี,4-wheel pickup truck,speeding,rear-end collision,2,0,0,clear,13.69087942,100.6994176,straight road,no slope
6845549,2022-08-27T05:02:00Z,2022-09-05T10:56:00Z,กรุงเทพมหานคร,Bangkok,expressway authority of thailand,รามอินทรา-วงแหวนรอบนอก,other,other,rear-end collision,2,0,1,clear,13.892827,100.659686,wide curve,other
6806083,2022-08-27T06:00:00Z,2022-08-29T13:08:00Z,กรุงเทพมหานคร,Bangkok,department of highways,บางปะอิน - แขวงรามอินทรา,private/passenger car,speeding,rollover/fallen on straight road,1,0,0,clear,13.87149407,100.6796631,straight road,no slope
6799654,2022-08-27T09:03:00Z,2022-08-28T09:14:00Z,กรุงเทพมหานคร,Bangkok,department of highways,ถนนศรีนครินทร - แขวงคลองสองต้นนุ่น,private/passenger car,speeding,rear-end collision,3,0,0,clear,13.73533095,100.6784668,straight road,no slope
6799726,2022-08-27T09:35:00Z,2022-08-28T09:31:00Z,กรุงเทพมหานคร,Bangkok,department of highways,ถนนศรีนครินทร - แขวงคลองสองต้นนุ่น,private/passenger car,speeding,rear-end collision,3,0,0,clear,13.73433825,100.6865349,straight road,no slope
7564297,2022-08-27T09:50:00Z,2023-01-19T13:25:00Z,สมุทรสาคร,Samut Sakhon,department of highways,สมุทรสาคร - บางบอน,4-wheel pickup truck,cutting in closely by people/vehicles/animals,rear-end collision,2,0,1,clear,13.56357853,100.2956834,straight road,no slope
7561220,2022-08-27T11:45:00Z,2023-01-17T07:18:00Z,กรุงเทพมหานคร,Bangkok,department of highways,อรุณอมรินทร์ - พุทธมณฑลสาย 4,motorcycle,speeding,rear-end collision,2,0,1,clear,13.7856587,100.385524,straight road,no slope
6809586,2022-08-27T13:30:00Z,2022-08-30T14:41:00Z,สมุทรปราการ,Samut Prakan,department of rural roads,สะพานภูมิพลที่ 1 ไปสะพานภูมิพลที่ 2,large truck with trailer,speeding,other,3,0,0,clear,13.648569,100.5419,grade-separated intersection/ramps,other
6803047,2022-08-27T13:52:00Z,2022-08-28T23:36:00Z,กรุงเทพมหานคร,Bangkok,expressway authority of thailand,บางนา-ท่าเรือ,other,other,side collision,2,0,0,clear,13.71188515,100.5681358,y-intersection,other
6916793,2022-08-27T20:50:00Z,2022-09-16T10:18:00Z,ปทุมธานี,Pathum Thani,department of highways,ต่างระดับคลองหลวง - ประตูน้ำพระอินทร์,motorcycle,running red lights/traffic signals,rear-end collision,2,1,0,clear,14.11688537,100.6185731,straight road,no slope
6800825,2022-08-27T22:33:00Z,2022-08-28T14:35:00Z,กรุงเทพมหานคร,Bangkok,department of highways,ถนนศรีนครินทร - แขวงคลองสองต้นนุ่น,private/passenger car,speeding,rear-end collision,2,0,0,clear,13.73742838,100.6612632,straight road,no slope
6813631,2022-08-27T22:42:00Z,2022-08-31T09:26:00Z,กรุงเทพมหานคร,Bangkok,department of rural roads,สะพานภูมิพลที่ 1 ไปสะพานภูมิพลที่ 2,4-wheel pickup truck,speeding,other,2,0,0,clear,13.669671,100.538545,straight road,slope area
6806336,2022-08-27T23:35:00Z,2022-08-29T14:01:00Z,กรุงเทพมหานคร,Bangkok,department of highways,ถนนศรีนครินทร - แขวงคลองสองต้นนุ่น,4-wheel pickup truck,speeding,rollover/fallen on straight road,1,0,0,clear,13.7324284,100.7072469,straight road,no slope
6845555,2022-08-28T02:27:00Z,2022-09-05T10:57:00Z,กรุงเทพมหานคร,Bangkok,expressway authority of thailand,รามอินทรา-อาจณรงค์,other,other,side collision,1,0,1,clear,NA,NA,straight road,other
6800937,2022-08-28T04:40:00Z,2022-08-28T15:05:00Z,กรุงเทพมหานคร,Bangkok,department of highways,ถนนศรีนครินทร - แขวงคลองสองต้นนุ่น,private/passenger car,speeding,rear-end collision,2,0,2,clear,13.7390594,100.6538308,straight road,no slope
6814992,2022-08-28T06:10:00Z,2022-08-31T13:51:00Z,กรุงเทพมหานคร,Bangkok,department of highways,บางปะอิน - แขวงรามอินทรา,4-wheel pickup truck,vehicle equipment failure,rollover/fallen on straight road,1,0,0,clear,13.86818959,100.6780833,straight road,no slope
6815050,2022-08-28T16:50:00Z,2022-08-31T14:00:00Z,กรุงเทพมหานคร,Bangkok,department of highways,แขวงรามอินทรา - บางพลี,private/passenger car,speeding,rollover/fallen on straight road,1,0,0,clear,13.77783852,100.6868702,straight road,no slope
6910083,2022-08-28T17:28:00Z,2022-09-15T10:49:00Z,สมุทรสาคร,Samut Sakhon,department of highways,แสมดำ - สะพานข้ามแม่น้ำท่าจีนฝั่งตะวันตก,4-wheel pickup truck,falling asleep,rear-end collision,3,0,0,clear,13.55354764,100.2668926,straight road,no slope
6806391,2022-08-28T21:39:00Z,2022-08-29T14:12:00Z,กรุงเทพมหานคร,Bangkok,department of highways,แขวงคลองสองต้นนุ่น - พิมพา,4-wheel pickup truck,speeding,rear-end collision,3,0,0,clear,13.71886879,100.8157772,straight road,no slope
6814173,2022-08-28T22:30:00Z,2022-08-31T10:59:00Z,กรุงเทพมหานคร,Bangkok,department of highways,แขวงรามอินทรา - บางพลี,private/passenger car,speeding,rear-end collision,2,0,3,clear,13.68549276,100.6993237,straight road,no slope
7564997,2022-08-28T23:52:00Z,2023-01-20T06:54:00Z,สมุทรปราการ,Samut Prakan,department of highways,ทางเข้าท่าอากาศยานสุวรรณภูมิ - บางวัว,4-wheel pickup truck,speeding,rear-end collision,2,0,1,clear,13.59325935,100.8127986,straight road,no slope
6806343,2022-08-29T00:57:00Z,2022-08-29T14:04:00Z,สมุทรปราการ,Samut Prakan,department of highways,แขวงคลองสองต้นนุ่น - พิมพา,private/passenger car,speeding,rollover/fallen on straight road,1,0,0,clear,13.65266456,100.8708268,straight road,no slope
7565006,2022-08-29T08:25:00Z,2023-01-20T06:58:00Z,สมุทรปราการ,Samut Prakan,department of highways,บางนา - ทางเข้าท่าอากาศยานสุวรรณภูมิ,van,falling asleep,rollover/fallen on straight road,1,0,0,rainy,13.63529473,100.708234,straight road,no slope
6806127,2022-08-29T09:05:00Z,2022-08-29T13:25:00Z,สมุทรปราการ,Samut Prakan,expressway authority of thailand,บางนา-ชลบุรี,other,other,rear-end collision,3,0,0,clear,13.612148,100.757495,straight road,other
6809212,2022-08-29T10:00:00Z,2022-08-30T13:11:00Z,กรุงเทพมหานคร,Bangkok,department of highways,แขวงรามอินทรา - บางพลี,private/passenger car,speeding,rear-end collision,4,0,7,clear,13.72524222,100.7015204,straight road,no slope
6806448,2022-08-29T10:43:00Z,2022-08-29T14:29:00Z,กรุงเทพมหานคร,Bangkok,department of highways,แขวงคลองสองต้นนุ่น - พิมพา,large truck with trailer,speeding,rollover/fallen on straight road,1,0,0,clear,13.72927568,100.7344821,straight road,no slope
6806664,2022-08-29T12:55:00Z,2022-08-29T16:45:00Z,กรุงเทพมหานคร,Bangkok,department of highways,บางปะอิน - แขวงรามอินทรา,private/passenger car,speeding,rear-end collision,5,0,3,clear,13.88846101,100.6884956,straight road,no slope
6807918,2022-08-29T18:53:00Z,2022-08-30T08:15:00Z,กรุงเทพมหานคร,Bangkok,department of highways,บางปะอิน - แขวงรามอินทรา,private/passenger car,speeding,rear-end collision,3,0,0,rainy,13.8796444,100.6839278,straight road,no slope
6813635,2022-08-29T19:00:00Z,2022-08-31T09:27:00Z,กรุงเทพมหานคร,Bangkok,department of rural roads,สะพานภูมิพลที่ 1 ไปสะพานภูมิพลที่ 2,motorcycle,speeding,other,2,0,1,clear,13.669686,100.538572,straight road,slope area
7444876,2022-08-29T19:55:00Z,2022-12-08T14:32:00Z,สมุทรสาคร,Samut Sakhon,department of highways,ไม่ทราบ,private/passenger car,speeding,rear-end collision,3,0,2,clear,13.57777541,100.3030407,straight road,no slope
6981800,2022-08-29T21:00:00Z,2022-09-26T08:40:00Z,ปทุมธานี,Pathum Thani,department of highways,บ้านพร้าว - คลองห้า,4-wheel pickup truck,vehicle equipment failure,rollover/fallen on straight road,1,0,0,clear,14.06550575,100.5995938,straight road,no slope
6813640,2022-08-29T23:13:00Z,2022-08-31T09:27:00Z,กรุงเทพมหานคร,Bangkok,department of rural roads,สะพานภูมิพลที่ 1 ไปสะพานภูมิพลที่ 2,motorcycle,speeding,other,2,1,0,clear,13.670726,100.538639,straight road,slope area
6815023,2022-08-30T02:44:00Z,2022-08-31T13:58:00Z,สมุทรปราการ,Samut Prakan,department of highways,แขวงคลองสองต้นนุ่น - พิมพา,large truck with trailer,speeding,rollover/fallen on straight road,1,0,0,clear,13.67290777,100.8395067,straight road,no slope
7561234,2022-08-30T06:40:00Z,2023-01-17T07:20:00Z,กรุงเทพมหานคร,Bangkok,department of highways,อรุณอมรินทร์ - พุทธมณฑลสาย 4,4-wheel pickup truck,failure to yield right of way,other,2,0,1,clear,13.78229309,100.4144651,connecting to public/commercial area,other
7444973,2022-08-30T08:45:00Z,2022-12-08T15:23:00Z,สมุทรสาคร,Samut Sakhon,department of highways,ไม่ทราบ,private/passenger car,speeding,rear-end collision,2,0,0,clear,13.52997455,100.2006903,straight road,no slope
6852266,2022-08-30T15:00:00Z,2022-09-06T14:38:00Z,กรุงเทพมหานคร,Bangkok,department of highways,แขวงคลองสองต้นนุ่น - พิมพา,4-wheel pickup truck,speeding,rollover/fallen on straight road,1,0,0,clear,13.73272283,100.7887941,straight road,no slope
7564942,2022-08-30T20:30:00Z,2023-01-20T06:15:00Z,สมุทรปราการ,Samut Prakan,department of highways,บางนา - ทางเข้าท่าอากาศยานสุวรรณภูมิ,private/passenger car,speeding,rear-end collision,2,0,2,clear,13.65751246,100.6674255,straight road,no slope
6821507,2022-08-30T22:01:00Z,2022-09-01T10:11:00Z,กรุงเทพมหานคร,Bangkok,department of highways,แขวงคลองสองต้นนุ่น - พิมพา,large truck with trailer,speeding,rear-end collision,2,0,1,clear,13.72961961,100.7481238,straight road,no slope
7425584,2022-08-31T01:25:00Z,2022-12-02T15:07:00Z,สมุทรสาคร,Samut Sakhon,department of highways,ไม่ทราบ,private/passenger car,speeding,rollover/fallen on straight road,1,0,0,clear,13.64823621,100.3008145,straight road,no slope
7527238,2022-08-31T10:30:00Z,2022-12-31T10:21:00Z,กรุงเทพมหานคร,Bangkok,department of highways,บางแค - คลองมหาสวัสดิ์,private/passenger car,speeding,rear-end collision,2,0,0,clear,13.68205535,100.4065526,straight road,no slope
7564459,2022-08-31T11:15:00Z,2023-01-19T15:09:00Z,สมุทรสาคร,Samut Sakhon,department of highways,แสมดำ - สะพานข้ามแม่น้ำท่าจีนฝั่งตะวันตก,6-wheel truck,speeding,rear-end collision,5,0,0,clear,13.56932778,100.2868295,straight road,no slope
6821430,2022-08-31T13:50:00Z,2022-09-01T09:52:00Z,สมุทรปราการ,Samut Prakan,department of highways,แขวงคลองสองต้นนุ่น - พิมพา,6-wheel truck,speeding,rear-end collision,4,0,0,clear,13.67290777,100.8395067,straight road,no slope
7527118,2022-08-31T14:35:00Z,2022-12-31T09:54:00Z,กรุงเทพมหานคร,Bangkok,department of highways,ดินแดง - งามวงศ์วาน,motorcycle,speeding,rear-end collision,2,0,1,clear,13.80338043,100.5603484,straight road,no slope
7564984,2022-08-31T16:18:00Z,2023-01-20T06:45:00Z,กรุงเทพมหานคร,Bangkok,department of highways,บางนา - ทางเข้าท่าอากาศยานสุวรรณภูมิ,private/passenger car,speeding,rear-end collision,2,0,1,clear,13.67204642,100.6130987,other,other
6827939,2022-08-31T18:02:00Z,2022-09-02T10:25:00Z,กรุงเทพมหานคร,Bangkok,expressway authority of thailand,แจ้งวัฒนะ-พญาไท,other,other,collision with obstruction (on road surface),1,0,0,rainy,13.81949799,100.5495543,wide curve,other
6852076,2022-08-31T19:05:00Z,2022-09-06T13:54:00Z,ปทุมธานี,Pathum Thani,department of highways,บางปะอิน - แขวงรามอินทรา,4-wheel pickup truck,speeding,rear-end collision,2,0,0,rainy,13.92186788,100.7050985,straight road,no slope
6821238,2022-08-31T22:32:00Z,2022-09-01T09:05:00Z,สมุทรปราการ,Samut Prakan,department of highways,แขวงคลองสองต้นนุ่น - พิมพา,large truck with trailer,speeding,rear-end collision,2,0,0,clear,13.69438968,100.8278498,straight road,no slope
6858350,2022-08-31T22:35:00Z,2022-09-07T13:51:00Z,สมุทรปราการ,Samut Prakan,department of rural roads,ถนนวงแหวนอุตสาหกรรมเข้าสะพานภูมิพลที่ 1,private/passenger car,speeding,other,2,0,1,clear,13.663903,100.530546,straight road,slope area
6982089,2022-09-01T01:30:00Z,2022-09-26T09:50:00Z,กรุงเทพมหานคร,Bangkok,expressway authority of thailand,รามอินทรา-อาจณรงค์,other,other,collision with obstruction (on road surface),1,0,1,clear,NA,NA,straight road,other
7476067,2022-09-01T05:02:00Z,2022-12-21T08:56:00Z,สมุทรสาคร,Samut Sakhon,department of highways,ไม่ทราบ,motorcycle,running red lights/traffic signals,collision with obstruction (on road surface),2,0,0,clear,13.55354764,100.2668953,straight road,no slope
7560719,2022-09-01T07:56:00Z,2023-01-16T11:27:00Z,กรุงเทพมหานคร,Bangkok,department of highways,ดินแดง - งามวงศ์วาน,private/passenger car,speeding,rear-end collision,2,0,1,clear,13.82424717,100.5582359,straight road,no slope
7564943,2022-09-01T08:07:00Z,2023-01-20T06:16:00Z,สมุทรปราการ,Samut Prakan,department of highways,บางนา - ทางเข้าท่าอากาศยานสุวรรณภูมิ,private/passenger car,speeding,rear-end collision,2,0,2,clear,13.65661065,100.6690496,straight road,no slope
6822327,2022-09-01T10:31:00Z,2022-09-01T12:52:00Z,กรุงเทพมหานคร,Bangkok,expressway authority of thailand,พญาไท-ศรีนครินทร์,other,other,collision with obstruction (on road surface),1,0,0,clear,NA,NA,other,other
6824134,2022-09-01T19:06:00Z,2022-09-01T19:50:00Z,กรุงเทพมหานคร,Bangkok,expressway authority of thailand,พญาไท-ศรีนครินทร์,other,other,rear-end collision,4,0,0,clear,13.75325287,100.5748847,wide curve,other
6851912,2022-09-01T21:40:00Z,2022-09-06T13:15:00Z,กรุงเทพมหานคร,Bangkok,department of highways,แขวงคลองสองต้นนุ่น - พิมพา,6-wheel truck,vehicle equipment failure,other,1,0,0,clear,13.72940335,100.7317623,straight road,no slope
7564458,2022-09-01T22:00:00Z,2023-01-19T15:08:00Z,สมุทรสาคร,Samut Sakhon,department of highways,แสมดำ - สะพานข้ามแม่น้ำท่าจีนฝั่งตะวันตก,6-wheel truck,speeding,rollover/fallen on straight road,1,0,0,clear,13.58487223,100.3168622,straight road,no slope
6851846,2022-09-02T01:30:00Z,2022-09-06T13:03:00Z,ปทุมธานี,Pathum Thani,department of highways,บางปะอิน - แขวงรามอินทรา,4-wheel pickup truck,falling asleep,rollover/fallen on straight road,1,0,0,clear,13.92529916,100.7060158,other,other
6839552,2022-09-02T02:13:00Z,2022-09-04T08:56:00Z,กรุงเทพมหานคร,Bangkok,expressway authority of thailand,พญาไท-ศรีนครินทร์,other,other,side collision,2,0,0,clear,13.74878636,100.6024215,grade-separated intersection/ramps,other
6851513,2022-09-02T03:00:00Z,2022-09-06T11:32:00Z,ปทุมธานี,Pathum Thani,department of highways,บางปะอิน - แขวงรามอินทรา,4-wheel pickup truck,vehicle equipment failure,rollover/fallen on straight road,1,0,0,clear,14.04174234,100.6981972,straight road,no slope
7560721,2022-09-02T07:25:00Z,2023-01-16T11:28:00Z,กรุงเทพมหานคร,Bangkok,department of highways,ดินแดง - งามวงศ์วาน,private/passenger car,speeding,rear-end collision,2,0,1,clear,13.82586545,100.5580486,straight road,no slope
7521486,2022-09-02T08:10:00Z,2022-12-30T10:19:00Z,กรุงเทพมหานคร,Bangkok,department of highways,ดินแดง - งามวงศ์วาน,van,speeding,rear-end collision,2,0,0,clear,13.76870771,100.5508809,straight road,no slope
6828898,2022-09-02T12:25:00Z,2022-09-02T13:27:00Z,กรุงเทพมหานคร,Bangkok,expressway authority of thailand,หมอชิต-กาญจนาฯ,other,other,rear-end collision,2,0,1,clear,NA,NA,grade-separated intersection/ramps,other
6851864,2022-09-02T13:26:00Z,2022-09-06T13:07:00Z,สมุทรปราการ,Samut Prakan,department of highways,แขวงคลองสองต้นนุ่น - พิมพา,private/passenger car,speeding,rear-end collision,3,0,0,clear,13.64332035,100.8853724,straight road,no slope
6981925,2022-09-02T14:53:00Z,2022-09-26T09:10:00Z,กรุงเทพมหานคร,Bangkok,expressway authority of thailand,ดาวคะนอง-ท่าเรือ,other,other,rear-end collision,5,0,0,clear,13.68711338,100.5215591,grade-separated intersection/ramps,other
7564460,2022-09-02T18:30:00Z,2023-01-19T15:07:00Z,สมุทรสาคร,Samut Sakhon,department of highways,แสมดำ - สะพานข้ามแม่น้ำท่าจีนฝั่งตะวันตก,private/passenger car,speeding,rear-end collision,2,0,0,clear,13.59860901,100.3661799,straight road,no slope
6851780,2022-09-02T18:39:00Z,2022-09-06T12:45:00Z,สมุทรปราการ,Samut Prakan,department of highways,แขวงคลองสองต้นนุ่น - พิมพา,private/passenger car,speeding,rear-end collision,3,0,0,clear,13.66250881,100.8555302,straight road,no slope
7192607,2022-09-02T23:10:00Z,2022-10-28T09:14:00Z,กรุงเทพมหานคร,Bangkok,department of rural roads,สะพานภูมิพลที่ 1 ไปสะพานภูมิพลที่ 2,private/passenger car,tailgating,other,2,0,1,clear,13.671973,100.538765,straight road,slope area
6851560,2022-09-03T02:13:00Z,2022-09-06T11:49:00Z,สมุทรปราการ,Samut Prakan,department of highways,แขวงคลองสองต้นนุ่น - พิมพา,6-wheel truck,speeding,rear-end collision,2,0,1,clear,13.6699002,100.8440584,straight road,no slope
7565216,2022-09-03T05:40:00Z,2023-01-20T09:27:00Z,กรุงเทพมหานคร,Bangkok,department of highways,ดินแดง - งามวงศ์วาน,private/passenger car,cutting in closely by people/vehicles/animals,rollover/fallen on straight road,1,0,1,clear,13.83649591,100.5572677,straight road,no slope
6982097,2022-09-03T09:44:00Z,2022-09-26T09:51:00Z,กรุงเทพมหานคร,Bangkok,expressway authority of thailand,รามอินทรา-อาจณรงค์,other,other,rear-end collision,2,0,0,clear,13.843223,100.636178,straight road,other
6852031,2022-09-03T11:45:00Z,2022-09-06T13:40:00Z,สมุทรปราการ,Samut Prakan,department of highways,แขวงคลองสองต้นนุ่น - พิมพา,private/passenger car,speeding,rear-end collision,3,0,0,clear,13.66891243,100.8455872,straight road,no slope
6852034,2022-09-03T15:03:00Z,2022-09-06T13:41:00Z,สมุทรปราการ,Samut Prakan,department of highways,แขวงคลองสองต้นนุ่น - พิมพา,private/passenger car,speeding,rear-end collision,2,0,0,clear,13.66644952,100.8494094,straight road,no slope
6840225,2022-09-03T15:09:00Z,2022-09-04T11:52:00Z,กรุงเทพมหานคร,Bangkok,department of highways,ถนนศรีนครินทร - แขวงคลองสองต้นนุ่น,private/passenger car,speeding,rear-end collision,2,0,0,clear,13.73179786,100.7111066,straight road,no slope
6839506,2022-09-04T07:24:00Z,2022-09-04T08:45:00Z,ปทุมธานี,Pathum Thani,expressway authority of thailand,บางปะอิน-แจ้งวัฒนะ,4-wheel pickup truck,other,side collision,2,0,1,clear,13.957957,100.566081,straight road,other
6982250,2022-09-04T12:20:00Z,2022-09-26T10:20:00Z,สมุทรปราการ,Samut Prakan,expressway authority of thailand,บางนา-ชลบุรี,other,other,rear-end collision,2,0,1,clear,13.607083,100.770389,straight road,other
6851293,2022-09-04T13:02:00Z,2022-09-06T10:42:00Z,กรุงเทพมหานคร,Bangkok,department of highways,แขวงคลองสองต้นนุ่น - พิมพา,private/passenger car,speeding,rear-end collision,2,0,0,clear,13.72966652,100.7508543,straight road,no slope
6844820,2022-09-04T16:11:00Z,2022-09-05T08:24:00Z,ปทุมธานี,Pathum Thani,department of highways,บางปะอิน - แขวงรามอินทรา,private/passenger car,speeding,rear-end collision,3,0,0,clear,13.98647308,100.713349,straight road,no slope
7040024,2022-09-04T16:30:00Z,2022-10-05T08:14:00Z,นครปฐม,Nakhon Pathom,department of highways,พุทธมณฑลสาย 4 - นครชัยศรี,4-wheel pickup truck,speeding,rollover/fallen on straight road,1,0,0,clear,13.766832,100.1858067,wide curve,no slope
7560715,2022-09-04T16:50:00Z,2023-01-16T11:29:00Z,กรุงเทพมหานคร,Bangkok,department of highways,ดินแดง - งามวงศ์วาน,motorcycle,speeding,rear-end collision,2,0,1,clear,13.84674064,100.5611008,straight road,no slope
7444942,2022-09-04T17:45:00Z,2022-12-08T15:10:00Z,สมุทรสาคร,Samut Sakhon,department of highways,ไม่ทราบ,private/passenger car,speeding,rear-end collision,2,0,0,clear,13.53247017,100.2080878,straight road,no slope
6852053,2022-09-04T22:20:00Z,2022-09-06T13:45:00Z,กรุงเทพมหานคร,Bangkok,department of highways,แขวงรามอินทรา - บางพลี,4-wheel pickup truck,speeding,rollover/fallen on straight road,1,0,0,rainy,13.79418192,100.6824607,straight road,no slope
6851237,2022-09-04T22:30:00Z,2022-09-06T10:29:00Z,กรุงเทพมหานคร,Bangkok,department of highways,แขวงคลองสองต้นนุ่น - พิมพา,private/passenger car,speeding,rear-end collision,2,0,0,rainy,13.70989463,100.8202082,straight road,no slope
6845299,2022-09-04T22:45:00Z,2022-09-05T10:05:00Z,กรุงเทพมหานคร,Bangkok,expressway authority of thailand,พญาไท-ศรีนครินทร์,other,other,other,1,0,0,rainy,NA,NA,y-intersection,other
6981927,2022-09-04T22:55:00Z,2022-09-26T09:11:00Z,กรุงเทพมหานคร,Bangkok,expressway authority of thailand,ดินแดง-ท่าเรือ,other,other,other,2,0,0,rainy,13.73695134,100.5510481,straight road,other
7028856,2022-09-05T00:35:00Z,2022-10-03T15:50:00Z,กรุงเทพมหานคร,Bangkok,expressway authority of thailand,ดินแดง-ท่าเรือ,other,other,collision with obstruction (on road surface),1,0,0,rainy,13.72626288,100.5524935,straight road,other
7028341,2022-09-05T00:54:00Z,2022-10-03T14:36:00Z,นนทบุรี,Nonthaburi,expressway authority of thailand,แจ้งวัฒนะ-พญาไท,other,other,side collision,1,0,1,clear,13.84919324,100.5330493,straight road,other
6852029,2022-09-05T01:00:00Z,2022-09-06T13:42:00Z,สมุทรปราการ,Samut Prakan,department of highways,แขวงรามอินทรา - บางพลี,large truck with trailer,speeding,rollover/fallen on curved road,1,0,0,rainy,13.64984961,100.6873342,wide curve,no slope
7564296,2022-09-05T01:12:00Z,2023-01-19T13:22:00Z,สมุทรสาคร,Samut Sakhon,department of highways,อ้อมน้อย - สมุทรสาคร,large truck with trailer,speeding,head-on collision (not overtaking),2,1,0,rainy,13.60383081,100.2852657,straight road,no slope
6903171,2022-09-05T06:15:00Z,2022-09-14T11:09:00Z,นครปฐม,Nakhon Pathom,department of highways,นครชัยศรี - พระประโทน,4-wheel pickup truck,speeding,rollover/fallen on straight road,1,0,0,rainy,13.78548938,100.1737019,straight road,no slope
6851997,2022-09-05T08:45:00Z,2022-09-06T13:34:00Z,กรุงเทพมหานคร,Bangkok,department of highways,บางปะอิน - แขวงรามอินทรา,4-wheel pickup truck,speeding,rear-end collision,3,0,0,clear,13.90540849,100.6974649,straight road,no slope
7033349,2022-09-05T13:30:00Z,2022-10-04T09:16:00Z,สมุทรปราการ,Samut Prakan,department of highways,บางตำหรุ - คลองด่าน,4-wheel pickup truck,speeding,rollover/fallen on straight road,1,0,1,clear,13.50414057,100.8331016,straight road,no slope
7444846,2022-09-05T17:00:00Z,2022-12-08T14:29:00Z,สมุทรสาคร,Samut Sakhon,department of highways,ไม่ทราบ,4-wheel pickup truck,worn-out/tire blowout,rollover/fallen on straight road,1,0,0,clear,13.58559442,100.3185412,straight road,no slope
7564464,2022-09-05T17:05:00Z,2023-01-19T15:06:00Z,สมุทรสาคร,Samut Sakhon,department of highways,แสมดำ - สะพานข้ามแม่น้ำท่าจีนฝั่งตะวันตก,private/passenger car,speeding,rear-end collision,2,0,1,clear,13.5720759,100.2920973,straight road,no slope
6981942,2022-09-05T19:45:00Z,2022-09-26T09:17:00Z,กรุงเทพมหานคร,Bangkok,expressway authority of thailand,บางนา-ท่าเรือ,4-wheel pickup truck,other,rear-end collision,3,0,0,clear,13.70134275,100.5907756,straight road,other
7000843,2022-09-06T13:00:00Z,2022-09-29T07:33:00Z,นครปฐม,Nakhon Pathom,department of highways,ดอนตูม - ลำลูกบัว,other,speeding,rollover/fallen on curved road,1,0,0,clear,13.96704319,100.0945741,wide curve,no slope
7180441,2022-09-06T18:10:00Z,2022-10-26T15:43:00Z,นครปฐม,Nakhon Pathom,department of highways,อ้อมน้อย - ศาลายา,6-wheel truck,speeding,rollover/fallen on straight road,1,0,0,rainy,13.73987752,100.2999133,straight road,no slope
6857107,2022-09-06T19:05:00Z,2022-09-07T09:37:00Z,กรุงเทพมหานคร,Bangkok,department of highways,แขวงรามอินทรา - บางพลี,4-wheel pickup truck,speeding,rollover/fallen on straight road,1,0,1,clear,13.73235545,100.7076922,straight road,no slope
7055005,2022-09-06T20:19:00Z,2022-10-07T13:15:00Z,กรุงเทพมหานคร,Bangkok,department of highways,บางปะอิน - แขวงรามอินทรา,private/passenger car,speeding,rollover/fallen on straight road,1,0,1,clear,13.88189154,100.6852904,straight road,no slope
6981967,2022-09-06T21:58:00Z,2022-09-26T09:22:00Z,กรุงเทพมหานคร,Bangkok,expressway authority of thailand,ดินแดง-ท่าเรือ,other,other,collision with obstruction (on road surface),1,0,2,rainy,13.72626288,100.5524935,straight road,other
6890658,2022-09-06T23:55:00Z,2022-09-12T14:43:00Z,สมุทรปราการ,Samut Prakan,department of rural roads,สะพานภูมิพลที่ 1 ไปสะพานภูมิพลที่ 2,motorcycle,unfamiliarity with the route/unskilled driving,other,2,0,1,rainy,13.659548,100.539712,straight road,slope area
6855477,2022-09-07T00:52:00Z,2022-09-07T02:10:00Z,กรุงเทพมหานคร,Bangkok,expressway authority of thailand,แจ้งวัฒนะ-พญาไท,other,other,collision with obstruction (on road surface),1,0,0,rainy,13.82478099,100.5462972,wide curve,other
6982259,2022-09-07T01:29:00Z,2022-09-26T10:23:00Z,กรุงเทพมหานคร,Bangkok,expressway authority of thailand,บางนา-ชลบุรี,other,other,collision with obstruction (on road surface),1,0,0,clear,13.66439414,100.6523134,straight road,other
6857323,2022-09-07T02:06:00Z,2022-09-07T10:19:00Z,กรุงเทพมหานคร,Bangkok,department of highways,ถนนศรีนครินทร - แขวงคลองสองต้นนุ่น,private/passenger car,speeding,rollover/fallen on straight road,1,0,0,rainy,13.7367744,100.6689611,straight road,no slope
7033167,2022-09-07T02:10:00Z,2022-10-04T08:45:00Z,กรุงเทพมหานคร,Bangkok,department of highways,งามวงศ์วาน - ดอนเมือง,private/passenger car,speeding,rollover/fallen on straight road,1,0,1,clear,13.92553347,100.6047571,straight road,no slope
6857460,2022-09-07T03:05:00Z,2022-09-07T10:42:00Z,กรุงเทพมหานคร,Bangkok,department of highways,แขวงรามอินทรา - บางพลี,4-wheel pickup truck,speeding,rollover/fallen on curved road,1,0,1,rainy,13.73295211,100.7055196,other,other
7033198,2022-09-07T04:00:00Z,2022-10-04T08:52:00Z,นนทบุรี,Nonthaburi,department of highways,คลองวัดแดง - บางบัวทอง,4-wheel pickup truck,speeding,rollover/fallen on straight road,1,0,0,clear,13.87873303,100.4339138,other,other
7331966,2022-09-07T07:30:00Z,2022-09-07T11:24:00Z,สมุทรปราการ,Samut Prakan,department of highways,บางปู - บางพลี,4-wheel pickup truck,speeding,rollover/fallen on straight road,1,0,1,rainy,13.55730764,100.6923607,straight road,no slope
6857245,2022-09-07T08:28:00Z,2022-09-07T10:04:00Z,กรุงเทพมหานคร,Bangkok,department of highways,แขวงคลองสองต้นนุ่น - พิมพา,private/passenger car,speeding,rear-end collision,3,0,0,clear,13.73091718,100.7182011,straight road,no slope
6890661,2022-09-07T09:30:00Z,2022-09-12T14:43:00Z,กรุงเทพมหานคร,Bangkok,department of rural roads,สะพานภูมิพลที่ 1 ไปสะพานภูมิพลที่ 2,private/passenger car,speeding,other,2,0,1,rainy,13.671498,100.538741,straight road,slope area
7042044,2022-09-07T11:30:00Z,2022-10-05T14:33:00Z,กรุงเทพมหานคร,Bangkok,department of highways,แขวงรามอินทรา - บางพลี,other,speeding,rollover/fallen on straight road,1,0,0,clear,13.79525252,100.6825331,other,other
6863226,2022-09-07T14:37:00Z,2022-09-08T09:33:00Z,กรุงเทพมหานคร,Bangkok,department of highways,ถนนศรีนครินทร - แขวงคลองสองต้นนุ่น,private/passenger car,speeding,rear-end collision,6,0,0,clear,13.74101089,100.6443331,straight road,no slope
7034123,2022-09-07T15:27:00Z,2022-10-04T11:16:00Z,สมุทรสาคร,Samut Sakhon,department of highways,สะพานข้ามแม่น้ำท่าจีนฝั่งตะวันตก - นาโคก,4-wheel pickup truck,speeding,rear-end collision,2,0,0,clear,13.54111208,100.2337727,straight road,no slope
6876675,2022-09-07T21:40:00Z,2022-09-10T09:25:00Z,ปทุมธานี,Pathum Thani,department of highways,บางปะอิน - แขวงรามอินทรา,4-wheel pickup truck,speeding,rear-end collision,2,0,0,rainy,13.92015222,100.7046237,straight road,no slope
6863456,2022-09-07T22:05:00Z,2022-09-08T10:13:00Z,กรุงเทพมหานคร,Bangkok,department of highways,แขวงรามอินทรา - บางพลี,6-wheel truck,speeding,rollover/fallen on straight road,1,0,0,clear,13.6978191,100.6994793,straight road,no slope
7055036,2022-09-07T22:11:00Z,2022-10-07T13:25:00Z,กรุงเทพมหานคร,Bangkok,department of highways,แขวงคลองสองต้นนุ่น - พิมพา,private/passenger car,speeding,rollover/fallen on straight road,1,0,0,rainy,13.73244664,100.7860851,straight road,no slope
6889576,2022-09-07T22:20:00Z,2022-09-12T11:10:00Z,กรุงเทพมหานคร,Bangkok,department of highways,แขวงรามอินทรา - บางพลี,private/passenger car,speeding,rollover/fallen on straight road,1,0,1,rainy,13.65822399,100.6926396,straight road,no slope
7055039,2022-09-07T23:20:00Z,2022-10-07T13:23:00Z,กรุงเทพมหานคร,Bangkok,department of highways,แขวงคลองสองต้นนุ่น - พิมพา,4-wheel pickup truck,speeding,rollover/fallen on straight road,1,0,0,rainy,13.72131813,100.8145755,straight road,no slope
6981969,2022-09-07T23:41:00Z,2022-09-26T09:23:00Z,กรุงเทพมหานคร,Bangkok,expressway authority of thailand,ดินแดง-ท่าเรือ,other,other,side collision,4,0,1,other,13.73430978,100.551604,straight road,other
6864533,2022-09-07T23:59:00Z,2022-09-08T14:21:00Z,กรุงเทพมหานคร,Bangkok,department of highways,แขวงคลองสองต้นนุ่น - พิมพา,private/passenger car,speeding,rear-end collision,2,0,1,rainy,13.7321939,100.7824561,straight road,no slope
7515379,2022-09-08T00:05:00Z,2022-12-28T19:46:00Z,กรุงเทพมหานคร,Bangkok,department of highways,ไม่ทราบ,passenger pickup truck,speeding,rear-end collision,2,0,0,clear,13.76433811,100.5481308,other,other
6861105,2022-09-08T00:17:00Z,2022-09-08T00:49:00Z,กรุงเทพมหานคร,Bangkok,expressway authority of thailand,พญาไท-บางโคล่,other,other,collision with obstruction (on road surface),1,0,0,rainy,13.72322148,100.5176317,wide curve,other
6863514,2022-09-08T01:00:00Z,2022-09-08T10:23:00Z,กรุงเทพมหานคร,Bangkok,department of highways,แขวงรามอินทรา - บางพลี,private/passenger car,speeding,rollover/fallen on straight road,1,0,0,rainy,13.71958796,100.7003751,straight road,no slope
6982344,2022-09-08T02:21:00Z,2022-09-26T10:41:00Z,สมุทรปราการ,Samut Prakan,expressway authority of thailand,บางพลี-สุขสวัสดิ์,7-10-wheel truck,other,collision with obstruction (on road surface),2,0,0,rainy,13.637099,100.547235,grade-separated intersection/ramps,other
6888904,2022-09-08T03:55:00Z,2022-09-12T08:50:00Z,กรุงเทพมหานคร,Bangkok,department of highways,บางปะอิน - แขวงรามอินทรา,4-wheel pickup truck,speeding,rollover/fallen on straight road,1,0,0,clear,13.83094909,100.6740251,straight road,no slope
6876725,2022-09-08T14:02:00Z,2022-09-10T09:52:00Z,ปทุมธานี,Pathum Thani,department of highways,บางปะอิน - แขวงรามอินทรา,private/passenger car,speeding,rear-end collision,2,0,0,clear,13.99002312,100.7127079,straight road,no slope
6870066,2022-09-08T14:11:00Z,2022-09-09T12:13:00Z,กรุงเทพมหานคร,Bangkok,department of highways,แขวงคลองสองต้นนุ่น - พิมพา,private/passenger car,speeding,rear-end collision,2,0,0,rainy,13.72621151,100.8121589,straight road,no slope
6871192,2022-09-08T16:20:00Z,2022-09-09T15:30:00Z,สมุทรปราการ,Samut Prakan,department of highways,ราษฎร์บูรณะ - พระสมุทรเจดีย์,7-10-wheel truck,speeding,rollover/fallen on straight road,1,0,0,rainy,13.61298106,100.5478808,straight road,no slope
6865525,2022-09-08T16:34:00Z,2022-09-08T18:59:00Z,ปทุมธานี,Pathum Thani,expressway authority of thailand,บางปะอิน-แจ้งวัฒนะ,other,other,other,1,0,0,rainy,14.086442,100.578343,straight road,other
6890261,2022-09-08T16:45:00Z,2022-09-12T13:25:00Z,กรุงเทพมหานคร,Bangkok,department of highways,แขวงรามอินทรา - บางพลี,6-wheel truck,speeding,rollover/fallen on straight road,1,0,3,rainy,13.70734876,100.6998199,straight road,no slope
6869914,2022-09-08T17:01:00Z,2022-09-09T11:42:00Z,สมุทรปราการ,Samut Prakan,department of highways,แขวงคลองสองต้นนุ่น - พิมพา,4-wheel pickup truck,speeding,rear-end collision,2,0,0,rainy,13.66546435,100.8509409,straight road,no slope
7557406,2022-09-08T17:30:00Z,2023-01-12T09:00:00Z,กรุงเทพมหานคร,Bangkok,department of highways,บางนา - ทางเข้าท่าอากาศยานสุวรรณภูมิ,motorcycle,speeding,rear-end collision,2,0,1,clear,13.6642837,100.6520699,straight road,no slope
7055092,2022-09-08T18:00:00Z,2022-10-07T13:30:00Z,กรุงเทพมหานคร,Bangkok,department of highways,แขวงคลองสองต้นนุ่น - พิมพา,4-wheel pickup truck,speeding,rollover/fallen on curved road,1,0,1,rainy,13.73029446,100.7597217,wide curve,no slope
6890663,2022-09-08T18:50:00Z,2022-09-12T14:44:00Z,สมุทรปราการ,Samut Prakan,department of rural roads,สะพานภูมิพลที่ 1 ไปสะพานภูมิพลที่ 2,passenger pickup truck,speeding,other,2,0,1,rainy,13.649964,100.541433,grade-separated intersection/ramps,other
6876839,2022-09-08T19:22:00Z,2022-09-10T10:29:00Z,ปทุมธานี,Pathum Thani,department of highways,บางปะอิน - แขวงรามอินทรา,private/passenger car,speeding,rear-end collision,2,0,0,clear,14.01091103,100.7035321,straight road,no slope
6895495,2022-09-08T20:52:00Z,2022-09-13T08:53:00Z,สมุทรปราการ,Samut Prakan,department of rural roads,สะพานภูมิพลที่ 1 ไปสะพานภูมิพลที่ 2,motorcycle,speeding,other,2,0,2,rainy,13.6622,100.539066,straight road,slope area
6938722,2022-09-09T00:40:00Z,2022-09-19T16:41:00Z,กรุงเทพมหานคร,Bangkok,department of rural roads,สะพานภูมิพลที่ 1 ไปสะพานภูมิพลที่ 2,private/passenger car,speeding,other,2,0,0,clear,13.672324,100.538721,straight road,slope area
7055095,2022-09-09T05:12:00Z,2022-10-07T13:34:00Z,กรุงเทพมหานคร,Bangkok,department of highways,บางปะอิน - แขวงรามอินทรา,private/passenger car,speeding,rear-end collision,2,0,1,clear,13.91091765,100.7001445,straight road,no slope
6883037,2022-09-09T07:24:00Z,2022-09-11T09:35:00Z,กรุงเทพมหานคร,Bangkok,department of highways,แขวงรามอินทรา - บางพลี,7-10-wheel truck,speeding,rear-end collision,3,0,0,clear,13.74448131,100.702773,straight road,no slope
7564969,2022-09-09T07:49:00Z,2023-01-20T06:42:00Z,กรุงเทพมหานคร,Bangkok,department of highways,บางนา - ทางเข้าท่าอากาศยานสุวรรณภูมิ,motorcycle,speeding,rear-end collision,2,0,2,clear,13.66852801,100.6326118,other,other
6869696,2022-09-09T08:04:00Z,2022-09-09T11:03:00Z,กรุงเทพมหานคร,Bangkok,department of highways,แขวงคลองสองต้นนุ่น - พิมพา,private/passenger car,speeding,rear-end collision,4,0,0,clear,13.73111,100.7163906,straight road,no slope
6890543,2022-09-09T12:30:00Z,2022-09-12T14:23:00Z,กรุงเทพมหานคร,Bangkok,department of highways,แขวงคลองสองต้นนุ่น - พิมพา,4-wheel pickup truck,speeding,rear-end collision,2,0,0,clear,13.73111,100.7163879,straight road,no slope
6872798,2022-09-09T14:23:00Z,2022-09-09T19:42:00Z,กรุงเทพมหานคร,Bangkok,expressway authority of thailand,แจ้งวัฒนะ-พญาไท,other,other,other,1,0,1,clear,NA,NA,straight road,other
7072876,2022-09-09T14:30:00Z,2022-10-10T09:39:00Z,สมุทรสาคร,Samut Sakhon,department of highways,สมุทรสาคร - บางบอน,4-wheel pickup truck,speeding,rollover/fallen on straight road,1,0,0,clear,13.55796472,100.2897236,straight road,no slope
6938301,2022-09-09T16:20:00Z,2022-09-19T15:22:00Z,กรุงเทพมหานคร,Bangkok,department of rural roads,จุดเชื่อมต่อสะพานภูมิพลที่ 1 เข้าถนนวงแหวนอุตสาหกรรม,motorcycle,unfamiliarity with the route/unskilled driving,other,1,1,0,clear,13.664087,100.516628,grade-separated intersection/ramps,other
7054302,2022-09-09T16:30:00Z,2022-10-07T10:54:00Z,สมุทรปราการ,Samut Prakan,department of highways,แขวงคลองสองต้นนุ่น - พิมพา,large truck with trailer,vehicle equipment failure,rollover/fallen on straight road,1,0,1,clear,13.64430301,100.8838409,straight road,no slope
6882790,2022-09-09T16:45:00Z,2022-09-11T08:48:00Z,กรุงเทพมหานคร,Bangkok,department of highways,บางปะอิน - แขวงรามอินทรา,4-wheel pickup truck,speeding,rear-end collision,2,0,0,clear,13.91059481,100.6999084,straight road,no slope
7055117,2022-09-09T18:00:00Z,2022-10-07T13:36:00Z,กรุงเทพมหานคร,Bangkok,department of highways,บางปะอิน - แขวงรามอินทรา,4-wheel pickup truck,debris/obstruction on the road,rollover/fallen on straight road,1,0,1,clear,13.83810598,100.67292,straight road,no slope
7034124,2022-09-09T19:50:00Z,2022-10-04T11:18:00Z,สมุทรสาคร,Samut Sakhon,department of highways,แสมดำ - สะพานข้ามแม่น้ำท่าจีนฝั่งตะวันตก,private/passenger car,speeding,rear-end collision,3,0,0,clear,13.60379692,100.3713351,straight road,no slope
6982272,2022-09-10T00:50:00Z,2022-09-26T10:26:00Z,สมุทรปราการ,Samut Prakan,expressway authority of thailand,บางนา-ชลบุรี,other,other,collision with obstruction (on road surface),1,0,1,clear,13.594673,100.806021,straight road,other
6890479,2022-09-10T02:00:00Z,2022-09-12T14:10:00Z,กรุงเทพมหานคร,Bangkok,department of highways,แขวงคลองสองต้นนุ่น - พิมพา,private/passenger car,speeding,rollover/fallen on straight road,1,0,0,rainy,13.73323872,100.8067515,straight road,no slope
6877635,2022-09-10T13:10:00Z,2022-09-10T13:50:00Z,กรุงเทพมหานคร,Bangkok,expressway authority of thailand,หมอชิต-กาญจนาฯ,other,other,side collision,2,0,1,clear,NA,NA,straight road,other
7054340,2022-09-10T13:50:00Z,2022-10-07T10:58:00Z,กรุงเทพมหานคร,Bangkok,department of highways,แขวงรามอินทรา - บางพลี,private/passenger car,debris/obstruction on the road,collision with obstruction (on road surface),1,0,0,clear,13.80176192,100.6802666,straight road,no slope
6936734,2022-09-10T21:44:00Z,2022-09-19T09:44:00Z,ปทุมธานี,Pathum Thani,department of highways,บางปะอิน - แขวงรามอินทรา,private/passenger car,speeding,rear-end collision,4,0,0,clear,14.00754609,100.7050449,straight road,no slope
7139521,2022-09-11T00:44:00Z,2022-10-20T11:06:00Z,ปทุมธานี,Pathum Thani,department of highways,บางปะอิน - แขวงรามอินทรา,4-wheel pickup truck,speeding,rollover/fallen on straight road,1,0,0,clear,14.00754609,100.7050073,straight road,no slope
7033168,2022-09-11T01:30:00Z,2022-10-04T08:46:00Z,กรุงเทพมหานคร,Bangkok,department of highways,บางแค - คลองมหาสวัสดิ์,private/passenger car,speeding,rear-end collision,2,0,1,clear,13.73685517,100.4061127,other,other
6881623,2022-09-11T02:48:00Z,2022-09-11T03:50:00Z,กรุงเทพมหานคร,Bangkok,expressway authority of thailand,พญาไท-ศรีนครินทร์,other,other,collision with obstruction (on road surface),1,0,0,clear,13.74258955,100.6333301,wide curve,other
7564945,2022-09-11T08:50:00Z,2023-01-20T06:20:00Z,สมุทรปราการ,Samut Prakan,department of highways,บางนา - ทางเข้าท่าอากาศยานสุวรรณภูมิ,private/passenger car,speeding,rear-end collision,2,0,1,clear,13.65211461,100.677284,straight road,no slope
6887165,2022-09-11T23:48:00Z,2022-09-12T00:57:00Z,กรุงเทพมหานคร,Bangkok,expressway authority of thailand,พญาไท-บางโคล่,other,other,rear-end collision,2,0,3,rainy,13.71464863,100.5201868,wide curve,other
7565046,2022-09-12T01:00:00Z,2023-01-20T07:38:00Z,ปทุมธานี,Pathum Thani,department of highways,ต่างระดับคลองหลวง - ประตูน้ำพระอินทร์,4-wheel pickup truck,running red lights/traffic signals,rear-end collision,2,1,0,clear,14.12590877,100.6184846,straight road,no slope
6888907,2022-09-12T05:36:00Z,2022-09-12T08:50:00Z,ปทุมธานี,Pathum Thani,department of highways,บางปะอิน - แขวงรามอินทรา,large truck with trailer,speeding,rear-end collision,2,0,1,clear,14.06537566,100.6969473,straight road,no slope
6889726,2022-09-12T06:24:00Z,2022-09-12T11:36:00Z,กรุงเทพมหานคร,Bangkok,department of highways,แขวงคลองสองต้นนุ่น - พิมพา,private/passenger car,speeding,rear-end collision,2,0,0,rainy,13.73121422,100.7154867,straight road,no slope
6890340,2022-09-12T08:50:00Z,2022-09-12T13:49:00Z,สมุทรปราการ,Samut Prakan,department of highways,แขวงรามอินทรา - บางพลี,private/passenger car,speeding,rear-end collision,3,0,0,clear,13.64930486,100.6872859,wide curve,no slope
6890476,2022-09-12T10:16:00Z,2022-09-12T14:12:00Z,กรุงเทพมหานคร,Bangkok,department of highways,แขวงรามอินทรา - บางพลี,van,speeding,rear-end collision,2,0,1,clear,13.73306415,100.7055464,other,other
7054275,2022-09-12T10:30:00Z,2022-10-07T10:49:00Z,กรุงเทพมหานคร,Bangkok,department of highways,บางปะอิน - แขวงรามอินทรา,private/passenger car,cutting in closely by people/vehicles/animals,rear-end collision,2,0,2,clear,13.87797529,100.6830078,straight road,no slope
7041985,2022-09-12T11:00:00Z,2022-10-05T14:20:00Z,สมุทรปราการ,Samut Prakan,department of highways,แขวงรามอินทรา - บางพลี,other,speeding,rollover/fallen on straight road,1,0,0,clear,13.65204944,100.6879806,straight road,no slope
6982359,2022-09-12T22:54:00Z,2022-09-26T10:44:00Z,สมุทรปราการ,Samut Prakan,expressway authority of thailand,บางพลี-สุขสวัสดิ์,4-wheel pickup truck,other,rear-end collision,2,0,0,clear,13.62716,100.594942,straight road,other
6918498,2022-09-13T07:23:00Z,2022-09-16T13:41:00Z,สมุทรปราการ,Samut Prakan,department of highways,แขวงคลองสองต้นนุ่น - พิมพา,private/passenger car,speeding,rear-end collision,2,0,0,clear,13.65610241,100.8654705,straight road,no slope
6896566,2022-09-13T08:27:00Z,2022-09-13T12:13:00Z,กรุงเทพมหานคร,Bangkok,expressway authority of thailand,แจ้งวัฒนะ-พญาไท,other,other,other,1,0,0,clear,NA,NA,straight road,other
6902805,2022-09-13T13:03:00Z,2022-09-14T09:57:00Z,กรุงเทพมหานคร,Bangkok,department of highways,ถนนศรีนครินทร - แขวงคลองสองต้นนุ่น,private/passenger car,speeding,rear-end collision,2,0,6,clear,13.73262903,100.7020032,straight road,no slope
6930737,2022-09-13T14:50:00Z,2022-09-18T10:11:00Z,กรุงเทพมหานคร,Bangkok,department of highways,แขวงรามอินทรา - บางพลี,private/passenger car,speeding,rollover/fallen on straight road,1,0,0,rainy,13.71900429,100.7003724,straight road,no slope
6930736,2022-09-13T16:46:00Z,2022-09-18T10:10:00Z,กรุงเทพมหานคร,Bangkok,department of highways,แขวงรามอินทรา - บางพลี,4-wheel pickup truck,speeding,rollover/fallen on curved road,1,0,0,rainy,13.73303549,100.7054901,other,other
7054280,2022-09-14T04:20:00Z,2022-10-07T10:48:00Z,กรุงเทพมหานคร,Bangkok,department of highways,บางปะอิน - แขวงรามอินทรา,7-10-wheel truck,speeding,rear-end collision,2,0,1,clear,13.819327789999999,100.6757498,straight road,no slope
7054177,2022-09-14T09:39:00Z,2022-10-07T10:32:00Z,กรุงเทพมหานคร,Bangkok,department of highways,ถนนศรีนครินทร - แขวงคลองสองต้นนุ่น,6-wheel truck,overloaded vehicle,other,1,0,0,clear,13.74082851,100.6437671,straight road,no slope
6904627,2022-09-14T14:28:00Z,2022-09-14T16:15:00Z,กรุงเทพมหานคร,Bangkok,expressway authority of thailand,พญาไท-บางโคล่,other,other,collision with obstruction (on road surface),1,0,0,clear,NA,NA,grade-separated intersection/ramps,other
7034104,2022-09-14T15:40:00Z,2022-10-04T11:14:00Z,สมุทรสาคร,Samut Sakhon,department of highways,แสมดำ - สะพานข้ามแม่น้ำท่าจีนฝั่งตะวันตก,private/passenger car,cutting in closely by people/vehicles/animals,rear-end collision,2,0,0,clear,13.5676669,100.2835786,straight road,no slope
6982363,2022-09-14T17:17:00Z,2022-09-26T10:46:00Z,สมุทรปราการ,Samut Prakan,expressway authority of thailand,บางพลี-สุขสวัสดิ์,4-wheel pickup truck,other,rear-end collision,3,0,0,clear,13.620951,100.608366,straight road,other
6916648,2022-09-14T21:26:00Z,2022-09-16T09:48:00Z,กรุงเทพมหานคร,Bangkok,department of highways,ถนนศรีนครินทร - แขวงคลองสองต้นนุ่น,4-wheel pickup truck,speeding,rollover/fallen on straight road,1,0,1,clear,13.73605528,100.6733787,straight road,no slope
6916741,2022-09-15T12:10:00Z,2022-09-16T10:08:00Z,กรุงเทพมหานคร,Bangkok,department of highways,ถนนศรีนครินทร - แขวงคลองสองต้นนุ่น,7-10-wheel truck,speeding,rear-end collision,3,0,0,clear,13.73232939,100.7078478,straight road,no slope
7054120,2022-09-15T13:35:00Z,2022-10-07T10:20:00Z,กรุงเทพมหานคร,Bangkok,department of highways,บางปะอิน - แขวงรามอินทรา,4-wheel pickup truck,overloaded vehicle,rollover/fallen on straight road,1,0,0,clear,13.85755452,100.675554,straight road,no slope
7564430,2022-09-15T13:50:00Z,2023-01-19T14:52:00Z,สมุทรสาคร,Samut Sakhon,department of highways,สะพานข้ามแม่น้ำท่าจีนฝั่งตะวันตก - นาโคก,large truck with trailer,speeding,rear-end collision,3,0,1,clear,13.54289831,100.2408859,straight road,no slope
7444969,2022-09-15T16:50:00Z,2022-12-08T15:13:00Z,สมุทรสาคร,Samut Sakhon,department of highways,ไม่ทราบ,passenger pickup truck,speeding,rear-end collision,4,0,0,clear,13.53188343,100.2063471,straight road,no slope
7560670,2022-09-15T17:15:00Z,2023-01-16T10:55:00Z,กรุงเทพมหานคร,Bangkok,department of highways,ดินแดง - งามวงศ์วาน,motorcycle,cutting in closely by people/vehicles/animals,rear-end collision,3,0,2,clear,13.82616253,100.5580168,straight road,no slope
7444951,2022-09-15T18:00:00Z,2022-12-08T15:11:00Z,สมุทรสาคร,Samut Sakhon,department of highways,ไม่ทราบ,4-wheel pickup truck,speeding,rear-end collision,3,0,1,clear,13.5321755,100.2072188,straight road,no slope
7054152,2022-09-15T19:00:00Z,2022-10-07T10:25:00Z,สมุทรปราการ,Samut Prakan,department of highways,แขวงคลองสองต้นนุ่น - พิมพา,4-wheel pickup truck,speeding,other,1,0,0,clear,13.62807951,100.9091019,straight road,no slope
7132465,2022-09-15T22:34:00Z,2022-10-19T11:35:00Z,สมุทรปราการ,Samut Prakan,expressway authority of thailand,บางพลี-สุขสวัสดิ์,4-wheel pickup truck,other,rear-end collision,7,0,1,clear,13.624497,100.599831,wide curve,other
6982283,2022-09-16T02:10:00Z,2022-09-26T10:31:00Z,กรุงเทพมหานคร,Bangkok,expressway authority of thailand,บางนา-ชลบุรี,other,other,rear-end collision,2,0,3,clear,13.66861643,100.6296593,straight road,other
6916718,2022-09-16T03:20:00Z,2022-09-16T10:01:00Z,กรุงเทพมหานคร,Bangkok,department of highways,บางปะอิน - แขวงรามอินทรา,private/passenger car,speeding,rear-end collision,2,0,0,clear,13.91097753,100.7000989,straight road,no slope
7180444,2022-09-16T04:00:00Z,2022-10-26T15:42:00Z,นครปฐม,Nakhon Pathom,department of highways,อ้อมน้อย - ศาลายา,private/passenger car,speeding,rollover/fallen on straight road,1,0,1,rainy,13.72005959,100.2986473,straight road,no slope
7055143,2022-09-16T09:45:00Z,2022-10-07T13:43:00Z,สมุทรปราการ,Samut Prakan,department of highways,แขวงคลองสองต้นนุ่น - พิมพา,passenger pickup truck,speeding,rear-end collision,2,0,0,clear,13.67236568,100.8402336,straight road,no slope
7560665,2022-09-16T11:50:00Z,2023-01-16T10:57:00Z,กรุงเทพมหานคร,Bangkok,department of highways,ดินแดง - งามวงศ์วาน,private/passenger car,speeding,rear-end collision,4,0,0,clear,13.81417875,100.5592636,straight road,no slope
7055172,2022-09-16T13:39:00Z,2022-10-07T13:45:00Z,ปทุมธานี,Pathum Thani,department of highways,บางปะอิน - แขวงรามอินทรา,4-wheel pickup truck,speeding,rear-end collision,2,0,0,clear,14.00254152,100.7072255,straight road,no slope
6924574,2022-09-16T15:43:00Z,2022-09-17T10:29:00Z,กรุงเทพมหานคร,Bangkok,department of highways,ถนนศรีนครินทร - แขวงคลองสองต้นนุ่น,4-wheel pickup truck,speeding,rear-end collision,3,0,0,clear,13.73281923,100.7018289,straight road,no slope
7034153,2022-09-16T16:48:00Z,2022-10-04T11:28:00Z,กรุงเทพมหานคร,Bangkok,department of highways,แขวงคลองสองต้นนุ่น - พิมพา,private/passenger car,speeding,rear-end collision,2,0,0,clear,13.73042995,100.7227233,straight road,no slope
6981999,2022-09-16T19:32:00Z,2022-09-26T09:33:00Z,กรุงเทพมหานคร,Bangkok,expressway authority of thailand,ดินแดง-ท่าเรือ,4-wheel pickup truck,other,rear-end collision,2,0,0,clear,13.73514965,100.5515158,straight road,other
7008586,2022-09-16T20:58:00Z,2022-09-30T13:25:00Z,นครปฐม,Nakhon Pathom,department of highways,บ้านบ่อ - พระประโทน,private/passenger car,speeding,rear-end collision,2,0,3,clear,13.70895133,100.077357,straight road,no slope
6982046,2022-09-17T00:05:00Z,2022-09-26T09:41:00Z,กรุงเทพมหานคร,Bangkok,expressway authority of thailand,ดาวคะนอง-ท่าเรือ,other,other,collision with obstruction (on road surface),1,0,1,clear,13.69880482,100.5402996,straight road,other
6982038,2022-09-17T02:19:00Z,2022-09-26T09:40:00Z,กรุงเทพมหานคร,Bangkok,expressway authority of thailand,บางนา-ท่าเรือ,6-wheel truck,other,rear-end collision,2,0,1,clear,NA,NA,straight road,other
6944887,2022-09-17T02:58:00Z,2022-09-20T14:59:00Z,กรุงเทพมหานคร,Bangkok,department of highways,แขวงคลองสองต้นนุ่น - พิมพา,other,speeding,rear-end collision,2,0,0,rainy,13.73340027,100.7951322,straight road,no slope
7041107,2022-09-17T03:30:00Z,2022-10-05T11:27:00Z,นนทบุรี,Nonthaburi,department of highways,คลองบางไผ่ - คลองบางหลวง,4-wheel pickup truck,speeding,rollover/fallen on straight road,2,0,0,clear,13.92088379,100.4119813,straight road,no slope
6924739,2022-09-17T05:40:00Z,2022-09-17T11:12:00Z,กรุงเทพมหานคร,Bangkok,department of highways,แขวงรามอินทรา - บางพลี,7-10-wheel truck,speeding,rear-end collision,2,1,0,clear,13.67717668,100.699439,straight road,no slope
6924602,2022-09-17T09:10:00Z,2022-09-17T10:34:00Z,ปทุมธานี,Pathum Thani,department of highways,บางปะอิน - แขวงรามอินทรา,4-wheel pickup truck,speeding,rear-end collision,2,0,0,clear,13.94027072,100.7102644,straight road,no slope
7444828,2022-09-17T10:40:00Z,2022-12-08T15:25:00Z,สมุทรสาคร,Samut Sakhon,department of highways,ไม่ทราบ,6-wheel truck,speeding,rear-end collision,2,0,1,clear,13.52469636,100.1850182,straight road,no slope
6930485,2022-09-17T11:52:00Z,2022-09-18T09:17:00Z,กรุงเทพมหานคร,Bangkok,department of highways,ถนนศรีนครินทร - แขวงคลองสองต้นนุ่น,4-wheel pickup truck,speeding,rear-end collision,2,0,0,clear,13.73189687,100.7105756,straight road,no slope
6930234,2022-09-17T15:20:00Z,2022-09-18T08:04:00Z,กรุงเทพมหานคร,Bangkok,department of highways,บางปะอิน - แขวงรามอินทรา,large truck with trailer,speeding,rear-end collision,2,0,0,clear,13.88197226,100.6851911,straight road,no slope
7041173,2022-09-17T15:30:00Z,2022-10-05T11:39:00Z,กรุงเทพมหานคร,Bangkok,department of highways,แขวงรามอินทรา - บางพลี,private/passenger car,speeding,rear-end collision,2,0,0,clear,13.80364515,100.679757,straight road,no slope
7041102,2022-09-17T16:40:00Z,2022-10-05T11:29:00Z,นนทบุรี,Nonthaburi,department of highways,คลองบางไผ่ - คลองบางหลวง,private/passenger car,speeding,rear-end collision,3,0,2,clear,13.94624761,100.4211464,straight road,no slope
6938723,2022-09-17T22:00:00Z,2022-09-19T16:40:00Z,กรุงเทพมหานคร,Bangkok,department of rural roads,สะพานภูมิพลที่ 1 ไปสะพานภูมิพลที่ 2,private/passenger car,speeding,other,2,0,1,clear,13.671581,100.538688,straight road,slope area
6930794,2022-09-17T22:45:00Z,2022-09-18T10:31:00Z,กรุงเทพมหานคร,Bangkok,department of highways,ถนนศรีนครินทร - แขวงคลองสองต้นนุ่น,private/passenger car,speeding,rear-end collision,3,0,0,clear,13.73770716,100.6577629,straight road,no slope
7414622,2022-09-18T01:00:00Z,2022-11-29T09:04:00Z,นนทบุรี,Nonthaburi,department of highways,บางบัวทอง - ไทรน้อย,private/passenger car,speeding,rollover/fallen on straight road,1,0,0,clear,13.92452596,100.4146582,straight road,no slope
6930830,2022-09-18T04:50:00Z,2022-09-18T10:49:00Z,กรุงเทพมหานคร,Bangkok,department of highways,แขวงรามอินทรา - บางพลี,private/passenger car,speeding,rear-end collision,2,0,2,clear,13.77162544,100.6904831,straight road,no slope
6930920,2022-09-18T07:30:00Z,2022-09-18T11:09:00Z,กรุงเทพมหานคร,Bangkok,department of highways,แขวงรามอินทรา - บางพลี,7-10-wheel truck,speeding,rear-end collision,2,0,0,clear,13.76359117,100.6950214,straight road,no slope
7055231,2022-09-18T12:37:00Z,2022-10-07T13:57:00Z,ปทุมธานี,Pathum Thani,department of highways,บางปะอิน - แขวงรามอินทรา,4-wheel pickup truck,speeding,rollover/fallen on straight road,1,0,0,rainy,14.0041889,100.7064906,straight road,no slope
7055232,2022-09-18T17:17:00Z,2022-10-07T13:58:00Z,ปทุมธานี,Pathum Thani,department of highways,บางปะอิน - แขวงรามอินทรา,private/passenger car,speeding,rear-end collision,3,0,0,clear,14.0453878,100.6984413,straight road,no slope
6934389,2022-09-18T22:09:00Z,2022-09-18T23:09:00Z,กรุงเทพมหานคร,Bangkok,expressway authority of thailand,พญาไท-บางโคล่,other,other,side collision,2,0,0,rainy,13.76250523,100.5261421,straight road,other
7055233,2022-09-18T23:07:00Z,2022-10-07T13:59:00Z,ปทุมธานี,Pathum Thani,department of highways,บางปะอิน - แขวงรามอินทรา,4-wheel pickup truck,speeding,rear-end collision,2,0,0,clear,14.07443492,100.6957322,straight road,no slope
6935407,2022-09-19T00:03:00Z,2022-09-19T03:10:00Z,นนทบุรี,Nonthaburi,expressway authority of thailand,แจ้งวัฒนะ-พญาไท,other,other,collision with obstruction (on road surface),1,0,0,rainy,13.85237538,100.5331147,straight road,other
6938719,2022-09-19T01:00:00Z,2022-09-19T16:41:00Z,นนทบุรี,Nonthaburi,department of rural roads,ถนนราชพฤกษ์,private/passenger car,speeding,other,1,1,0,rainy,13.881705,100.450814,y-intersection,other
7564470,2022-09-19T03:30:00Z,2023-01-19T15:13:00Z,สมุทรสาคร,Samut Sakhon,department of highways,สะพานข้ามแม่น้ำท่าจีนฝั่งตะวันตก - นาโคก,private/passenger car,cutting in closely by people/vehicles/animals,rear-end collision,2,0,0,clear,13.54482013,100.2560484,straight road,no slope
6937253,2022-09-19T04:30:00Z,2022-09-19T11:27:00Z,กรุงเทพมหานคร,Bangkok,department of highways,แขวงรามอินทรา - บางพลี,4-wheel pickup truck,speeding,rollover/fallen on curved road,1,0,0,clear,13.73304591,100.7055089,other,other
6938725,2022-09-19T06:30:00Z,2022-09-19T16:40:00Z,กรุงเทพมหานคร,Bangkok,department of rural roads,สะพานภูมิพลที่ 2 ไปสะพานภูมิพลที่ 1,motorcycle,abrupt lane change,other,2,0,1,clear,13.683334,100.541623,wide curve,slope area
6936437,2022-09-19T07:33:00Z,2022-09-19T08:38:00Z,กรุงเทพมหานคร,Bangkok,expressway authority of thailand,พญาไท-ศรีนครินทร์,4-wheel pickup truck,other,rear-end collision,2,0,0,clear,13.74219859,100.6315289,straight road,other
6937355,2022-09-19T08:06:00Z,2022-09-19T11:50:00Z,กรุงเทพมหานคร,Bangkok,department of highways,แขวงรามอินทรา - บางพลี,private/passenger car,speeding,rear-end collision,2,0,0,clear,13.76409397,100.6947505,straight road,no slope
6982160,2022-09-19T10:03:00Z,2022-09-26T10:05:00Z,กรุงเทพมหานคร,Bangkok,expressway authority of thailand,รามอินทรา-อาจณรงค์,6-wheel truck,other,rear-end collision,2,0,1,clear,NA,NA,straight road,other
6937427,2022-09-19T10:12:00Z,2022-09-19T12:12:00Z,กรุงเทพมหานคร,Bangkok,department of highways,ถนนศรีนครินทร - แขวงคลองสองต้นนุ่น,private/passenger car,speeding,rear-end collision,2,0,0,clear,13.73241277,100.7073811,straight road,no slope
7033346,2022-09-19T12:40:00Z,2022-10-04T09:19:00Z,กรุงเทพมหานคร,Bangkok,department of highways,อุดมสุข - สมุทรปราการ,private/passenger car,speeding,rollover/fallen on straight road,1,0,0,clear,13.66044981,100.6433675,straight road,no slope
7028351,2022-09-19T21:42:00Z,2022-10-03T14:37:00Z,กรุงเทพมหานคร,Bangkok,expressway authority of thailand,แจ้งวัฒนะ-พญาไท,other,other,collision with obstruction (on road surface),1,0,0,clear,13.80243237,100.5426265,straight road,other
7444824,2022-09-20T00:33:00Z,2022-12-08T14:58:00Z,สมุทรสาคร,Samut Sakhon,department of highways,ไม่ทราบ,large truck with trailer,speeding,rear-end collision,2,0,0,clear,13.53933105,100.2284512,straight road,no slope
7072879,2022-09-20T01:45:00Z,2022-10-10T09:38:00Z,กรุงเทพมหานคร,Bangkok,department of highways,แขวงรามอินทรา - บางพลี,private/passenger car,speeding,rollover/fallen on straight road,1,0,0,clear,13.72944504,100.7018557,other,other
7565044,2022-09-20T03:20:00Z,2023-01-20T07:39:00Z,ปทุมธานี,Pathum Thani,department of highways,ต่างระดับรังสิต - วัดนาบุญ,4-wheel pickup truck,speeding,rollover/fallen on straight road,2,0,0,clear,14.00710627,100.7035884,straight road,no slope
7073258,2022-09-20T06:23:00Z,2022-10-10T10:40:00Z,กรุงเทพมหานคร,Bangkok,department of highways,แขวงคลองสองต้นนุ่น - พิมพา,4-wheel pickup truck,speeding,rollover/fallen on straight road,1,0,0,clear,13.73244664,100.7860851,straight road,no slope
6944241,2022-09-20T11:57:00Z,2022-09-20T12:35:00Z,กรุงเทพมหานคร,Bangkok,expressway authority of thailand,แจ้งวัฒนะ-พญาไท,other,other,other,1,0,0,rainy,NA,NA,other,other
7560682,2022-09-20T12:20:00Z,2023-01-16T11:06:00Z,กรุงเทพมหานคร,Bangkok,department of highways,ดินแดง - งามวงศ์วาน,private/passenger car,speeding,rear-end collision,2,0,0,rainy,13.8159725,100.5590191,straight road,no slope
7564467,2022-09-20T15:05:00Z,2023-01-19T15:10:00Z,สมุทรสาคร,Samut Sakhon,department of highways,แสมดำ - สะพานข้ามแม่น้ำท่าจีนฝั่งตะวันตก,4-wheel pickup truck,speeding,rollover/fallen on straight road,1,0,0,clear,13.58027575,100.3079223,straight road,no slope
7564444,2022-09-20T21:00:00Z,2023-01-19T14:59:00Z,สมุทรสาคร,Samut Sakhon,department of highways,แสมดำ - สะพานข้ามแม่น้ำท่าจีนฝั่งตะวันตก,private/passenger car,speeding,rear-end collision,5,0,0,clear,13.5672419,100.2827686,straight road,no slope
7564462,2022-09-20T22:50:00Z,2023-01-19T15:09:00Z,สมุทรสาคร,Samut Sakhon,department of highways,แสมดำ - สะพานข้ามแม่น้ำท่าจีนฝั่งตะวันตก,private/passenger car,driving under the influence of alcohol,rollover/fallen on straight road,1,0,0,clear,13.58415526,100.3153816,straight road,no slope
7565005,2022-09-21T07:54:00Z,2023-01-20T06:55:00Z,สมุทรปราการ,Samut Prakan,department of highways,ทางเข้าท่าอากาศยานสุวรรณภูมิ - บางวัว,private/passenger car,speeding,rear-end collision,2,0,1,clear,13.59854774,100.7952891,straight road,no slope
7564465,2022-09-21T12:10:00Z,2023-01-19T15:12:00Z,สมุทรสาคร,Samut Sakhon,department of highways,แสมดำ - สะพานข้ามแม่น้ำท่าจีนฝั่งตะวันตก,4-wheel pickup truck,vehicle equipment failure,rollover/fallen on straight road,1,0,0,clear,13.58487223,100.3168622,straight road,no slope
7560809,2022-09-21T14:00:00Z,2023-01-16T14:27:00Z,กรุงเทพมหานคร,Bangkok,department of highways,ดินแดง - งามวงศ์วาน,motorcycle,speeding,rear-end collision,2,0,1,clear,13.7766861,100.5550601,straight road,no slope
6952010,2022-09-21T14:54:00Z,2022-09-21T17:44:00Z,กรุงเทพมหานคร,Bangkok,expressway authority of thailand,แจ้งวัฒนะ-พญาไท,other,other,side collision,1,0,0,clear,NA,NA,other,other
7564469,2022-09-21T19:35:00Z,2023-01-19T15:13:00Z,สมุทรสาคร,Samut Sakhon,department of highways,สะพานข้ามแม่น้ำท่าจีนฝั่งตะวันตก - นาโคก,private/passenger car,speeding,rollover/fallen on straight road,1,0,0,clear,13.54428296,100.2532106,straight road,no slope
6956426,2022-09-21T20:04:00Z,2022-09-22T09:35:00Z,กรุงเทพมหานคร,Bangkok,department of highways,แขวงรามอินทรา - บางพลี,private/passenger car,speeding,rear-end collision,2,0,0,clear,13.76837425,100.6922695,straight road,no slope
7565026,2022-09-21T23:20:00Z,2023-01-20T07:18:00Z,ปทุมธานี,Pathum Thani,department of highways,ต่างระดับรังสิต - วัดนาบุญ,private/passenger car,speeding,rollover/fallen on straight road,1,0,0,clear,14.02127394,100.7370151,straight road,no slope
7072744,2022-09-22T00:30:00Z,2022-10-10T09:10:00Z,กรุงเทพมหานคร,Bangkok,department of highways,แขวงคลองสองต้นนุ่น - พิมพา,4-wheel pickup truck,speeding,rollover/fallen on straight road,1,0,1,clear,13.729518,100.7435775,straight road,no slope
6954747,2022-09-22T02:00:00Z,2022-09-22T03:05:00Z,กรุงเทพมหานคร,Bangkok,expressway authority of thailand,พญาไท-ศรีนครินทร์,other,other,collision with obstruction (on road surface),1,0,0,rainy,13.75104648,100.5954058,merge lane,other
6956564,2022-09-22T02:04:00Z,2022-09-22T10:07:00Z,กรุงเทพมหานคร,Bangkok,department of highways,ถนนศรีนครินทร - แขวงคลองสองต้นนุ่น,private/passenger car,speeding,rear-end collision,4,0,1,rainy,13.73528666,100.6792983,straight road,no slope
6954948,2022-09-22T02:32:00Z,2022-09-22T04:02:00Z,กรุงเทพมหานคร,Bangkok,expressway authority of thailand,พญาไท-ศรีนครินทร์,other,other,collision with obstruction (on road surface),1,0,0,rainy,13.75473716,100.5802173,straight road,other
7561798,2022-09-22T04:00:00Z,2023-01-17T14:45:00Z,นนทบุรี,Nonthaburi,department of highways,คลองวัดแดง - บางบัวทอง,private/passenger car,speeding,rollover/fallen on straight road,1,0,0,clear,13.87873303,100.4339245,straight road,no slope
7047212,2022-09-22T08:00:00Z,2022-10-06T09:45:00Z,นครปฐม,Nakhon Pathom,department of highways,ลาดบัวหลวง - สองพี่น้อง,private/passenger car,speeding,rear-end collision,2,0,1,clear,14.15927589,100.2088281,straight road,no slope
7560680,2022-09-22T08:10:00Z,2023-01-16T11:07:00Z,กรุงเทพมหานคร,Bangkok,department of highways,ดินแดง - งามวงศ์วาน,private/passenger car,speeding,rear-end collision,2,0,0,clear,13.76667628,100.5495123,straight road,no slope
7564383,2022-09-22T08:20:00Z,2023-01-19T14:22:00Z,สมุทรสาคร,Samut Sakhon,department of highways,อ้อมน้อย - สมุทรสาคร,large passenger vehicle,speeding,head-on collision (not overtaking),3,0,1,rainy,13.64812205,100.288434,straight road,no slope
7072838,2022-09-22T15:03:00Z,2022-10-10T09:34:00Z,ปทุมธานี,Pathum Thani,department of highways,บางปะอิน - แขวงรามอินทรา,4-wheel pickup truck,speeding,rear-end collision,2,0,0,clear,14.01178544,100.7034409,other,other
6982190,2022-09-23T00:11:00Z,2022-09-26T10:09:00Z,กรุงเทพมหานคร,Bangkok,expressway authority of thailand,รามอินทรา-อาจณรงค์,other,other,collision with obstruction (on road surface),2,0,2,rainy,13.770622,100.605593,grade-separated intersection/ramps,other
6982183,2022-09-23T01:24:00Z,2022-09-26T10:09:00Z,กรุงเทพมหานคร,Bangkok,expressway authority of thailand,รามอินทรา-วงแหวนรอบนอก,other,other,collision with obstruction (on road surface),1,0,2,rainy,13.892578,100.658793,straight road,other
7567876,2022-09-23T02:30:00Z,2023-01-24T07:04:00Z,นครปฐม,Nakhon Pathom,department of highways,ดอนตูม - ลำลูกบัว,4-wheel pickup truck,slippery road,rear-end collision,2,0,0,rainy,13.96588749,100.0882494,straight road,no slope
6963344,2022-09-23T05:27:00Z,2022-09-23T11:23:00Z,กรุงเทพมหานคร,Bangkok,department of highways,แขวงคลองสองต้นนุ่น - พิมพา,private/passenger car,speeding,rear-end collision,2,0,0,rainy,13.7313002,100.7634151,straight road,no slope
7028269,2022-09-23T06:39:00Z,2022-10-03T14:26:00Z,สมุทรปราการ,Samut Prakan,expressway authority of thailand,บางนา-ชลบุรี,other,other,rollover/fallen on straight road,1,0,0,clear,13.586058,100.846649,straight road,other
6965653,2022-09-23T14:38:00Z,2022-09-23T19:36:00Z,กรุงเทพมหานคร,Bangkok,expressway authority of thailand,พญาไท-ศรีนครินทร์,4-wheel pickup truck,other,rear-end collision,2,0,0,clear,13.7582708,100.5485787,straight road,other
7564443,2022-09-23T16:17:00Z,2023-01-19T14:58:00Z,สมุทรสาคร,Samut Sakhon,department of highways,แสมดำ - สะพานข้ามแม่น้ำท่าจีนฝั่งตะวันตก,private/passenger car,debris/obstruction on the road,other,1,0,0,clear,13.57421389,100.2961367,straight road,no slope
6983533,2022-09-23T20:50:00Z,2022-09-26T14:59:00Z,กรุงเทพมหานคร,Bangkok,department of highways,แขวงคลองสองต้นนุ่น - พิมพา,private/passenger car,speeding,rear-end collision,2,0,0,clear,13.72924962,100.7335728,straight road,no slope
7072835,2022-09-24T00:05:00Z,2022-10-10T09:32:00Z,กรุงเทพมหานคร,Bangkok,department of highways,แขวงรามอินทรา - บางพลี,private/passenger car,speeding,rollover/fallen on straight road,1,0,1,rainy,13.7055325,100.6998387,straight road,no slope
6983481,2022-09-24T00:47:00Z,2022-09-26T14:45:00Z,กรุงเทพมหานคร,Bangkok,department of highways,แขวงคลองสองต้นนุ่น - พิมพา,private/passenger car,speeding,rear-end collision,2,0,0,clear,13.73414023,100.8014569,straight road,no slope
7072651,2022-09-24T02:00:00Z,2022-10-10T08:53:00Z,กรุงเทพมหานคร,Bangkok,department of highways,แขวงคลองสองต้นนุ่น - พิมพา,4-wheel pickup truck,speeding,rollover/fallen on straight road,1,0,0,rainy,13.73193856,100.7697183,other,other
6982390,2022-09-24T03:34:00Z,2022-09-26T10:54:00Z,สมุทรปราการ,Samut Prakan,expressway authority of thailand,บางพลี-สุขสวัสดิ์,4-wheel pickup truck,other,rear-end collision,3,0,1,rainy,13.626656,100.59576,merge lane,other
6969656,2022-09-24T04:10:00Z,2022-09-24T09:37:00Z,กรุงเทพมหานคร,Bangkok,department of highways,แขวงรามอินทรา - บางพลี,private/passenger car,speeding,rear-end collision,2,0,1,rainy,13.80872435,100.678609,straight road,no slope
7561725,2022-09-24T04:30:00Z,2023-01-17T14:02:00Z,ปทุมธานี,Pathum Thani,department of highways,วัดนาบุญ - คลอง 14,4-wheel pickup truck,speeding,rollover/fallen on straight road,1,0,0,clear,14.03121494,100.7613185,other,other
6982385,2022-09-24T09:41:00Z,2022-09-26T10:53:00Z,สมุทรปราการ,Samut Prakan,expressway authority of thailand,บางพลี-สุขสวัสดิ์,other,other,rear-end collision,3,0,5,clear,13.627777,100.593292,straight road,other
7072772,2022-09-24T14:00:00Z,2022-10-10T09:18:00Z,ปทุมธานี,Pathum Thani,department of highways,บางปะอิน - แขวงรามอินทรา,4-wheel pickup truck,vehicle equipment failure,rollover/fallen on straight road,1,0,2,clear,14.0418152,100.6984359,straight road,no slope
7565045,2022-09-24T14:30:00Z,2023-01-20T07:36:00Z,ปทุมธานี,Pathum Thani,department of highways,ต่างระดับรังสิต - สะพานคลองเปรม,large truck with trailer,speeding,rollover/fallen on straight road,2,0,1,clear,13.98760785,100.6109637,straight road,no slope
6983089,2022-09-24T15:00:00Z,2022-09-26T13:28:00Z,ปทุมธานี,Pathum Thani,department of highways,บางปะอิน - แขวงรามอินทรา,large truck with trailer,speeding,rollover/fallen on straight road,1,0,1,clear,14.08666514,100.69419,other,other
6975944,2022-09-24T16:43:00Z,2022-09-25T09:29:00Z,ปทุมธานี,Pathum Thani,department of highways,บางปะอิน - แขวงรามอินทรา,private/passenger car,speeding,rear-end collision,2,0,0,clear,14.1022401,100.6859234,straight road,no slope
7072814,2022-09-24T17:19:00Z,2022-10-10T09:29:00Z,ปทุมธานี,Pathum Thani,department of highways,บางปะอิน - แขวงรามอินทรา,large truck with trailer,vehicle equipment failure,other,1,0,0,clear,14.00430601,100.7067588,straight road,no slope
6983387,2022-09-24T20:38:00Z,2022-09-26T14:28:00Z,สมุทรปราการ,Samut Prakan,department of highways,แขวงคลองสองต้นนุ่น - พิมพา,4-wheel pickup truck,speeding,rear-end collision,3,0,0,clear,13.61873954,100.9236449,straight road,no slope
6983287,2022-09-24T20:47:00Z,2022-09-26T14:12:00Z,กรุงเทพมหานคร,Bangkok,department of highways,แขวงคลองสองต้นนุ่น - พิมพา,private/passenger car,speeding,rear-end collision,4,0,6,clear,13.72930174,100.7353914,straight road,no slope
6982210,2022-09-25T00:44:00Z,2022-09-26T10:13:00Z,กรุงเทพมหานคร,Bangkok,expressway authority of thailand,รามอินทรา-อาจณรงค์,other,other,collision with obstruction (on road surface),1,0,0,clear,NA,NA,wide curve,other
6974413,2022-09-25T01:36:00Z,2022-09-25T02:58:00Z,นนทบุรี,Nonthaburi,expressway authority of thailand,แจ้งวัฒนะ-พญาไท,other,other,rear-end collision,3,0,1,rainy,13.84740824,100.5331331,straight road,other
6976705,2022-09-25T01:52:00Z,2022-09-25T12:36:00Z,กรุงเทพมหานคร,Bangkok,department of highways,แขวงรามอินทรา - บางพลี,private/passenger car,speeding,rollover/fallen on straight road,1,0,1,clear,13.68733524,100.6995597,straight road,no slope
7041183,2022-09-25T03:57:00Z,2022-10-05T11:36:00Z,กรุงเทพมหานคร,Bangkok,department of highways,แขวงรามอินทรา - บางพลี,private/passenger car,speeding,rollover/fallen on straight road,1,0,1,rainy,13.79776357,100.6813529,straight road,no slope
7442515,2022-09-25T04:30:00Z,2022-12-08T10:23:00Z,ปทุมธานี,Pathum Thani,department of highways,ไม่ทราบ,6-wheel truck,speeding,rollover/fallen on straight road,1,0,3,rainy,14.06968158,100.4881802,straight road,no slope
6982704,2022-09-25T05:57:00Z,2022-09-26T11:53:00Z,กรุงเทพมหานคร,Bangkok,department of highways,แขวงคลองสองต้นนุ่น - พิมพา,4-wheel pickup truck,speeding,rear-end collision,2,0,0,rainy,13.73193595,100.7697236,straight road,no slope
7561740,2022-09-25T07:00:00Z,2023-01-17T14:13:00Z,ปทุมธานี,Pathum Thani,department of highways,ลำลูกกา - คลอง 16,private/passenger car,speeding,pedestrian collision,1,0,1,clear,13.9443369,100.7748493,other,other
6977078,2022-09-25T10:35:00Z,2022-09-25T14:02:00Z,ปทุมธานี,Pathum Thani,department of highways,บางปะอิน - แขวงรามอินทรา,4-wheel pickup truck,speeding,rear-end collision,3,0,0,clear,13.98554912,100.7131317,straight road,no slope
6977235,2022-09-25T11:25:00Z,2022-09-25T14:31:00Z,กรุงเทพมหานคร,Bangkok,department of highways,บางปะอิน - แขวงรามอินทรา,large truck with trailer,speeding,rear-end collision,2,0,0,clear,13.90064124,100.694713,straight road,no slope
6981690,2022-09-25T13:15:00Z,2022-09-26T08:20:00Z,กรุงเทพมหานคร,Bangkok,department of highways,บางปะอิน - แขวงรามอินทรา,4-wheel pickup truck,speeding,rollover/fallen on straight road,1,0,0,clear,13.84529911,100.6723192,straight road,no slope
6983976,2022-09-25T18:45:00Z,2022-09-26T16:11:00Z,นนทบุรี,Nonthaburi,department of rural roads,แยกทางหลวงหมายเลข 9 (กม.ที่ 31+100) - แยกทางหลวงชนบท นฐ.3004 (กม.ที่ 26+700),motorcycle,tailgating,other,2,0,1,clear,13.811412,100.351475,straight road,no slope
6981797,2022-09-25T19:53:00Z,2022-09-26T08:42:00Z,ปทุมธานี,Pathum Thani,department of highways,บางปะอิน - แขวงรามอินทรา,4-wheel pickup truck,speeding,rear-end collision,2,0,0,clear,13.94734874,100.7121071,straight road,no slope
6981986,2022-09-25T21:36:00Z,2022-09-26T09:28:00Z,กรุงเทพมหานคร,Bangkok,department of highways,แขวงรามอินทรา - บางพลี,4-wheel pickup truck,speeding,rollover/fallen on straight road,1,0,3,clear,13.68642312,100.6993452,straight road,no slope
7564435,2022-09-25T22:10:00Z,2023-01-19T14:50:00Z,สมุทรสาคร,Samut Sakhon,department of highways,แสมดำ - สะพานข้ามแม่น้ำท่าจีนฝั่งตะวันตก,motorcycle,speeding,rear-end collision,2,0,3,clear,13.59264668,100.3583211,other,other
6996018,2022-09-26T00:07:00Z,2022-09-28T14:26:00Z,กรุงเทพมหานคร,Bangkok,department of rural roads,สะพานภูมิพลที่ 1 ไปสะพานภูมิพลที่ 2,private/passenger car,tailgating,other,2,0,1,rainy,13.675162,100.539227,straight road,slope area
7561743,2022-09-26T06:35:00Z,2023-01-17T14:14:00Z,ปทุมธานี,Pathum Thani,department of highways,ลำลูกกา - คลอง 16,4-wheel pickup truck,speeding,rear-end collision,2,0,0,clear,13.93459825,100.7366198,straight road,no slope
6982624,2022-09-26T06:38:00Z,2022-09-26T11:39:00Z,กรุงเทพมหานคร,Bangkok,department of highways,แขวงคลองสองต้นนุ่น - พิมพา,4-wheel pickup truck,speeding,rollover/fallen on straight road,1,0,0,rainy,13.73151907,100.7642975,straight road,no slope
6989617,2022-09-26T07:39:00Z,2022-09-27T14:33:00Z,กรุงเทพมหานคร,Bangkok,department of highways,แขวงคลองสองต้นนุ่น - พิมพา,4-wheel pickup truck,speeding,rollover/fallen on straight road,1,0,0,clear,13.73403341,100.800553,straight road,no slope
6982237,2022-09-26T07:50:00Z,2022-09-26T10:19:00Z,กรุงเทพมหานคร,Bangkok,department of highways,แขวงคลองสองต้นนุ่น - พิมพา,4-wheel pickup truck,speeding,rear-end collision,2,0,0,rainy,13.73290521,100.79061,straight road,no slope
7033773,2022-09-26T09:50:00Z,2022-10-04T10:28:00Z,กรุงเทพมหานคร,Bangkok,department of highways,แขวงคลองสองต้นนุ่น - พิมพา,4-wheel pickup truck,speeding,rollover/fallen on straight road,1,0,0,clear,13.73151907,100.7642975,straight road,no slope
6984128,2022-09-26T10:27:00Z,2022-09-26T16:47:00Z,ปทุมธานี,Pathum Thani,department of highways,บางปะอิน - แขวงรามอินทรา,4-wheel pickup truck,speeding,rollover/fallen on straight road,1,0,1,clear,14.0091622,100.7042938,straight road,no slope
6984010,2022-09-26T11:35:00Z,2022-09-26T16:16:00Z,กรุงเทพมหานคร,Bangkok,department of highways,บางปะอิน - แขวงรามอินทรา,large truck with trailer,speeding,rear-end collision,2,0,0,rainy,13.90716071,100.6981248,straight road,no slope
6984165,2022-09-26T11:35:00Z,2022-09-26T17:00:00Z,กรุงเทพมหานคร,Bangkok,department of highways,บางปะอิน - แขวงรามอินทรา,4-wheel pickup truck,speeding,rear-end collision,2,0,3,rainy,13.88523749,100.6868541,straight road,no slope
7072694,2022-09-26T11:55:00Z,2022-10-10T09:04:00Z,กรุงเทพมหานคร,Bangkok,department of highways,บางปะอิน - แขวงรามอินทรา,4-wheel pickup truck,speeding,rollover/fallen on straight road,1,0,1,rainy,13.82916504,100.6741431,straight road,no slope
6983790,2022-09-26T12:45:00Z,2022-09-26T15:43:00Z,กรุงเทพมหานคร,Bangkok,department of highways,บางปะอิน - แขวงรามอินทรา,private/passenger car,speeding,rear-end collision,2,0,0,rainy,13.83004535,100.6740144,straight road,no slope
6983669,2022-09-26T13:30:00Z,2022-09-26T15:23:00Z,กรุงเทพมหานคร,Bangkok,department of highways,บางปะอิน - แขวงรามอินทรา,4-wheel pickup truck,speeding,rollover/fallen on straight road,1,0,2,rainy,13.88444072,100.6863633,straight road,no slope
6988190,2022-09-26T16:38:00Z,2022-09-27T09:09:00Z,กรุงเทพมหานคร,Bangkok,department of highways,ถนนศรีนครินทร - แขวงคลองสองต้นนุ่น,4-wheel pickup truck,speeding,rollover/fallen on straight road,1,0,1,clear,13.73156857,100.7114178,straight road,no slope
6988478,2022-09-26T19:50:00Z,2022-09-27T10:09:00Z,กรุงเทพมหานคร,Bangkok,department of highways,แขวงรามอินทรา - บางพลี,4-wheel pickup truck,speeding,rear-end collision,2,0,1,clear,13.72578158,100.7014587,straight road,no slope
7564449,2022-09-26T21:42:00Z,2023-01-19T15:00:00Z,สมุทรสาคร,Samut Sakhon,department of highways,แสมดำ - สะพานข้ามแม่น้ำท่าจีนฝั่งตะวันตก,private/passenger car,speeding,rear-end collision,2,0,0,clear,13.60314257,100.3706941,straight road,no slope
7414639,2022-09-26T22:00:00Z,2022-11-29T09:09:00Z,นครปฐม,Nakhon Pathom,department of highways,ดอนตูม - บางเลน,4-wheel pickup truck,speeding,rollover/fallen on straight road,1,0,0,clear,13.98015887,100.1627478,straight road,no slope
6988675,2022-09-27T07:45:00Z,2022-09-27T10:46:00Z,กรุงเทพมหานคร,Bangkok,department of highways,แขวงรามอินทรา - บางพลี,private/passenger car,speeding,rear-end collision,2,0,0,clear,13.76156432,100.6961185,straight road,no slope
6989671,2022-09-27T13:49:00Z,2022-09-27T14:49:00Z,กรุงเทพมหานคร,Bangkok,department of highways,แขวงคลองสองต้นนุ่น - พิมพา,4-wheel pickup truck,speeding,rear-end collision,2,0,0,clear,13.73062536,100.7209128,straight road,no slope
7561745,2022-09-27T14:28:00Z,2023-01-17T14:12:00Z,ปทุมธานี,Pathum Thani,department of highways,ลำลูกกา - คลอง 16,4-wheel pickup truck,speeding,rear-end collision,2,0,0,clear,13.95770116,100.8601114,other,other
6989951,2022-09-27T14:44:00Z,2022-09-27T15:31:00Z,กรุงเทพมหานคร,Bangkok,expressway authority of thailand,พญาไท-ศรีนครินทร์,other,other,collision with obstruction (on road surface),1,0,0,clear,NA,NA,other,other
6995787,2022-09-27T21:21:00Z,2022-09-28T13:38:00Z,กรุงเทพมหานคร,Bangkok,department of highways,แขวงคลองสองต้นนุ่น - พิมพา,large truck with trailer,speeding,rear-end collision,2,0,0,clear,13.72213109,100.8141732,straight road,no slope
6996020,2022-09-28T02:55:00Z,2022-09-28T14:26:00Z,กรุงเทพมหานคร,Bangkok,department of rural roads,สะพานภูมิพลที่ 1 ไปสะพานภูมิพลที่ 2,motorcycle,running red lights/traffic signals,other,1,1,0,clear,13.673304,100.538932,straight road,slope area
7564468,2022-09-28T04:35:00Z,2023-01-19T15:11:00Z,สมุทรสาคร,Samut Sakhon,department of highways,แสมดำ - สะพานข้ามแม่น้ำท่าจีนฝั่งตะวันตก,private/passenger car,speeding,rollover/fallen on straight road,1,0,0,clear,13.57736607,100.3022253,straight road,no slope
7567879,2022-09-28T14:50:00Z,2023-01-24T07:05:00Z,นครปฐม,Nakhon Pathom,department of highways,หนองปลาไหล - กำแพงแสน,private/passenger car,speeding,rear-end collision,3,0,1,clear,14.03401148,99.99137877,straight road,no slope
7567871,2022-09-28T17:30:00Z,2023-01-24T06:59:00Z,นครปฐม,Nakhon Pathom,department of highways,บางเลน - ลำลูกบัว,large truck with trailer,speeding,rollover/fallen on straight road,1,0,0,clear,14.02484653,100.1421417,other,other
7008411,2022-09-28T19:00:00Z,2022-09-30T12:58:00Z,กรุงเทพมหานคร,Bangkok,department of rural roads,ออกจากสะพานภูมิพลที่ 2 ไปถนนวงแหวนอุตสาหกรรม,motorcycle,tailgating,other,3,0,1,clear,13.678696,100.539712,straight road,slope area
7564948,2022-09-28T19:35:00Z,2023-01-20T06:27:00Z,สมุทรปราการ,Samut Prakan,department of highways,บางนา - ทางเข้าท่าอากาศยานสุวรรณภูมิ,motorcycle,speeding,rear-end collision,2,0,1,clear,13.63409699,100.710011,other,other
7001972,2022-09-28T20:29:00Z,2022-09-29T11:51:00Z,สมุทรปราการ,Samut Prakan,department of highways,แขวงคลองสองต้นนุ่น - พิมพา,private/passenger car,speeding,rear-end collision,6,0,0,rainy,13.62955489,100.906806,straight road,no slope
7008414,2022-09-29T00:04:00Z,2022-09-30T12:59:00Z,กรุงเทพมหานคร,Bangkok,department of rural roads,สะพานภูมิพลที่ 2 ไปสะพานภูมิพลที่ 1,private/passenger car,abrupt lane change,other,2,0,0,rainy,13.679887,100.539782,straight road,slope area
7026505,2022-09-29T00:06:00Z,2022-10-03T08:30:00Z,กรุงเทพมหานคร,Bangkok,expressway authority of thailand,ดินแดง-ท่าเรือ,other,other,rollover/fallen on straight road,1,0,0,rainy,NA,NA,straight road,other
7026499,2022-09-29T00:09:00Z,2022-10-03T08:28:00Z,กรุงเทพมหานคร,Bangkok,expressway authority of thailand,ดินแดง-ท่าเรือ,other,other,collision with obstruction (on road surface),1,0,0,rainy,13.72626288,100.5524935,straight road,other
7048468,2022-09-29T01:00:00Z,2022-10-06T14:05:00Z,สมุทรปราการ,Samut Prakan,department of highways,แขวงรามอินทรา - บางพลี,4-wheel pickup truck,speeding,rollover/fallen on curved road,1,0,1,rainy,13.64965673,100.6873155,wide curve,no slope
7001268,2022-09-29T01:16:00Z,2022-09-29T09:03:00Z,ปทุมธานี,Pathum Thani,department of highways,บางปะอิน - แขวงรามอินทรา,4-wheel pickup truck,speeding,rollover/fallen on straight road,1,0,0,rainy,14.00924548,100.704259,straight road,no slope
7028569,2022-09-29T01:57:00Z,2022-10-03T15:06:00Z,สมุทรปราการ,Samut Prakan,expressway authority of thailand,บางพลี-สุขสวัสดิ์,other,other,side collision,2,0,1,rainy,13.602477,100.651485,wide curve,other
7564472,2022-09-29T03:30:00Z,2023-01-19T15:16:00Z,สมุทรสาคร,Samut Sakhon,department of highways,อ้อมน้อย - สมุทรสาคร,4-wheel pickup truck,speeding,rollover/fallen on straight road,1,1,0,rainy,13.63369947,100.2961019,straight road,no slope
7048437,2022-09-29T03:49:00Z,2022-10-06T14:04:00Z,กรุงเทพมหานคร,Bangkok,department of highways,แขวงรามอินทรา - บางพลี,4-wheel pickup truck,speeding,rollover/fallen on straight road,1,0,0,rainy,13.75932904,100.6970867,straight road,no slope
7561795,2022-09-29T05:30:00Z,2023-01-17T14:43:00Z,ปทุมธานี,Pathum Thani,department of highways,คลองบางไผ่ - คลองบางหลวง,7-10-wheel truck,speeding,rollover/fallen on straight road,1,0,1,rainy,13.98283449,100.4405147,straight road,no slope
7015288,2022-09-29T06:01:00Z,2022-10-01T11:29:00Z,กรุงเทพมหานคร,Bangkok,department of highways,ถนนศรีนครินทร - แขวงคลองสองต้นนุ่น,private/passenger car,speeding,rear-end collision,2,0,0,rainy,13.74048719,100.6469455,straight road,no slope
7560807,2022-09-29T09:30:00Z,2023-01-16T14:23:00Z,กรุงเทพมหานคร,Bangkok,department of highways,ดินแดง - งามวงศ์วาน,motorcycle,cutting in closely by people/vehicles/animals,rear-end collision,2,0,2,clear,13.81417875,100.5592636,straight road,no slope
7429045,2022-09-29T10:10:00Z,2022-12-03T10:07:00Z,ปทุมธานี,Pathum Thani,department of highways,ไม่ทราบ,4-wheel pickup truck,speeding,rollover/fallen on straight road,1,0,0,clear,14.02127394,100.7370151,straight road,no slope
7015329,2022-09-29T11:00:00Z,2022-10-01T11:44:00Z,กรุงเทพมหานคร,Bangkok,department of highways,แขวงรามอินทรา - บางพลี,4-wheel pickup truck,speeding,collision with obstruction (on road surface),1,0,0,rainy,13.70552729,100.6999943,straight road,no slope
7564426,2022-09-29T15:00:00Z,2023-01-19T14:49:00Z,สมุทรสาคร,Samut Sakhon,department of highways,แสมดำ - สะพานข้ามแม่น้ำท่าจีนฝั่งตะวันตก,4-wheel pickup truck,speeding,rear-end collision,2,0,0,rainy,13.602493430000001,100.3700504,straight road,no slope
7564451,2022-09-29T15:07:00Z,2023-01-19T15:01:00Z,สมุทรสาคร,Samut Sakhon,department of highways,แสมดำ - สะพานข้ามแม่น้ำท่าจีนฝั่งตะวันตก,private/passenger car,speeding,rear-end collision,2,0,0,rainy,13.59926598,100.3668156,straight road,no slope
7014439,2022-09-29T18:44:00Z,2022-10-01T08:49:00Z,กรุงเทพมหานคร,Bangkok,department of highways,บางปะอิน - แขวงรามอินทรา,4-wheel pickup truck,speeding,rollover/fallen on straight road,1,0,0,clear,13.8803865,100.6843409,straight road,no slope
7560687,2022-09-29T19:20:00Z,2023-01-16T11:08:00Z,กรุงเทพมหานคร,Bangkok,department of highways,ดินแดง - งามวงศ์วาน,4-wheel pickup truck,driving under the influence of alcohol,rear-end collision,2,0,0,clear,13.81237815,100.5594445,straight road,no slope
7015401,2022-09-29T20:23:00Z,2022-10-01T11:59:00Z,กรุงเทพมหานคร,Bangkok,department of highways,แขวงรามอินทรา - บางพลี,4-wheel pickup truck,debris/obstruction on the road,collision with obstruction (on road surface),2,0,0,clear,13.7652168,100.6941444,straight road,no slope
7028596,2022-09-29T22:54:00Z,2022-10-03T15:09:00Z,สมุทรปราการ,Samut Prakan,expressway authority of thailand,บางพลี-สุขสวัสดิ์,large truck with trailer,other,rear-end collision,2,0,0,clear,13.637842,100.548964,straight road,other
7026661,2022-09-30T03:02:00Z,2022-10-03T09:06:00Z,สมุทรปราการ,Samut Prakan,expressway authority of thailand,บางพลี-สุขสวัสดิ์,large truck with trailer,other,rear-end collision,2,0,1,clear,13.631556,100.580091,merge lane,other
7048465,2022-09-30T06:48:00Z,2022-10-06T14:08:00Z,ปทุมธานี,Pathum Thani,department of highways,บางปะอิน - แขวงรามอินทรา,private/passenger car,speeding,rollover/fallen on straight road,1,0,0,clear,13.94470394,100.7114714,straight road,no slope
7015379,2022-09-30T09:01:00Z,2022-10-01T11:52:00Z,ปทุมธานี,Pathum Thani,department of highways,บางปะอิน - แขวงรามอินทรา,4-wheel pickup truck,vehicle equipment failure,rollover/fallen on straight road,1,0,0,clear,14.15697423,100.6547776,straight road,no slope
7007891,2022-09-30T09:21:00Z,2022-09-30T11:10:00Z,กรุงเทพมหานคร,Bangkok,expressway authority of thailand,แจ้งวัฒนะ-พญาไท,other,other,collision with obstruction (on road surface),1,0,0,clear,13.81367245,100.5504814,wide curve,other
7146311,2022-09-30T13:45:00Z,2022-10-21T11:17:00Z,สมุทรสาคร,Samut Sakhon,department of highways,สะพานข้ามแม่น้ำท่าจีนฝั่งตะวันตก - นาโคก,private/passenger car,speeding,rear-end collision,2,0,0,clear,13.53313254,100.2100459,straight road,no slope
7026588,2022-09-30T18:04:00Z,2022-10-03T08:51:00Z,กรุงเทพมหานคร,Bangkok,department of highways,แขวงคลองสองต้นนุ่น - พิมพา,4-wheel pickup truck,speeding,rear-end collision,3,0,0,clear,13.72967694,100.7517636,straight road,no slope
7026521,2022-09-30T18:48:00Z,2022-10-03T08:36:00Z,กรุงเทพมหานคร,Bangkok,expressway authority of thailand,รามอินทรา-อาจณรงค์,other,other,rear-end collision,4,0,0,clear,13.7721,100.606041,straight road,other
7011169,2022-09-30T21:33:00Z,2022-09-30T22:04:00Z,กรุงเทพมหานคร,Bangkok,expressway authority of thailand,พญาไท-บางโคล่,other,other,collision with obstruction (on road surface),1,0,0,clear,NA,NA,grade-separated intersection/ramps,other
7026665,2022-09-30T23:24:00Z,2022-10-03T09:05:00Z,สมุทรปราการ,Samut Prakan,department of highways,แขวงคลองสองต้นนุ่น - พิมพา,large truck with trailer,speeding,rear-end collision,2,0,0,clear,13.67039277,100.843294,straight road,no slope
7042392,2022-10-01T01:00:00Z,2022-10-05T15:31:00Z,กรุงเทพมหานคร,Bangkok,department of highways,ถนนศรีนครินทร - แขวงคลองสองต้นนุ่น,private/passenger car,speeding,rollover/fallen on straight road,1,0,0,clear,13.7405367,100.6470796,straight road,no slope
7564423,2022-10-01T03:50:00Z,2023-01-19T14:48:00Z,สมุทรสาคร,Samut Sakhon,department of highways,แสมดำ - สะพานข้ามแม่น้ำท่าจีนฝั่งตะวันตก,van,speeding,rear-end collision,2,0,0,clear,13.54508089,100.2567807,straight road,no slope
7561670,2022-10-01T04:34:00Z,2023-01-17T12:02:00Z,กรุงเทพมหานคร,Bangkok,department of highways,อรุณอมรินทร์ - พุทธมณฑลสาย 4,motorcycle,speeding,rear-end collision,2,0,2,clear,13.78362684,100.4015073,straight road,no slope
7561169,2022-10-01T06:32:00Z,2023-01-17T06:19:00Z,กรุงเทพมหานคร,Bangkok,expressway authority of thailand,ดินแดง-ท่าเรือ,other,other,rollover/fallen on straight road,1,0,0,clear,NA,NA,wide curve,other
7015310,2022-10-01T07:36:00Z,2022-10-01T11:37:00Z,กรุงเทพมหานคร,Bangkok,expressway authority of thailand,พญาไท-ศรีนครินทร์,other,other,rollover/fallen on straight road,1,0,1,clear,13.75587356,100.552356,straight road,other
7015372,2022-10-01T08:41:00Z,2022-10-01T11:51:00Z,กรุงเทพมหานคร,Bangkok,expressway authority of thailand,พญาไท-บางโคล่,4-wheel pickup truck,other,side collision,2,0,1,clear,13.77097101,100.5293172,straight road,other
7073481,2022-10-01T12:00:00Z,2022-10-10T11:30:00Z,กรุงเทพมหานคร,Bangkok,department of highways,บางปะอิน - แขวงรามอินทรา,6-wheel truck,speeding,rear-end collision,2,0,0,clear,13.8480414,100.6727993,straight road,no slope
7020746,2022-10-01T12:03:00Z,2022-10-02T08:24:00Z,ปทุมธานี,Pathum Thani,department of highways,บางปะอิน - แขวงรามอินทรา,6-wheel truck,speeding,rear-end collision,2,0,0,clear,13.95458012,100.7126194,straight road,no slope
7564937,2022-10-01T12:20:00Z,2023-01-20T06:11:00Z,สมุทรปราการ,Samut Prakan,department of highways,บางพลี - กิ่งแก้ว,motorcycle,speeding,rear-end collision,3,1,1,clear,13.68233159,100.725309,straight road,no slope
7551780,2022-10-01T12:52:00Z,2023-01-05T14:07:00Z,กรุงเทพมหานคร,Bangkok,expressway authority of thailand,พญาไท-บางโคล่,other,other,rear-end collision,3,0,2,clear,13.76594083,100.5272833,straight road,other
7527308,2022-10-01T17:54:00Z,2022-12-31T10:37:00Z,กรุงเทพมหานคร,Bangkok,department of highways,บางแค - คลองมหาสวัสดิ์,4-wheel pickup truck,speeding,rear-end collision,2,0,0,clear,13.77325623,100.4077823,straight road,no slope
7055037,2022-10-01T20:02:00Z,2022-10-07T13:24:00Z,กรุงเทพมหานคร,Bangkok,department of highways,แขวงคลองสองต้นนุ่น - พิมพา,4-wheel pickup truck,speeding,rear-end collision,3,0,1,clear,13.73086247,100.7616502,straight road,no slope
7055747,2022-10-01T21:55:00Z,2022-10-07T15:34:00Z,กรุงเทพมหานคร,Bangkok,department of highways,แขวงคลองสองต้นนุ่น - พิมพา,private/passenger car,speeding,rear-end collision,2,0,0,clear,13.72975771,100.7544914,straight road,no slope
7055719,2022-10-01T22:46:00Z,2022-10-07T15:25:00Z,สมุทรปราการ,Samut Prakan,department of highways,แขวงคลองสองต้นนุ่น - พิมพา,4-wheel pickup truck,speeding,rear-end collision,2,0,0,clear,13.66891243,100.8455872,straight road,no slope
7551781,2022-10-01T23:56:00Z,2023-01-05T14:08:00Z,กรุงเทพมหานคร,Bangkok,expressway authority of thailand,พญาไท-บางโคล่,other,other,rollover/fallen on straight road,1,0,1,rainy,13.72235135,100.5178357,straight road,other
7227489,2022-10-02T00:18:00Z,2022-11-02T13:34:00Z,กรุงเทพมหานคร,Bangkok,expressway authority of thailand,บางพลี-สุขสวัสดิ์,other,other,other,1,0,0,rainy,NA,NA,wide curve,other
7560656,2022-10-02T00:25:00Z,2023-01-16T10:53:00Z,กรุงเทพมหานคร,Bangkok,department of highways,ดินแดง - งามวงศ์วาน,private/passenger car,reversing vehicle,head-on collision (not overtaking),2,0,0,clear,13.81237815,100.5594445,straight road,no slope
7019500,2022-10-02T00:42:00Z,2022-10-02T02:12:00Z,กรุงเทพมหานคร,Bangkok,expressway authority of thailand,แจ้งวัฒนะ-พญาไท,other,other,side collision,1,0,0,rainy,NA,NA,other,other
7219294,2022-10-02T03:25:00Z,2022-11-01T09:31:00Z,กรุงเทพมหานคร,Bangkok,expressway authority of thailand,บางนา-ท่าเรือ,other,other,side collision,2,0,1,clear,13.71130891,100.5795732,straight road,other
7445754,2022-10-02T08:30:00Z,2022-12-09T09:06:00Z,สมุทรสาคร,Samut Sakhon,department of highways,ไม่ทราบ,4-wheel pickup truck,speeding,rollover/fallen on straight road,1,0,0,clear,13.52337158,100.1811021,straight road,no slope
7027127,2022-10-02T14:44:00Z,2022-10-03T10:45:00Z,กรุงเทพมหานคร,Bangkok,department of highways,บางปะอิน - แขวงรามอินทรา,private/passenger car,speeding,rear-end collision,2,0,1,clear,13.87150709,100.6796712,straight road,no slope
7023256,2022-10-02T17:27:00Z,2022-10-02T18:54:00Z,กรุงเทพมหานคร,Bangkok,expressway authority of thailand,หมอชิต-กาญจนาฯ,other,other,rollover/fallen on straight road,1,0,0,rainy,NA,NA,y-intersection,other
7560746,2022-10-02T22:00:00Z,2023-01-16T12:09:00Z,สมุทรปราการ,Samut Prakan,expressway authority of thailand,บางนา-ชลบุรี,other,other,rear-end collision,2,0,3,clear,13.654322,100.673775,straight road,other
7146358,2022-10-03T05:30:00Z,2022-10-21T11:26:00Z,สมุทรสาคร,Samut Sakhon,department of highways,แสมดำ - สะพานข้ามแม่น้ำท่าจีนฝั่งตะวันตก,4-wheel pickup truck,speeding,rear-end collision,2,0,0,clear,13.54538337,100.2574485,straight road,no slope
7561526,2022-10-03T08:30:00Z,2023-01-17T10:18:00Z,กรุงเทพมหานคร,Bangkok,department of highways,อรุณอมรินทร์ - พุทธมณฑลสาย 4,private/passenger car,speeding,rear-end collision,4,0,0,clear,13.78678925,100.3741716,straight road,no slope
7227490,2022-10-03T09:23:00Z,2022-11-02T13:34:00Z,สมุทรปราการ,Samut Prakan,expressway authority of thailand,บางพลี-สุขสวัสดิ์,other,other,rear-end collision,3,0,0,clear,13.625147,100.667528,straight road,other
7444980,2022-10-03T09:50:00Z,2022-12-08T15:17:00Z,สมุทรสาคร,Samut Sakhon,department of highways,ไม่ทราบ,private/passenger car,speeding,rear-end collision,2,0,0,clear,13.53135927,100.204778,straight road,no slope
7033171,2022-10-03T12:04:00Z,2022-10-04T08:48:00Z,ปทุมธานี,Pathum Thani,department of highways,บางปะอิน - แขวงรามอินทรา,4-wheel pickup truck,speeding,rear-end collision,2,0,0,clear,13.95821135,100.7126838,straight road,no slope
7033395,2022-10-03T15:45:00Z,2022-10-04T09:21:00Z,กรุงเทพมหานคร,Bangkok,department of highways,แขวงรามอินทรา - บางพลี,private/passenger car,speeding,rear-end collision,3,0,1,rainy,13.81203488,100.6777266,straight road,no slope
7074219,2022-10-03T16:12:00Z,2022-10-10T14:05:00Z,กรุงเทพมหานคร,Bangkok,department of highways,แขวงคลองสองต้นนุ่น - พิมพา,4-wheel pickup truck,speeding,rollover/fallen on straight road,1,0,0,rainy,13.73290782,100.7906073,straight road,no slope
7073482,2022-10-03T19:27:00Z,2022-10-10T11:34:00Z,กรุงเทพมหานคร,Bangkok,department of highways,แขวงรามอินทรา - บางพลี,4-wheel pickup truck,speeding,rollover/fallen on straight road,1,0,0,rainy,13.74766249,100.7026201,straight road,no slope
7074218,2022-10-03T20:40:00Z,2022-10-10T14:09:00Z,กรุงเทพมหานคร,Bangkok,department of highways,แขวงคลองสองต้นนุ่น - พิมพา,private/passenger car,speeding,rollover/fallen on straight road,1,0,0,clear,13.72924962,100.7335675,straight road,no slope
7565233,2022-10-03T20:40:00Z,2023-01-20T09:32:00Z,กรุงเทพมหานคร,Bangkok,department of highways,แยกเข้ามีนบุรี - คลองหลวงแพ่ง,private/passenger car,speeding,rollover/fallen on straight road,1,0,1,clear,13.80740862,100.8949448,straight road,no slope
7055932,2022-10-03T20:55:00Z,2022-10-07T15:57:00Z,กรุงเทพมหานคร,Bangkok,department of highways,แขวงคลองสองต้นนุ่น - พิมพา,4-wheel pickup truck,speeding,rear-end collision,3,0,0,clear,13.72924962,100.7335728,straight road,no slope
7564392,2022-10-03T21:00:00Z,2023-01-19T14:29:00Z,นครปฐม,Nakhon Pathom,department of highways,กระทุ่มล้ม - พุทธมณฑล,4-wheel pickup truck,speeding,rollover/fallen on straight road,1,0,1,rainy,13.74699124,100.3291617,straight road,no slope
7033616,2022-10-03T22:07:00Z,2022-10-04T10:01:00Z,กรุงเทพมหานคร,Bangkok,department of highways,ถนนศรีนครินทร - แขวงคลองสองต้นนุ่น,private/passenger car,speeding,rear-end collision,2,0,0,clear,13.7331788,100.7020354,straight road,no slope
7561531,2022-10-04T08:00:00Z,2023-01-17T10:19:00Z,กรุงเทพมหานคร,Bangkok,department of highways,อรุณอมรินทร์ - พุทธมณฑลสาย 4,motorcycle,speeding,rear-end collision,3,0,2,clear,13.78577723,100.3803286,straight road,no slope
7073508,2022-10-04T08:13:00Z,2022-10-10T11:39:00Z,ปทุมธานี,Pathum Thani,department of highways,บางปะอิน - แขวงรามอินทรา,6-wheel truck,speeding,rear-end collision,2,0,0,clear,14.06636694,100.6968319,straight road,no slope
7055327,2022-10-04T08:45:00Z,2022-10-07T14:15:00Z,กรุงเทพมหานคร,Bangkok,department of highways,แขวงคลองสองต้นนุ่น - พิมพา,private/passenger car,speeding,rear-end collision,2,0,0,clear,13.73062536,100.7209128,straight road,no slope
7444979,2022-10-04T09:30:00Z,2022-12-08T15:23:00Z,สมุทรสาคร,Samut Sakhon,department of highways,ไม่ทราบ,4-wheel pickup truck,speeding,rear-end collision,4,0,0,clear,13.52997455,100.2006903,straight road,no slope
7444867,2022-10-04T10:00:00Z,2022-12-08T15:06:00Z,สมุทรสาคร,Samut Sakhon,department of highways,ไม่ทราบ,4-wheel pickup truck,speeding,rear-end collision,2,0,0,clear,13.53525784,100.2163598,straight road,no slope
7053821,2022-10-04T10:45:00Z,2022-10-07T09:10:00Z,กรุงเทพมหานคร,Bangkok,department of highways,แขวงรามอินทรา - บางพลี,4-wheel pickup truck,speeding,rear-end collision,2,0,1,clear,13.76519075,100.6941658,straight road,no slope
7567873,2022-10-04T10:45:00Z,2023-01-24T07:00:00Z,นครปฐม,Nakhon Pathom,department of highways,หนองปลาไหล - กำแพงแสน,large truck with trailer,falling asleep,rear-end collision,2,0,3,clear,13.97609072,99.99585806,straight road,no slope
7561536,2022-10-04T11:26:00Z,2023-01-17T10:23:00Z,กรุงเทพมหานคร,Bangkok,department of highways,อรุณอมรินทร์ - พุทธมณฑลสาย 4,private/passenger car,speeding,collision with obstruction (on road surface),2,0,0,clear,13.78774786,100.3648563,straight road,no slope
7561662,2022-10-04T14:00:00Z,2023-01-17T11:58:00Z,กรุงเทพมหานคร,Bangkok,department of highways,อรุณอมรินทร์ - พุทธมณฑลสาย 4,motorcycle,speeding,rear-end collision,2,0,0,clear,13.78506697,100.3916257,straight road,no slope
7219726,2022-10-04T21:37:00Z,2022-11-01T10:45:00Z,สมุทรปราการ,Samut Prakan,expressway authority of thailand,บางพลี-สุขสวัสดิ์,4-wheel pickup truck,other,side collision,2,0,0,clear,13.640577,100.680334,straight road,other
7219715,2022-10-04T21:41:00Z,2022-11-01T10:43:00Z,สมุทรปราการ,Samut Prakan,expressway authority of thailand,บางพลี-สุขสวัสดิ์,4-wheel pickup truck,other,rear-end collision,2,0,1,clear,13.605056,100.65487,straight road,other
7042521,2022-10-04T22:30:00Z,2022-10-05T16:04:00Z,กรุงเทพมหานคร,Bangkok,department of highways,แขวงคลองสองต้นนุ่น - พิมพา,large truck with trailer,speeding,rollover/fallen on straight road,1,0,0,clear,13.72947631,100.7417589,straight road,no slope
7561654,2022-10-05T01:00:00Z,2023-01-17T11:51:00Z,กรุงเทพมหานคร,Bangkok,department of highways,อรุณอมรินทร์ - พุทธมณฑลสาย 4,private/passenger car,speeding,rollover/fallen on straight road,1,0,1,clear,13.78294954,100.4122107,straight road,no slope
7219393,2022-10-05T01:42:00Z,2022-11-01T09:51:00Z,กรุงเทพมหานคร,Bangkok,expressway authority of thailand,รามอินทรา-วงแหวนรอบนอก,van,other,rear-end collision,2,0,0,clear,13.887785,100.652108,wide curve,other
7042412,2022-10-05T07:08:00Z,2022-10-05T15:36:00Z,สมุทรปราการ,Samut Prakan,department of highways,แขวงคลองสองต้นนุ่น - พิมพา,large truck with trailer,speeding,rear-end collision,2,0,1,clear,13.70173576,100.8242342,straight road,no slope
7219485,2022-10-05T08:29:00Z,2022-11-01T10:06:00Z,กรุงเทพมหานคร,Bangkok,expressway authority of thailand,อาจณรงค์-บางนา,other,other,rear-end collision,3,0,0,clear,13.682886,100.60288,straight road,other
7561538,2022-10-05T09:15:00Z,2023-01-17T10:23:00Z,กรุงเทพมหานคร,Bangkok,department of highways,อรุณอมรินทร์ - พุทธมณฑลสาย 4,motorcycle,cutting in closely by people/vehicles/animals,rear-end collision,2,0,1,clear,13.78542165,100.3839254,straight road,no slope
7118195,2022-10-05T10:30:00Z,2022-10-17T11:04:00Z,นนทบุรี,Nonthaburi,department of highways,คลองบางไผ่ - คลองบางหลวง,large truck with trailer,speeding,rollover/fallen on straight road,1,0,0,clear,13.92790253,100.4140949,straight road,no slope
7053897,2022-10-05T11:15:00Z,2022-10-07T09:32:00Z,กรุงเทพมหานคร,Bangkok,department of highways,แขวงรามอินทรา - บางพลี,large truck with trailer,speeding,rear-end collision,2,0,0,clear,13.77532465,100.6884044,straight road,no slope
7226968,2022-10-05T11:53:00Z,2022-11-02T11:28:00Z,กรุงเทพมหานคร,Bangkok,expressway authority of thailand,พญาไท-ศรีนครินทร์,other,other,side collision,1,0,0,clear,NA,NA,other,other
7564416,2022-10-05T13:00:00Z,2023-01-19T14:45:00Z,สมุทรสาคร,Samut Sakhon,department of highways,แสมดำ - สะพานข้ามแม่น้ำท่าจีนฝั่งตะวันตก,private/passenger car,speeding,rear-end collision,2,0,1,clear,13.58112309,100.3095397,straight road,no slope
7042336,2022-10-05T13:59:00Z,2022-10-05T15:21:00Z,กรุงเทพมหานคร,Bangkok,department of highways,แขวงคลองสองต้นนุ่น - พิมพา,private/passenger car,speeding,rear-end collision,3,0,0,clear,13.72983327,100.7281494,straight road,no slope
7564158,2022-10-05T14:00:00Z,2023-01-19T10:52:00Z,สมุทรสาคร,Samut Sakhon,department of highways,แสมดำ - สะพานข้ามแม่น้ำท่าจีนฝั่งตะวันตก,4-wheel pickup truck,speeding,rear-end collision,2,0,0,clear,13.5623914,100.2764556,straight road,no slope
7046236,2022-10-05T19:47:00Z,2022-10-06T05:33:00Z,ปทุมธานี,Pathum Thani,expressway authority of thailand,บางปะอิน-แจ้งวัฒนะ,other,other,side collision,1,0,0,clear,14.038673,100.580598,straight road,other
7093916,2022-10-05T20:20:00Z,2022-10-13T12:00:00Z,สมุทรปราการ,Samut Prakan,department of rural roads,ทางเข้าถนนสุขสวัสดิ์สู่ถนนวงแหวนอุตสาหกรรม,private/passenger car,speeding,other,2,0,0,rainy,13.664782,100.518283,u-turn area,other
7561482,2022-10-05T21:10:00Z,2023-01-17T09:58:00Z,กรุงเทพมหานคร,Bangkok,department of highways,อรุณอมรินทร์ - พุทธมณฑลสาย 4,motorcycle,speeding,rollover/fallen on straight road,1,0,1,clear,13.78850459,100.357676,straight road,no slope
7267500,2022-10-05T21:19:00Z,2022-11-08T09:01:00Z,กรุงเทพมหานคร,Bangkok,expressway authority of thailand,พญาไท-ศรีนครินทร์,other,other,side collision,3,0,0,clear,NA,NA,straight road,other
7560747,2022-10-05T22:14:00Z,2023-01-16T12:10:00Z,สมุทรปราการ,Samut Prakan,expressway authority of thailand,บางนา-ชลบุรี,6-wheel truck,other,rear-end collision,3,1,4,clear,13.624968,100.728017,straight road,other
7047894,2022-10-05T23:20:00Z,2022-10-06T11:57:00Z,กรุงเทพมหานคร,Bangkok,department of highways,บางปะอิน - แขวงรามอินทรา,4-wheel pickup truck,speeding,rear-end collision,2,0,7,clear,13.82820399,100.6743979,straight road,no slope
7053980,2022-10-06T09:00:00Z,2022-10-07T09:53:00Z,กรุงเทพมหานคร,Bangkok,department of highways,แขวงรามอินทรา - บางพลี,4-wheel pickup truck,speeding,rear-end collision,2,0,0,clear,13.76921831,100.6919825,straight road,no slope
7561591,2022-10-06T09:15:00Z,2023-01-17T11:03:00Z,กรุงเทพมหานคร,Bangkok,department of highways,บางแค - คลองมหาสวัสดิ์,private/passenger car,speeding,rear-end collision,2,0,0,clear,13.76984615,100.4078668,straight road,no slope
7561527,2022-10-06T11:30:00Z,2023-01-17T10:15:00Z,กรุงเทพมหานคร,Bangkok,department of highways,อรุณอมรินทร์ - พุทธมณฑลสาย 4,private/passenger car,speeding,rear-end collision,2,0,0,clear,13.7872959,100.365732,straight road,no slope
7444883,2022-10-06T16:45:00Z,2022-12-08T15:07:00Z,สมุทรสาคร,Samut Sakhon,department of highways,ไม่ทราบ,4-wheel pickup truck,speeding,rear-end collision,2,0,0,clear,13.53458244,100.2143562,straight road,no slope
7178673,2022-10-06T18:30:00Z,2022-10-26T09:41:00Z,สมุทรสาคร,Samut Sakhon,department of highways,บ้านบ่อ - พระประโทน,4-wheel pickup truck,speeding,rollover/fallen on straight road,2,0,1,clear,13.63386108,100.0933912,straight road,no slope
7074215,2022-10-06T20:25:00Z,2022-10-10T14:10:00Z,สมุทรปราการ,Samut Prakan,department of highways,แขวงรามอินทรา - บางพลี,4-wheel pickup truck,speeding,rollover/fallen on curved road,1,0,0,rainy,13.64957072,100.6873315,wide curve,no slope
7074198,2022-10-06T22:00:00Z,2022-10-10T14:02:00Z,ปทุมธานี,Pathum Thani,department of highways,บางปะอิน - แขวงรามอินทรา,4-wheel pickup truck,speeding,rollover/fallen on curved road,1,0,0,clear,14.00699177,100.7043555,wide curve,no slope
7093919,2022-10-07T01:17:00Z,2022-10-13T12:01:00Z,สมุทรปราการ,Samut Prakan,department of rural roads,ถนนวงแหวนอุตสาหกรรมเข้าสะพานภูมิพลที่ 1,private/passenger car,abrupt lane change,other,2,0,0,rainy,13.665202,100.523302,straight road,no slope
7053928,2022-10-07T07:22:00Z,2022-10-07T09:42:00Z,กรุงเทพมหานคร,Bangkok,department of highways,แขวงคลองสองต้นนุ่น - พิมพา,private/passenger car,speeding,rear-end collision,3,0,1,clear,13.72986975,100.7572165,straight road,no slope
7074199,2022-10-07T07:45:00Z,2022-10-10T14:02:00Z,ปทุมธานี,Pathum Thani,department of highways,บางปะอิน - แขวงรามอินทรา,4-wheel pickup truck,vehicle equipment failure,rollover/fallen on straight road,1,0,12,clear,14.02445098,100.6984386,straight road,no slope
7561658,2022-10-07T08:35:00Z,2023-01-17T11:50:00Z,กรุงเทพมหานคร,Bangkok,department of highways,อรุณอมรินทร์ - พุทธมณฑลสาย 4,private/passenger car,cutting in closely by people/vehicles/animals,rear-end collision,3,0,0,clear,13.78263564,100.4150404,straight road,no slope
7119769,2022-10-07T10:00:00Z,2022-10-17T16:11:00Z,สมุทรปราการ,Samut Prakan,department of rural roads,ทางออกจากถนนวงแหวนอุตสาหกรรมสู่ถนนปู่เจ้าสมิงพราย,large truck with trailer,sudden stop,other,1,0,0,clear,13.649848,100.541166,y-intersection,other
7055255,2022-10-07T11:44:00Z,2022-10-07T14:01:00Z,กรุงเทพมหานคร,Bangkok,department of highways,แขวงคลองสองต้นนุ่น - พิมพา,4-wheel pickup truck,speeding,rear-end collision,3,0,0,clear,13.72930955,100.7326662,straight road,no slope
7139401,2022-10-07T11:55:00Z,2022-10-20T10:43:00Z,กรุงเทพมหานคร,Bangkok,department of highways,แขวงรามอินทรา - บางพลี,large truck with trailer,speeding,rollover/fallen on straight road,1,0,0,clear,13.66321512,100.696561,straight road,no slope
7074029,2022-10-07T12:19:00Z,2022-10-10T13:35:00Z,สมุทรปราการ,Samut Prakan,department of highways,แขวงคลองสองต้นนุ่น - พิมพา,4-wheel pickup truck,speeding,rollover/fallen on straight road,1,0,0,clear,13.67351501,100.8388227,straight road,no slope
7561146,2022-10-07T14:35:00Z,2023-01-17T06:03:00Z,กรุงเทพมหานคร,Bangkok,expressway authority of thailand,พญาไท-ศรีนครินทร์,other,other,rear-end collision,2,0,0,clear,NA,NA,straight road,other
7561602,2022-10-07T18:23:00Z,2023-01-17T11:04:00Z,กรุงเทพมหานคร,Bangkok,department of highways,บางแค - คลองมหาสวัสดิ์,private/passenger car,speeding,rear-end collision,2,0,0,clear,13.78489415,100.4097605,straight road,no slope
7061266,2022-10-07T19:01:00Z,2022-10-08T11:33:00Z,กรุงเทพมหานคร,Bangkok,department of highways,บางปะอิน - แขวงรามอินทรา,4-wheel pickup truck,speeding,rollover/fallen on straight road,1,0,0,clear,13.88520104,100.6868487,straight road,no slope
7073321,2022-10-07T19:23:00Z,2022-10-10T10:59:00Z,สมุทรปราการ,Samut Prakan,department of highways,แขวงคลองสองต้นนุ่น - พิมพา,private/passenger car,speeding,rear-end collision,3,0,0,rainy,13.66398658,100.8532342,straight road,no slope
7119792,2022-10-07T20:40:00Z,2022-10-17T16:18:00Z,สมุทรปราการ,Samut Prakan,department of rural roads,สะพานภูมิพลที่ 2 ไปสะพานภูมิพลที่ 1,motorcycle,speeding,other,2,0,1,rainy,13.649687,100.541252,straight road,slope area
7527282,2022-10-07T20:40:00Z,2022-12-31T10:32:00Z,กรุงเทพมหานคร,Bangkok,department of highways,บางแค - คลองมหาสวัสดิ์,private/passenger car,speeding,rear-end collision,2,0,0,clear,13.70038071,100.4067564,straight road,no slope
7061401,2022-10-07T21:20:00Z,2022-10-08T12:00:00Z,ปทุมธานี,Pathum Thani,department of highways,บางปะอิน - แขวงรามอินทรา,4-wheel pickup truck,speeding,rollover/fallen on straight road,1,0,0,clear,13.9933649,100.7112944,straight road,no slope
7564107,2022-10-07T22:00:00Z,2023-01-19T10:27:00Z,นครปฐม,Nakhon Pathom,department of highways,กระทุ่มล้ม - พุทธมณฑล,4-wheel pickup truck,speeding,rollover/fallen on straight road,2,0,0,clear,13.7764181,100.3280767,other,other
7119368,2022-10-08T01:56:00Z,2022-10-17T14:57:00Z,สมุทรปราการ,Samut Prakan,department of highways,แขวงรามอินทรา - บางพลี,private/passenger car,speeding,rollover/fallen on straight road,1,0,0,clear,13.65378532,100.6900996,straight road,no slope
7124245,2022-10-08T04:00:00Z,2022-10-18T08:54:00Z,กรุงเทพมหานคร,Bangkok,department of rural roads,สะพานภูมิพลที่ 1 ไปสะพานภูมิพลที่ 2,private/passenger car,falling asleep,other,1,0,0,clear,13.677689,100.53962,straight road,slope area
7565021,2022-10-08T04:00:00Z,2023-01-20T07:14:00Z,ปทุมธานี,Pathum Thani,department of highways,ต่างระดับรังสิต - วัดนาบุญ,private/passenger car,speeding,side collision,2,0,0,clear,13.9951078,100.6642778,straight road,no slope
7073151,2022-10-08T07:05:00Z,2022-10-10T10:22:00Z,สมุทรปราการ,Samut Prakan,department of highways,แขวงคลองสองต้นนุ่น - พิมพา,large truck with trailer,speeding,rear-end collision,2,0,0,clear,13.61824686,100.9244093,straight road,no slope
7561620,2022-10-08T07:20:00Z,2023-01-17T11:16:00Z,กรุงเทพมหานคร,Bangkok,department of highways,ดาวคะนอง -  แสมดำ,private/passenger car,speeding,other,2,0,1,clear,13.67828169,100.4650086,other,other
7554229,2022-10-08T08:00:00Z,2023-01-09T09:13:00Z,กรุงเทพมหานคร,Bangkok,department of highways,อรุณอมรินทร์ - พุทธมณฑลสาย 4,private/passenger car,cutting in closely by people/vehicles/animals,rear-end collision,2,0,0,clear,13.78388212,100.3990826,straight road,no slope
7561663,2022-10-08T08:00:00Z,2023-01-17T11:59:00Z,กรุงเทพมหานคร,Bangkok,department of highways,อรุณอมรินทร์ - พุทธมณฑลสาย 4,private/passenger car,speeding,rear-end collision,2,0,1,clear,13.78414522,100.3960437,straight road,no slope
7100952,2022-10-08T08:05:00Z,2022-10-14T15:58:00Z,กรุงเทพมหานคร,Bangkok,department of highways,แขวงรามอินทรา - บางพลี,4-wheel pickup truck,speeding,rollover/fallen on straight road,1,0,0,clear,13.69185667,100.6996295,straight road,no slope
7444874,2022-10-08T09:00:00Z,2022-12-08T15:06:00Z,สมุทรสาคร,Samut Sakhon,department of highways,ไม่ทราบ,private/passenger car,speeding,rear-end collision,2,0,0,clear,13.53525784,100.2163598,straight road,no slope
7139404,2022-10-08T10:15:00Z,2022-10-20T10:40:00Z,กรุงเทพมหานคร,Bangkok,department of highways,แขวงรามอินทรา - บางพลี,4-wheel pickup truck,speeding,rollover/fallen on straight road,1,0,1,clear,13.80431457,100.6797677,straight road,no slope
7561674,2022-10-08T10:30:00Z,2023-01-17T12:05:00Z,กรุงเทพมหานคร,Bangkok,department of highways,อรุณอมรินทร์ - พุทธมณฑลสาย 4,4-wheel pickup truck,speeding,rear-end collision,2,0,0,clear,13.78356171,100.4056795,straight road,no slope
7560699,2022-10-08T11:15:00Z,2023-01-16T11:16:00Z,กรุงเทพมหานคร,Bangkok,department of highways,ดินแดง - งามวงศ์วาน,private/passenger car,speeding,rear-end collision,2,0,2,clear,13.81147557,100.5595148,straight road,no slope
7099247,2022-10-08T14:45:00Z,2022-10-14T08:47:00Z,กรุงเทพมหานคร,Bangkok,department of highways,แขวงรามอินทรา - บางพลี,private/passenger car,speeding,rear-end collision,2,0,1,clear,13.71462409,100.7001418,straight road,no slope
7565039,2022-10-08T14:50:00Z,2023-01-20T07:32:00Z,ปทุมธานี,Pathum Thani,department of highways,ต่างระดับรังสิต - สะพานคลองเปรม,7-10-wheel truck,speeding,rollover/fallen on straight road,1,0,0,clear,13.9859083,100.6010234,straight road,no slope
7131694,2022-10-08T15:30:00Z,2022-10-19T09:07:00Z,กรุงเทพมหานคร,Bangkok,department of rural roads,ถนนวงแหวนอุตสาหกรรมเข้าสะพานภูมิพลที่ 1,7-10-wheel truck,vehicle equipment failure,other,1,0,0,clear,13.662535,100.516711,grade-separated intersection/ramps,other
7219536,2022-10-08T19:00:00Z,2022-11-01T10:15:00Z,สมุทรปราการ,Samut Prakan,expressway authority of thailand,บางนา-ชลบุรี,other,other,rear-end collision,2,0,0,clear,13.609495,100.764399,straight road,other
7564411,2022-10-08T19:00:00Z,2023-01-19T14:44:00Z,สมุทรสาคร,Samut Sakhon,department of highways,แสมดำ - สะพานข้ามแม่น้ำท่าจีนฝั่งตะวันตก,passenger pickup truck,speeding,rollover/fallen on straight road,1,0,0,clear,13.59534239,100.3629801,other,other
7132585,2022-10-08T19:45:00Z,2022-10-19T12:14:00Z,กรุงเทพมหานคร,Bangkok,department of rural roads,สะพานภูมิพลที่ 1 ไปสะพานภูมิพลที่ 2,private/passenger car,speeding,other,3,0,1,clear,13.672043,100.53876700000001,straight road,slope area
7561600,2022-10-08T21:30:00Z,2023-01-17T11:04:00Z,กรุงเทพมหานคร,Bangkok,department of highways,บางแค - คลองมหาสวัสดิ์,private/passenger car,speeding,rear-end collision,2,0,1,clear,13.77655164,100.4085106,straight road,no slope
7567875,2022-10-08T21:30:00Z,2023-01-24T07:02:00Z,นครปฐม,Nakhon Pathom,department of highways,นครชัยศรี - พระประโทน,4-wheel pickup truck,speeding,collision with obstruction (on road surface),3,0,3,clear,13.78604163,100.1732057,straight road,no slope
7446131,2022-10-08T22:00:00Z,2022-12-09T09:07:00Z,สมุทรสาคร,Samut Sakhon,department of highways,ไม่ทราบ,4-wheel pickup truck,speeding,rollover/fallen on straight road,1,0,0,clear,13.52322293,100.1806676,straight road,no slope
7283138,2022-10-08T22:30:00Z,2022-11-10T10:49:00Z,นครปฐม,Nakhon Pathom,department of highways,ลำลูกบัว - หนองกระทุ่ม,4-wheel pickup truck,speeding,rollover/fallen on straight road,1,0,2,clear,14.00798851,99.97519031,straight road,no slope
7561794,2022-10-09T04:30:00Z,2023-01-17T14:42:00Z,นนทบุรี,Nonthaburi,department of highways,คลองมหาสวัสดิ์ - คลองบางไผ่,motorcycle,speeding,rollover/fallen on straight road,1,1,1,clear,13.85654411,100.4115736,other,other
7066833,2022-10-09T07:07:00Z,2022-10-09T08:58:00Z,ปทุมธานี,Pathum Thani,department of highways,บางปะอิน - แขวงรามอินทรา,private/passenger car,speeding,rear-end collision,2,0,2,clear,14.05629782,100.6975829,straight road,no slope
7561634,2022-10-09T14:57:00Z,2023-01-17T11:39:00Z,กรุงเทพมหานคร,Bangkok,department of highways,อรุณอมรินทร์ - พุทธมณฑลสาย 4,private/passenger car,speeding,other,2,0,0,clear,13.78295736,100.4515171,connecting to public/commercial area,other
7073077,2022-10-09T16:43:00Z,2022-10-10T10:05:00Z,สมุทรปราการ,Samut Prakan,department of highways,แขวงคลองสองต้นนุ่น - พิมพา,4-wheel pickup truck,speeding,rear-end collision,2,0,0,clear,13.61824686,100.9244093,straight road,no slope
7561655,2022-10-09T19:05:00Z,2023-01-17T11:52:00Z,กรุงเทพมหานคร,Bangkok,department of highways,อรุณอมรินทร์ - พุทธมณฑลสาย 4,private/passenger car,speeding,rear-end collision,2,0,0,clear,13.78305895,100.411803,straight road,no slope
7099418,2022-10-09T19:10:00Z,2022-10-14T09:23:00Z,กรุงเทพมหานคร,Bangkok,department of highways,แขวงรามอินทรา - บางพลี,4-wheel pickup truck,speeding,rollover/fallen on straight road,1,0,0,rainy,13.67200081,100.6991172,straight road,no slope
7099575,2022-10-09T19:30:00Z,2022-10-14T09:55:00Z,กรุงเทพมหานคร,Bangkok,department of highways,แขวงรามอินทรา - บางพลี,4-wheel pickup truck,speeding,rear-end collision,3,0,0,rainy,13.70646017,100.6998145,straight road,no slope
7561639,2022-10-09T19:45:00Z,2023-01-17T11:42:00Z,กรุงเทพมหานคร,Bangkok,department of highways,อรุณอมรินทร์ - พุทธมณฑลสาย 4,4-wheel pickup truck,speeding,rollover/fallen on straight road,1,0,0,clear,13.78010489,100.4378888,straight road,no slope
7564938,2022-10-09T20:10:00Z,2023-01-20T06:13:00Z,สมุทรปราการ,Samut Prakan,department of highways,บางพลี - กิ่งแก้ว,private/passenger car,speeding,rear-end collision,3,0,3,clear,13.66409214,100.7189052,straight road,no slope
7072573,2022-10-10T00:42:00Z,2022-10-10T08:35:00Z,ปทุมธานี,Pathum Thani,department of highways,บางปะอิน - แขวงรามอินทรา,private/passenger car,speeding,rollover/fallen on straight road,1,0,0,rainy,14.01340933,100.7024109,straight road,no slope
7565035,2022-10-10T03:17:00Z,2023-01-20T07:25:00Z,ปทุมธานี,Pathum Thani,department of highways,คลองบางหลวง - ต่างระดับเชียงรากน้อย,4-wheel pickup truck,slippery road,rollover/fallen on curved road,1,0,0,rainy,14.0345176,100.4519717,wide curve,no slope
7072675,2022-10-10T05:20:00Z,2022-10-10T08:58:00Z,ปทุมธานี,Pathum Thani,department of highways,บางปะอิน - แขวงรามอินทรา,4-wheel pickup truck,speeding,rollover/fallen on straight road,1,0,1,rainy,14.01093966,100.703567,straight road,no slope
7561461,2022-10-10T06:45:00Z,2023-01-17T09:48:00Z,กรุงเทพมหานคร,Bangkok,department of highways,อรุณอมรินทร์ - พุทธมณฑลสาย 4,motorcycle,speeding,rear-end collision,2,0,2,clear,13.78818288,100.3427187,straight road,no slope
7074127,2022-10-10T07:30:00Z,2022-10-10T13:51:00Z,กรุงเทพมหานคร,Bangkok,department of highways,บางปะอิน - แขวงรามอินทรา,private/passenger car,speeding,rear-end collision,2,0,0,rainy,13.89738144,100.6930795,straight road,no slope
7074163,2022-10-10T07:35:00Z,2022-10-10T13:56:00Z,ปทุมธานี,Pathum Thani,department of highways,บางปะอิน - แขวงรามอินทรา,private/passenger car,speeding,rear-end collision,3,0,0,clear,13.98284751,100.7131049,straight road,no slope
7561645,2022-10-10T08:40:00Z,2023-01-17T11:46:00Z,กรุงเทพมหานคร,Bangkok,department of highways,อรุณอมรินทร์ - พุทธมณฑลสาย 4,private/passenger car,cutting in closely by people/vehicles/animals,rear-end collision,2,0,2,clear,13.78093328,100.4278238,straight road,no slope
7099663,2022-10-10T09:58:00Z,2022-10-14T10:18:00Z,กรุงเทพมหานคร,Bangkok,department of highways,แขวงรามอินทรา - บางพลี,large truck with trailer,speeding,rear-end collision,3,0,0,clear,13.66033253,100.6944716,straight road,no slope
7561668,2022-10-10T10:05:00Z,2023-01-17T11:57:00Z,กรุงเทพมหานคร,Bangkok,department of highways,อรุณอมรินทร์ - พุทธมณฑลสาย 4,private/passenger car,speeding,rear-end collision,2,0,0,clear,13.78507389,100.3874888,straight road,no slope
7561722,2022-10-10T10:30:00Z,2023-01-17T13:59:00Z,ปทุมธานี,Pathum Thani,department of highways,ลำลูกกา - คลอง 16,large truck with trailer,cutting in closely by people/vehicles/animals,rollover/fallen on straight road,1,0,0,clear,13.9428494,100.7695691,other,other
7219309,2022-10-10T11:35:00Z,2022-11-01T09:34:00Z,กรุงเทพมหานคร,Bangkok,expressway authority of thailand,ดินแดง-ท่าเรือ,other,other,other,1,0,0,clear,13.71989444,100.5528577,y-intersection,other
7564385,2022-10-10T15:55:00Z,2023-01-19T14:23:00Z,สมุทรสาคร,Samut Sakhon,department of highways,สะพานข้ามแม่น้ำท่าจีนฝั่งตะวันตก - นาโคก,4-wheel pickup truck,speeding,rear-end collision,2,0,1,clear,13.53437676,100.2137486,straight road,no slope
7099760,2022-10-10T18:15:00Z,2022-10-14T10:33:00Z,กรุงเทพมหานคร,Bangkok,department of highways,แขวงรามอินทรา - บางพลี,private/passenger car,speeding,rear-end collision,3,0,0,clear,13.78674756,100.6839332,straight road,no slope
7561636,2022-10-10T23:20:00Z,2023-01-17T11:37:00Z,กรุงเทพมหานคร,Bangkok,department of highways,อรุณอมรินทร์ - พุทธมณฑลสาย 4,motorcycle,speeding,rear-end collision,2,0,0,clear,13.78378546,100.4552793,straight road,no slope
7078549,2022-10-11T03:00:00Z,2022-10-11T04:02:00Z,กรุงเทพมหานคร,Bangkok,expressway authority of thailand,พญาไท-บางโคล่,other,other,collision with obstruction (on road surface),1,0,0,rainy,13.71008176,100.5191873,straight road,other
7132586,2022-10-11T09:00:00Z,2022-10-19T12:14:00Z,สมุทรปราการ,Samut Prakan,department of rural roads,สะพานภูมิพลที่ 2 ไปสะพานภูมิพลที่ 1,private/passenger car,tailgating,other,2,0,0,rainy,13.651928,100.541076,straight road,slope area
7101154,2022-10-11T11:30:00Z,2022-10-14T16:44:00Z,กรุงเทพมหานคร,Bangkok,department of highways,แขวงรามอินทรา - บางพลี,4-wheel pickup truck,speeding,rear-end collision,2,0,1,clear,13.7180037,100.7000291,straight road,no slope
7088238,2022-10-11T13:30:00Z,2022-10-12T13:14:00Z,สมุทรปราการ,Samut Prakan,department of highways,แขวงคลองสองต้นนุ่น - พิมพา,private/passenger car,speeding,rear-end collision,4,0,0,clear,13.66595694,100.8501765,straight road,no slope
7561672,2022-10-11T14:00:00Z,2023-01-17T12:00:00Z,กรุงเทพมหานคร,Bangkok,department of highways,อรุณอมรินทร์ - พุทธมณฑลสาย 4,private/passenger car,cutting in closely by people/vehicles/animals,rear-end collision,2,0,1,clear,13.78375318,100.4035699,straight road,no slope
7519107,2022-10-11T21:47:00Z,2022-12-29T11:39:00Z,นนทบุรี,Nonthaburi,expressway authority of thailand,แจ้งวัฒนะ-พญาไท,other,other,rear-end collision,2,0,2,clear,13.88721306,100.5397701,straight road,other
7219330,2022-10-12T01:00:00Z,2022-11-01T09:37:00Z,กรุงเทพมหานคร,Bangkok,expressway authority of thailand,ดาวคะนอง-ท่าเรือ,other,other,side collision,3,0,0,clear,13.67538921,100.481204,straight road,other
7561151,2022-10-12T04:37:00Z,2023-01-17T06:08:00Z,กรุงเทพมหานคร,Bangkok,expressway authority of thailand,แจ้งวัฒนะ-พญาไท,other,other,side collision,1,0,0,clear,13.78439177,100.5348693,straight road,other
7565037,2022-10-12T06:00:00Z,2023-01-20T07:27:00Z,ปทุมธานี,Pathum Thani,department of highways,ต่างระดับคลองหลวง - ประตูน้ำพระอินทร์,private/passenger car,running red lights/traffic signals,collision with obstruction (on road surface),2,1,0,clear,14.08529866,100.618146,straight road,no slope
7518597,2022-10-12T06:47:00Z,2022-12-29T11:39:00Z,กรุงเทพมหานคร,Bangkok,expressway authority of thailand,พญาไท-ศรีนครินทร์,4-wheel pickup truck,other,rear-end collision,2,0,2,clear,13.74138051,100.6289493,straight road,other
7444959,2022-10-12T07:00:00Z,2022-12-08T15:12:00Z,สมุทรสาคร,Samut Sakhon,department of highways,ไม่ทราบ,6-wheel truck,speeding,rear-end collision,3,0,0,clear,13.53202947,100.2067816,straight road,no slope
7564414,2022-10-12T11:25:00Z,2023-01-19T14:45:00Z,สมุทรสาคร,Samut Sakhon,department of highways,แสมดำ - สะพานข้ามแม่น้ำท่าจีนฝั่งตะวันตก,private/passenger car,speeding,rear-end collision,3,0,0,clear,13.59926598,100.3668156,straight road,no slope
7560661,2022-10-12T13:10:00Z,2023-01-16T10:56:00Z,กรุงเทพมหานคร,Bangkok,expressway authority of thailand,ดินแดง-ท่าเรือ,4-wheel pickup truck,other,rear-end collision,4,0,0,clear,13.73961675,100.5507647,straight road,other
7139434,2022-10-12T13:25:00Z,2022-10-20T10:45:00Z,สมุทรปราการ,Samut Prakan,department of highways,แขวงรามอินทรา - บางพลี,6-wheel truck,speeding,rear-end collision,2,0,0,clear,13.65261764,100.6892466,straight road,no slope
7444862,2022-10-12T14:00:00Z,2022-12-08T15:05:00Z,สมุทรสาคร,Samut Sakhon,department of highways,ไม่ทราบ,4-wheel pickup truck,speeding,rear-end collision,2,0,0,clear,13.53540387,100.2167943,straight road,no slope
7094463,2022-10-12T14:47:00Z,2022-10-13T14:12:00Z,กรุงเทพมหานคร,Bangkok,department of highways,แขวงคลองสองต้นนุ่น - พิมพา,private/passenger car,speeding,rear-end collision,5,0,0,clear,13.73033093,100.7236272,straight road,no slope
7444989,2022-10-12T16:00:00Z,2022-12-08T15:24:00Z,สมุทรสาคร,Samut Sakhon,department of highways,ไม่ทราบ,4-wheel pickup truck,speeding,rear-end collision,3,0,0,clear,13.52997455,100.2006903,straight road,no slope
7219768,2022-10-12T18:42:00Z,2022-11-01T10:51:00Z,สมุทรปราการ,Samut Prakan,expressway authority of thailand,บางพลี-สุขสวัสดิ์,other,other,rear-end collision,2,0,0,clear,13.623602,100.601481,straight road,other
7094371,2022-10-12T20:03:00Z,2022-10-13T13:49:00Z,กรุงเทพมหานคร,Bangkok,department of highways,แขวงคลองสองต้นนุ่น - พิมพา,private/passenger car,speeding,rear-end collision,3,0,0,clear,13.73091718,100.7182011,straight road,no slope
7094287,2022-10-12T22:00:00Z,2022-10-13T13:34:00Z,สมุทรปราการ,Samut Prakan,department of highways,แขวงคลองสองต้นนุ่น - พิมพา,private/passenger car,speeding,rear-end collision,6,0,2,clear,13.67236568,100.8402336,straight road,no slope
7561630,2022-10-12T23:30:00Z,2023-01-17T11:33:00Z,กรุงเทพมหานคร,Bangkok,department of highways,อรุณอมรินทร์ - พุทธมณฑลสาย 4,private/passenger car,cutting in closely by people/vehicles/animals,rear-end collision,2,0,2,clear,13.78605961,100.4629422,straight road,no slope
7096336,2022-10-13T00:20:00Z,2022-10-13T21:03:00Z,กรุงเทพมหานคร,Bangkok,department of highways,แขวงคลองสองต้นนุ่น - พิมพา,4-wheel pickup truck,speeding,rollover/fallen on straight road,1,0,0,clear,13.73272283,100.7887968,straight road,no slope
7118350,2022-10-13T02:50:00Z,2022-10-17T11:25:00Z,กรุงเทพมหานคร,Bangkok,department of highways,อรุณอมรินทร์ - พุทธมณฑลสาย 4,motorcycle,cutting in closely by people/vehicles/animals,rear-end collision,2,2,1,clear,13.78579676,100.4624632,other,other
7414671,2022-10-13T04:27:00Z,2022-11-29T09:38:00Z,นนทบุรี,Nonthaburi,department of highways,คลองมหาสวัสดิ์ - คลองบางไผ่,motorcycle,cutting in closely by people/vehicles/animals,rear-end collision,2,0,0,clear,13.84249949,100.4128477,straight road,no slope
7219779,2022-10-13T05:30:00Z,2022-11-01T10:52:00Z,สมุทรปราการ,Samut Prakan,expressway authority of thailand,บางพลี-สุขสวัสดิ์,large truck with trailer,other,rear-end collision,2,0,2,clear,13.635238,100.543062,grade-separated intersection/ramps,other
7093918,2022-10-13T07:30:00Z,2022-10-13T12:01:00Z,นนทบุรี,Nonthaburi,department of rural roads,ถนนราชพฤกษ์ (กม.ที่ 11+000 - 28+000),private/passenger car,speeding,other,2,0,2,clear,13.89647,100.449768,straight road,no slope
7100644,2022-10-13T09:30:00Z,2022-10-14T14:51:00Z,ปทุมธานี,Pathum Thani,department of rural roads,แยกทางหลวงหมายเลข 305 (กม.ที่ 31+800) - บ้านหนองแค (ตอนปทุมธานี),4-wheel pickup truck,speeding,other,2,1,0,clear,14.19987,100.892067,straight road,no slope
7094745,2022-10-13T13:00:00Z,2022-10-13T15:06:00Z,สมุทรปราการ,Samut Prakan,department of highways,ท้ายบ้าน - บางตำหรุ,passenger pickup truck,cutting in closely by people/vehicles/animals,rear-end collision,3,0,1,clear,13.52506407,100.6404653,straight road,no slope
7096368,2022-10-13T14:40:00Z,2022-10-13T21:08:00Z,กรุงเทพมหานคร,Bangkok,department of highways,บางปะอิน - แขวงรามอินทรา,large truck with trailer,speeding,rear-end collision,2,0,3,clear,13.88607853,100.6871652,other,other
7096310,2022-10-13T15:40:00Z,2022-10-13T20:58:00Z,กรุงเทพมหานคร,Bangkok,department of highways,บางบอน - โรงพยาบาลบางปะกอก 8,private/passenger car,speeding,rear-end collision,2,0,2,clear,13.63522174,100.368095,straight road,no slope
7096363,2022-10-13T16:22:00Z,2022-10-13T21:09:00Z,ปทุมธานี,Pathum Thani,department of highways,บางปะอิน - แขวงรามอินทรา,4-wheel pickup truck,speeding,rear-end collision,2,0,0,clear,14.0819797,100.6952306,straight road,no slope
7098808,2022-10-13T16:23:00Z,2022-10-14T06:51:00Z,กรุงเทพมหานคร,Bangkok,department of highways,พระประแดง - บางแค,private/passenger car,speeding,rear-end collision,2,0,2,clear,13.62007683,100.4917797,straight road,no slope
7096751,2022-10-13T17:10:00Z,2022-10-13T22:20:00Z,สมุทรปราการ,Samut Prakan,department of highways,แขวงรามอินทรา - บางพลี,private/passenger car,speeding,rear-end collision,4,0,2,clear,13.65272451,100.6892761,straight road,no slope
7096863,2022-10-13T19:50:00Z,2022-10-13T22:40:00Z,สมุทรปราการ,Samut Prakan,department of highways,แขวงรามอินทรา - บางพลี,6-wheel truck,speeding,rear-end collision,3,0,1,clear,13.65216152,100.6888363,straight road,no slope
7098620,2022-10-13T20:35:00Z,2022-10-14T06:16:00Z,ปทุมธานี,Pathum Thani,department of highways,บางปะอิน - แขวงรามอินทรา,7-10-wheel truck,speeding,rear-end collision,2,0,0,clear,13.98162943,100.7133865,straight road,no slope
7219336,2022-10-14T00:10:00Z,2022-11-01T09:39:00Z,กรุงเทพมหานคร,Bangkok,expressway authority of thailand,ดินแดง-ท่าเรือ,other,other,collision with obstruction (on road surface),1,0,1,clear,13.71772765,100.554526,y-intersection,other
7100307,2022-10-14T03:10:00Z,2022-10-14T13:29:00Z,สมุทรปราการ,Samut Prakan,department of highways,สำโรง - สะพานภูมิพล,6-wheel truck,speeding,rear-end collision,2,0,1,clear,13.64511624,100.5834254,straight road,no slope
7101828,2022-10-14T07:50:00Z,2022-10-14T19:20:00Z,นนทบุรี,Nonthaburi,department of highways,บางบัวทอง -  ลาดบัวหลวง,4-wheel pickup truck,speeding,rear-end collision,2,1,0,clear,13.96871945,100.3970146,straight road,no slope
7219792,2022-10-14T09:55:00Z,2022-11-01T10:54:00Z,สมุทรปราการ,Samut Prakan,expressway authority of thailand,บางพลี-สุขสวัสดิ์,large truck with trailer,other,rear-end collision,6,0,1,clear,13.629335,100.590972,straight road,other
7564397,2022-10-14T10:00:00Z,2023-01-19T14:34:00Z,สมุทรสาคร,Samut Sakhon,department of highways,สะพานข้ามแม่น้ำท่าจีนฝั่งตะวันตก - นาโคก,4-wheel pickup truck,speeding,rear-end collision,2,0,0,clear,13.53291349,100.2093941,straight road,no slope
7564420,2022-10-14T10:25:00Z,2023-01-19T14:46:00Z,สมุทรสาคร,Samut Sakhon,department of highways,แสมดำ - สะพานข้ามแม่น้ำท่าจีนฝั่งตะวันตก,4-wheel pickup truck,speeding,rear-end collision,2,0,0,clear,13.60444605,100.3719762,straight road,no slope
7444851,2022-10-14T11:00:00Z,2022-12-08T15:04:00Z,สมุทรสาคร,Samut Sakhon,department of highways,ไม่ทราบ,private/passenger car,speeding,rear-end collision,2,0,0,clear,13.53832449,100.2255034,straight road,no slope
7101253,2022-10-14T11:40:00Z,2022-10-14T17:09:00Z,กรุงเทพมหานคร,Bangkok,department of highways,แขวงรามอินทรา - บางพลี,4-wheel pickup truck,speeding,rollover/fallen on straight road,1,0,0,clear,13.71859259,100.7000586,straight road,no slope
7564399,2022-10-14T12:30:00Z,2023-01-19T14:37:00Z,สมุทรสาคร,Samut Sakhon,department of highways,แสมดำ - สะพานข้ามแม่น้ำท่าจีนฝั่งตะวันตก,private/passenger car,worn-out/tire blowout,rollover/fallen on straight road,1,0,0,clear,13.54526342,100.2572018,straight road,no slope
7101415,2022-10-14T12:39:00Z,2022-10-14T17:47:00Z,สมุทรปราการ,Samut Prakan,department of highways,แขวงคลองสองต้นนุ่น - พิมพา,private/passenger car,speeding,rear-end collision,4,0,1,clear,13.66841985,100.8463517,straight road,no slope
7101390,2022-10-14T12:52:00Z,2022-10-14T17:42:00Z,กรุงเทพมหานคร,Bangkok,department of highways,ถนนศรีนครินทร - แขวงคลองสองต้นนุ่น,private/passenger car,speeding,rear-end collision,2,0,0,clear,13.73192293,100.710369,straight road,no slope
7101218,2022-10-14T15:30:00Z,2022-10-14T16:58:00Z,ปทุมธานี,Pathum Thani,department of highways,บางปะอิน - แขวงรามอินทรา,large truck with trailer,speeding,rollover/fallen on straight road,1,0,1,clear,14.04354296,100.6984788,straight road,no slope
7104693,2022-10-14T17:45:00Z,2022-10-15T06:10:00Z,กรุงเทพมหานคร,Bangkok,department of highways,แขวงรามอินทรา - บางพลี,private/passenger car,speeding,rear-end collision,2,0,2,clear,13.80871393,100.6784373,straight road,no slope
7103182,2022-10-14T17:56:00Z,2022-10-14T23:55:00Z,กรุงเทพมหานคร,Bangkok,expressway authority of thailand,พญาไท-ศรีนครินทร์,other,other,rear-end collision,5,0,0,clear,13.75428234,100.5848092,wide curve,other
7563999,2022-10-14T19:00:00Z,2023-01-19T09:34:00Z,สมุทรสาคร,Samut Sakhon,department of highways,อ้อมน้อย - สมุทรสาคร,private/passenger car,cutting in closely by people/vehicles/animals,rear-end collision,2,0,1,clear,13.63938268,100.2981853,straight road,no slope
7226272,2022-10-14T19:44:00Z,2022-11-02T09:19:00Z,นนทบุรี,Nonthaburi,department of rural roads,แยกทางหลวงหมายเลข 3215 (กม.ที่ 20+100) - บ้านลำโพ,motorcycle,speeding,other,2,0,1,clear,13.92553,100.430198,straight road,no slope
7220517,2022-10-14T20:00:00Z,2022-11-01T13:06:00Z,นนทบุรี,Nonthaburi,department of rural roads,แยกทางหลวงหมายเลข 346 (กม.ที่ 39+280) - บ้านคลองหนึ่ง,motorcycle,speeding,other,2,1,1,clear,14.058673,100.287876,straight road,no slope
7226269,2022-10-14T20:10:00Z,2022-11-02T09:18:00Z,นนทบุรี,Nonthaburi,department of rural roads,แยกทางหลวงหมายเลข 346 (กม.ที่ 39+280) - บ้านคลองหนึ่ง,motorcycle,speeding,other,2,0,1,clear,14.064066,100.289345,straight road,no slope
7226275,2022-10-14T23:15:00Z,2022-11-02T09:19:00Z,นนทบุรี,Nonthaburi,department of rural roads,แยกทางหลวงหมายเลข 9 (กม.ที่ 42+500) - บ้านหนองเพรางาย,motorcycle,speeding,other,1,0,1,clear,13.909945,100.363171,straight road,no slope
7105309,2022-10-15T01:01:00Z,2022-10-15T08:55:00Z,กรุงเทพมหานคร,Bangkok,department of highways,แขวงรามอินทรา - บางพลี,private/passenger car,speeding,rollover/fallen on straight road,1,0,1,clear,13.68914382,100.69938,straight road,no slope
7106240,2022-10-15T02:00:00Z,2022-10-15T12:32:00Z,กรุงเทพมหานคร,Bangkok,department of highways,แขวงรามอินทรา - บางพลี,large truck with trailer,speeding,rear-end collision,2,0,0,clear,13.78882369,100.6839359,straight road,no slope
7564389,2022-10-15T03:15:00Z,2023-01-19T14:27:00Z,สมุทรสาคร,Samut Sakhon,department of highways,แสมดำ - สะพานข้ามแม่น้ำท่าจีนฝั่งตะวันตก,large truck with trailer,vehicle equipment failure,rollover/fallen on curved road,1,0,0,clear,13.59264668,100.3583211,other,other
7564403,2022-10-15T04:00:00Z,2023-01-19T14:36:00Z,สมุทรสาคร,Samut Sakhon,department of highways,แสมดำ - สะพานข้ามแม่น้ำท่าจีนฝั่งตะวันตก,4-wheel pickup truck,speeding,rollover/fallen on straight road,1,0,0,clear,13.54546421,100.2576122,straight road,no slope
7110965,2022-10-15T04:30:00Z,2022-10-16T07:05:00Z,กรุงเทพมหานคร,Bangkok,department of highways,อรุณอมรินทร์ - พุทธมณฑลสาย 4,private/passenger car,speeding,rear-end collision,2,0,2,clear,13.78816204,100.3576827,straight road,no slope
7111017,2022-10-15T10:35:00Z,2022-10-16T07:17:00Z,กรุงเทพมหานคร,Bangkok,department of highways,แขวงคลองสองต้นนุ่น - พิมพา,private/passenger car,speeding,rear-end collision,2,0,0,clear,13.72924962,100.7335701,straight road,no slope
7111030,2022-10-15T13:05:00Z,2022-10-16T07:21:00Z,กรุงเทพมหานคร,Bangkok,department of highways,บางปะอิน - แขวงรามอินทรา,private/passenger car,speeding,rear-end collision,5,0,1,clear,13.85500505,100.6745964,straight road,no slope
7112251,2022-10-15T13:15:00Z,2022-10-16T12:31:00Z,สมุทรปราการ,Samut Prakan,department of rural roads,สะพานภูมิพลที่ 2 ไปสะพานภูมิพลที่ 1,motorcycle,running red lights/traffic signals,other,1,0,1,clear,13.648978,100.541421,grade-separated intersection/ramps,other
7111016,2022-10-15T13:57:00Z,2022-10-16T07:19:00Z,กรุงเทพมหานคร,Bangkok,department of highways,แขวงคลองสองต้นนุ่น - พิมพา,private/passenger car,speeding,rear-end collision,2,0,0,clear,13.71968437,100.8153775,straight road,no slope
7112253,2022-10-15T17:30:00Z,2022-10-16T12:31:00Z,สมุทรปราการ,Samut Prakan,department of rural roads,สะพานภูมิพลที่ 1 ไปสะพานภูมิพลที่ 2,private/passenger car,abrupt lane change,other,2,0,0,clear,13.653407,100.54114,straight road,slope area
7110974,2022-10-15T18:00:00Z,2022-10-16T07:05:00Z,กรุงเทพมหานคร,Bangkok,department of highways,ดาวคะนอง -  แสมดำ,4-wheel pickup truck,speeding,rear-end collision,2,0,0,clear,13.6436983,100.4118901,straight road,no slope
7108797,2022-10-15T20:15:00Z,2022-10-15T21:49:00Z,กรุงเทพมหานคร,Bangkok,expressway authority of thailand,แจ้งวัฒนะ-พญาไท,4-wheel pickup truck,other,rear-end collision,2,0,0,clear,13.81858939,100.5497363,straight road,other
7527291,2022-10-15T21:10:00Z,2022-12-31T10:34:00Z,กรุงเทพมหานคร,Bangkok,department of highways,บางแค - คลองมหาสวัสดิ์,private/passenger car,speeding,rear-end collision,3,0,1,clear,13.76882494,100.4072459,straight road,no slope
7226268,2022-10-15T21:35:00Z,2022-11-02T09:17:00Z,นนทบุรี,Nonthaburi,department of rural roads,ถนนชัยพฤกษ์,motorcycle,speeding,other,1,1,0,clear,13.927148,100.438522,straight road,no slope
7117128,2022-10-15T22:15:00Z,2022-10-17T07:08:00Z,นนทบุรี,Nonthaburi,department of highways,คลองบางไผ่ - คลองบางหลวง,motorcycle,speeding,rollover/fallen on straight road,1,1,0,clear,13.95160221,100.4239225,straight road,no slope
7117210,2022-10-16T00:25:00Z,2022-10-17T07:20:00Z,ปทุมธานี,Pathum Thani,department of highways,บางปะอิน - แขวงรามอินทรา,4-wheel pickup truck,speeding,rollover/fallen on straight road,1,0,0,clear,14.049028,100.6981489,straight road,no slope
7561614,2022-10-16T08:03:00Z,2023-01-17T11:13:00Z,กรุงเทพมหานคร,Bangkok,department of highways,บางแค - คลองมหาสวัสดิ์,private/passenger car,speeding,rear-end collision,2,0,1,clear,13.69366913,100.407325,straight road,no slope
7112178,2022-10-16T11:10:00Z,2022-10-16T12:19:00Z,นนทบุรี,Nonthaburi,department of highways,สะพานพระนั่งเกล้า - ต่างระดับบางใหญ่,private/passenger car,speeding,rollover/fallen on straight road,1,0,2,rainy,13.87653012,100.4435482,straight road,no slope
7564401,2022-10-16T13:20:00Z,2023-01-19T14:39:00Z,สมุทรสาคร,Samut Sakhon,department of highways,สะพานข้ามแม่น้ำท่าจีนฝั่งตะวันตก - นาโคก,private/passenger car,speeding,rear-end collision,2,0,0,clear,13.54404567,100.2526984,straight road,no slope
7113186,2022-10-16T15:10:00Z,2022-10-16T16:12:00Z,สมุทรปราการ,Samut Prakan,department of highways,แขวงคลองสองต้นนุ่น - พิมพา,private/passenger car,speeding,rear-end collision,3,0,0,clear,13.66595694,100.8501765,straight road,no slope
7114908,2022-10-16T18:24:00Z,2022-10-16T22:19:00Z,กรุงเทพมหานคร,Bangkok,department of highways,แขวงคลองสองต้นนุ่น - พิมพา,private/passenger car,speeding,rear-end collision,2,0,0,clear,13.73192032,100.7707322,straight road,no slope
7565024,2022-10-16T18:30:00Z,2023-01-20T07:19:00Z,ปทุมธานี,Pathum Thani,department of highways,บางคูวัด - แยกปทุมวิไล,6-wheel truck,speeding,rollover/fallen on straight road,1,0,0,clear,13.95877289,100.5135869,other,other
7117154,2022-10-16T19:30:00Z,2022-10-17T07:11:00Z,กรุงเทพมหานคร,Bangkok,department of highways,ดาวคะนอง -  แสมดำ,private/passenger car,speeding,pedestrian collision,1,0,1,foggy,13.66379372,100.4416224,straight road,no slope
7226304,2022-10-16T20:00:00Z,2022-11-02T09:20:00Z,นนทบุรี,Nonthaburi,department of rural roads,แยกทางหลวงหมายเลข 9 (กม.ที่ 42+500) - บ้านหนองเพรางาย,motorcycle,speeding,other,2,0,1,clear,13.909107,100.37527,straight road,no slope
7553838,2022-10-16T22:10:00Z,2023-01-07T16:06:00Z,กรุงเทพมหานคร,Bangkok,department of highways,ดาวคะนอง -  แสมดำ,private/passenger car,speeding,rear-end collision,2,0,0,clear,13.67811229,100.4647417,straight road,no slope
7118040,2022-10-16T22:30:00Z,2022-10-17T10:33:00Z,สมุทรปราการ,Samut Prakan,department of rural roads,สะพานภูมิพลที่ 2 ไปสะพานภูมิพลที่ 1,private/passenger car,driving under the influence of alcohol,other,2,0,0,clear,13.657389,100.540051,straight road,slope area
7564156,2022-10-16T22:30:00Z,2023-01-19T10:55:00Z,สมุทรสาคร,Samut Sakhon,department of highways,แสมดำ - สะพานข้ามแม่น้ำท่าจีนฝั่งตะวันตก,motorcycle,speeding,rollover/fallen on straight road,1,1,0,clear,13.58415265,100.3153834,straight road,no slope
7118043,2022-10-16T23:15:00Z,2022-10-17T10:33:00Z,สมุทรปราการ,Samut Prakan,department of rural roads,ออกจากสะพานภูมิพลที่ 2 ไปถนนวงแหวนอุตสาหกรรม,motorcycle,running red lights/traffic signals,other,1,0,1,clear,13.663729,100.529616,straight road,slope area
7226276,2022-10-16T23:27:00Z,2022-11-02T09:19:00Z,นนทบุรี,Nonthaburi,department of rural roads,แยกทางหลวงชนบท นบ.1011 (กม.ที่ 11+200) - บ้านใหม่,motorcycle,speeding,other,1,0,1,clear,13.833728,100.337193,wide curve,no slope
7139310,2022-10-17T07:50:00Z,2022-10-20T10:28:00Z,ปทุมธานี,Pathum Thani,department of highways,บางปะอิน - แขวงรามอินทรา,private/passenger car,falling asleep,rollover/fallen on straight road,1,0,0,clear,14.01885086,100.699946,straight road,no slope
7119881,2022-10-17T11:30:00Z,2022-10-17T16:39:00Z,สมุทรปราการ,Samut Prakan,department of highways,บางตำหรุ - คลองด่าน,large truck with trailer,cutting in closely by people/vehicles/animals,rollover/fallen on straight road,1,0,0,clear,13.50627394,100.827021,straight road,no slope
7561148,2022-10-17T12:54:00Z,2023-01-17T06:04:00Z,กรุงเทพมหานคร,Bangkok,expressway authority of thailand,พญาไท-บางโคล่,other,other,rear-end collision,4,0,0,clear,13.69731558,100.5228657,straight road,other
7564315,2022-10-17T13:00:00Z,2023-01-19T13:46:00Z,สมุทรสาคร,Samut Sakhon,department of highways,แสมดำ - สะพานข้ามแม่น้ำท่าจีนฝั่งตะวันตก,private/passenger car,speeding,rear-end collision,2,0,0,clear,13.59074069,100.3322248,straight road,no slope
7119966,2022-10-17T15:27:00Z,2022-10-17T16:54:00Z,นนทบุรี,Nonthaburi,expressway authority of thailand,บางปะอิน-แจ้งวัฒนะ,other,other,rear-end collision,2,0,3,clear,13.920966,100.548156,straight road,other
7133181,2022-10-17T16:30:00Z,2022-10-19T14:32:00Z,กรุงเทพมหานคร,Bangkok,department of highways,แขวงคลองสองต้นนุ่น - พิมพา,private/passenger car,speeding,rear-end collision,4,0,0,clear,13.729518,100.7435775,straight road,no slope
7564317,2022-10-17T16:30:00Z,2023-01-19T13:46:00Z,สมุทรสาคร,Samut Sakhon,department of highways,แสมดำ - สะพานข้ามแม่น้ำท่าจีนฝั่งตะวันตก,private/passenger car,speeding,rear-end collision,3,0,0,clear,13.5881135,100.3254011,straight road,no slope
7126297,2022-10-17T17:25:00Z,2022-10-18T15:08:00Z,กรุงเทพมหานคร,Bangkok,department of highways,แขวงรามอินทรา - บางพลี,4-wheel pickup truck,speeding,rear-end collision,3,0,0,clear,13.787081,100.6838447,straight road,no slope
7139342,2022-10-17T17:38:00Z,2022-10-20T10:30:00Z,ปทุมธานี,Pathum Thani,department of highways,บางปะอิน - แขวงรามอินทรา,private/passenger car,speeding,rear-end collision,4,0,1,clear,13.94324617,100.7110852,straight road,no slope
7564340,2022-10-17T20:20:00Z,2023-01-19T14:01:00Z,สมุทรสาคร,Samut Sakhon,department of highways,แสมดำ - สะพานข้ามแม่น้ำท่าจีนฝั่งตะวันตก,4-wheel pickup truck,speeding,rear-end collision,3,0,0,clear,13.58744905,100.3236986,straight road,no slope
7132613,2022-10-17T20:23:00Z,2022-10-19T12:15:00Z,กรุงเทพมหานคร,Bangkok,department of rural roads,สะพานภูมิพลที่ 2 ไปสะพานภูมิพลที่ 1,private/passenger car,speeding,other,1,0,0,clear,13.685799,100.547472,t-intersection,other
7565036,2022-10-17T22:20:00Z,2023-01-20T07:30:00Z,ปทุมธานี,Pathum Thani,department of highways,ต่างระดับคลองหลวง - ประตูน้ำพระอินทร์,4-wheel pickup truck,cutting in closely by people/vehicles/animals,rear-end collision,2,1,0,clear,14.11372239,100.6186089,straight road,no slope
7219816,2022-10-17T23:40:00Z,2022-11-01T10:59:00Z,สมุทรปราการ,Samut Prakan,expressway authority of thailand,บางพลี-สุขสวัสดิ์,6-wheel truck,other,rear-end collision,2,0,3,clear,13.624955,100.667679,straight road,other
7126719,2022-10-18T01:30:00Z,2022-10-18T16:14:00Z,กรุงเทพมหานคร,Bangkok,department of highways,บางปะอิน - แขวงรามอินทรา,4-wheel pickup truck,vehicle equipment failure,rollover/fallen on straight road,1,0,2,clear,13.86200756,100.6767771,straight road,no slope
7132181,2022-10-18T04:10:00Z,2022-10-19T10:35:00Z,กรุงเทพมหานคร,Bangkok,department of highways,แขวงคลองสองต้นนุ่น - พิมพา,private/passenger car,speeding,rollover/fallen on straight road,1,0,0,clear,13.73290521,100.79061,straight road,no slope
7561519,2022-10-18T12:00:00Z,2023-01-17T10:13:00Z,กรุงเทพมหานคร,Bangkok,department of highways,อรุณอมรินทร์ - พุทธมณฑลสาย 4,private/passenger car,speeding,rear-end collision,2,0,0,clear,13.78739098,100.3650735,straight road,no slope
7133147,2022-10-18T16:00:00Z,2022-10-19T14:22:00Z,กรุงเทพมหานคร,Bangkok,department of highways,แขวงคลองสองต้นนุ่น - พิมพา,6-wheel truck,speeding,rear-end collision,2,0,2,clear,13.73204018,100.7715395,straight road,no slope
7133050,2022-10-18T16:01:00Z,2022-10-19T14:06:00Z,กรุงเทพมหานคร,Bangkok,department of highways,แขวงคลองสองต้นนุ่น - พิมพา,4-wheel pickup truck,speeding,rear-end collision,2,0,1,clear,13.73319182,100.7933244,straight road,no slope
7227494,2022-10-18T16:55:00Z,2022-11-02T13:35:00Z,สมุทรปราการ,Samut Prakan,expressway authority of thailand,บางพลี-สุขสวัสดิ์,other,other,rear-end collision,2,0,0,clear,13.627061,100.669428,straight road,other
7132004,2022-10-18T18:45:00Z,2022-10-19T09:58:00Z,ปทุมธานี,Pathum Thani,department of highways,บางปะอิน - แขวงรามอินทรา,private/passenger car,speeding,rear-end collision,3,0,1,clear,13.9455812,100.7116485,straight road,no slope
7561153,2022-10-18T18:55:00Z,2023-01-17T06:09:00Z,สมุทรปราการ,Samut Prakan,expressway authority of thailand,บางพลี-สุขสวัสดิ์,other,other,rear-end collision,4,0,2,clear,13.635054,100.542104,straight road,other
7131845,2022-10-18T23:51:00Z,2022-10-19T09:36:00Z,กรุงเทพมหานคร,Bangkok,department of highways,บางปะอิน - แขวงรามอินทรา,large truck with trailer,speeding,rear-end collision,2,0,1,clear,13.86556211,100.6775737,straight road,no slope
7219902,2022-10-19T05:45:00Z,2022-11-01T11:08:00Z,กรุงเทพมหานคร,Bangkok,expressway authority of thailand,บางพลี-สุขสวัสดิ์,other,other,collision with obstruction (on road surface),1,0,1,clear,NA,NA,wide curve,other
7561529,2022-10-19T07:55:00Z,2023-01-17T10:15:00Z,กรุงเทพมหานคร,Bangkok,department of highways,อรุณอมรินทร์ - พุทธมณฑลสาย 4,motorcycle,speeding,rear-end collision,2,0,0,clear,13.78647014,100.3735211,straight road,no slope
7226978,2022-10-19T09:00:00Z,2022-11-02T11:29:00Z,กรุงเทพมหานคร,Bangkok,expressway authority of thailand,บางพลี-สุขสวัสดิ์,other,other,side collision,1,0,0,clear,NA,NA,other,other
7138819,2022-10-19T10:15:00Z,2022-10-20T09:01:00Z,ปทุมธานี,Pathum Thani,department of highways,บางปะอิน - แขวงรามอินทรา,6-wheel truck,speeding,rear-end collision,2,0,1,clear,14.01598308,100.7015419,straight road,no slope
7132978,2022-10-19T10:38:00Z,2022-10-19T13:54:00Z,กรุงเทพมหานคร,Bangkok,expressway authority of thailand,พญาไท-ศรีนครินทร์,other,other,rear-end collision,2,0,0,clear,13.74118246,100.6280417,straight road,other
7565033,2022-10-19T13:30:00Z,2023-01-20T07:23:00Z,ปทุมธานี,Pathum Thani,department of highways,ปทุมธานี - ท้ายเกาะ,private/passenger car,cutting in closely by people/vehicles/animals,rear-end collision,2,0,0,clear,14.04054092,100.5252134,straight road,no slope
7173096,2022-10-19T19:18:00Z,2022-10-25T14:15:00Z,กรุงเทพมหานคร,Bangkok,department of highways,แขวงคลองสองต้นนุ่น - พิมพา,private/passenger car,speeding,rear-end collision,2,0,0,clear,13.72956229,100.745396,straight road,no slope
7140428,2022-10-19T21:12:00Z,2022-10-20T14:07:00Z,กรุงเทพมหานคร,Bangkok,department of rural roads,สะพานภูมิพลที่ 1 ไปสะพานภูมิพลที่ 2,private/passenger car,abrupt lane change,other,2,0,2,clear,13.671688,100.538745,straight road,slope area
7146160,2022-10-19T23:01:00Z,2022-10-21T10:49:00Z,ปทุมธานี,Pathum Thani,department of highways,บางปะอิน - แขวงรามอินทรา,private/passenger car,speeding,rollover/fallen on straight road,1,0,1,clear,13.97095272,100.7129386,straight road,no slope
7145929,2022-10-19T23:46:00Z,2022-10-21T10:07:00Z,ปทุมธานี,Pathum Thani,department of highways,บางปะอิน - แขวงรามอินทรา,6-wheel truck,vehicle equipment failure,rollover/fallen on straight road,1,0,1,clear,14.15775706,100.6543511,straight road,no slope
7564368,2022-10-20T01:00:00Z,2023-01-19T14:12:00Z,สมุทรสาคร,Samut Sakhon,department of highways,แสมดำ - สะพานข้ามแม่น้ำท่าจีนฝั่งตะวันตก,7-10-wheel truck,speeding,rear-end collision,2,0,0,clear,13.57039035,100.2888545,straight road,no slope
7137343,2022-10-20T03:34:00Z,2022-10-20T04:33:00Z,กรุงเทพมหานคร,Bangkok,expressway authority of thailand,แจ้งวัฒนะ-พญาไท,other,other,collision with obstruction (on road surface),1,0,0,clear,NA,NA,wide curve,other
7564379,2022-10-20T10:00:00Z,2023-01-19T14:18:00Z,สมุทรสาคร,Samut Sakhon,department of highways,สะพานข้ามแม่น้ำท่าจีนฝั่งตะวันตก - นาโคก,private/passenger car,speeding,rear-end collision,3,0,0,clear,13.53188147,100.2063491,straight road,no slope
7564378,2022-10-20T11:30:00Z,2023-01-19T14:17:00Z,สมุทรสาคร,Samut Sakhon,department of highways,สะพานข้ามแม่น้ำท่าจีนฝั่งตะวันตก - นาโคก,7-10-wheel truck,speeding,rear-end collision,2,0,0,clear,13.52191354,100.1767476,other,other
7564390,2022-10-20T12:35:00Z,2023-01-19T14:25:00Z,สมุทรสาคร,Samut Sakhon,department of highways,แสมดำ - สะพานข้ามแม่น้ำท่าจีนฝั่งตะวันตก,private/passenger car,vehicle equipment failure,rollover/fallen on straight road,1,0,0,clear,13.59264668,100.3528494,straight road,no slope
7173020,2022-10-20T15:13:00Z,2022-10-25T14:09:00Z,สมุทรปราการ,Samut Prakan,department of highways,แขวงคลองสองต้นนุ่น - พิมพา,private/passenger car,speeding,rear-end collision,2,0,0,clear,13.66841985,100.8463517,straight road,no slope
7172990,2022-10-20T17:14:00Z,2022-10-25T14:00:00Z,กรุงเทพมหานคร,Bangkok,department of highways,แขวงคลองสองต้นนุ่น - พิมพา,4-wheel pickup truck,speeding,rear-end collision,3,0,0,clear,13.72940335,100.7317623,straight road,no slope
7153154,2022-10-20T18:38:00Z,2022-10-22T11:07:00Z,สมุทรปราการ,Samut Prakan,department of highways,แขวงคลองสองต้นนุ่น - พิมพา,4-wheel pickup truck,speeding,rear-end collision,2,0,0,clear,13.66792727,100.8471161,straight road,no slope
7561635,2022-10-20T19:00:00Z,2023-01-17T11:36:00Z,กรุงเทพมหานคร,Bangkok,department of highways,อรุณอมรินทร์ - พุทธมณฑลสาย 4,motorcycle,speeding,rollover/fallen on straight road,1,0,2,clear,13.78408531,100.456962,straight road,no slope
7152602,2022-10-20T19:09:00Z,2022-10-22T09:16:00Z,กรุงเทพมหานคร,Bangkok,department of highways,ถนนศรีนครินทร - แขวงคลองสองต้นนุ่น,4-wheel pickup truck,speeding,rear-end collision,2,0,0,clear,13.73184737,100.7110315,straight road,no slope
7561595,2022-10-20T21:00:00Z,2023-01-17T11:00:00Z,กรุงเทพมหานคร,Bangkok,department of highways,บางแค - คลองมหาสวัสดิ์,private/passenger car,speeding,rear-end collision,2,0,0,clear,13.71382152,100.4062937,wide curve,no slope
7446508,2022-10-20T23:00:00Z,2022-12-09T12:06:00Z,สมุทรสาคร,Samut Sakhon,department of highways,ไม่ทราบ,4-wheel pickup truck,falling asleep,rollover/fallen on straight road,1,0,0,clear,13.58058316,100.1098856,other,other
7439441,2022-10-21T06:30:00Z,2022-12-07T13:52:00Z,ปทุมธานี,Pathum Thani,department of highways,ไม่ทราบ,passenger pickup truck,speeding,other,2,0,0,clear,14.08283173,100.5057044,connecting to public/commercial area,other
7152576,2022-10-21T08:08:00Z,2022-10-22T09:10:00Z,กรุงเทพมหานคร,Bangkok,department of highways,บางปะอิน - แขวงรามอินทรา,4-wheel pickup truck,speeding,rear-end collision,3,0,0,clear,13.91026936,100.6999862,straight road,no slope
7146660,2022-10-21T08:58:00Z,2022-10-21T12:45:00Z,กรุงเทพมหานคร,Bangkok,expressway authority of thailand,แจ้งวัฒนะ-พญาไท,other,other,side collision,2,0,1,clear,NA,NA,straight road,other
7568456,2022-10-21T09:22:00Z,2023-01-24T14:53:00Z,กรุงเทพมหานคร,Bangkok,department of highways,แขวงคลองสองต้นนุ่น - พิมพา,4-wheel pickup truck,speeding,rollover/fallen on straight road,1,0,2,clear,13.73213137,100.7779071,straight road,no slope
7568457,2022-10-21T11:00:00Z,2023-01-24T14:55:00Z,กรุงเทพมหานคร,Bangkok,department of highways,บางปะอิน - แขวงรามอินทรา,large truck with trailer,vehicle equipment failure,collision with obstruction (on road surface),2,0,4,clear,13.85845815,100.67568,straight road,no slope
7152677,2022-10-21T13:20:00Z,2022-10-22T09:31:00Z,กรุงเทพมหานคร,Bangkok,department of highways,ถนนศรีนครินทร - แขวงคลองสองต้นนุ่น,private/passenger car,speeding,rear-end collision,4,0,0,clear,13.73281402,100.7018503,straight road,no slope
7152879,2022-10-21T14:58:00Z,2022-10-22T10:08:00Z,สมุทรปราการ,Samut Prakan,department of highways,แขวงคลองสองต้นนุ่น - พิมพา,private/passenger car,speeding,rear-end collision,2,0,0,clear,13.66546435,100.8509409,straight road,no slope
7564406,2022-10-21T16:30:00Z,2023-01-19T14:42:00Z,สมุทรสาคร,Samut Sakhon,department of highways,สะพานข้ามแม่น้ำท่าจีนฝั่งตะวันตก - นาโคก,4-wheel pickup truck,running red lights/traffic signals,rollover/fallen on straight road,1,0,0,clear,13.52293346,100.1797959,straight road,no slope
7152763,2022-10-21T17:20:00Z,2022-10-22T09:48:00Z,กรุงเทพมหานคร,Bangkok,department of highways,แขวงรามอินทรา - บางพลี,6-wheel truck,speeding,rear-end collision,2,0,0,clear,13.71405082,100.7003268,straight road,no slope
7561360,2022-10-21T17:40:00Z,2023-01-17T08:59:00Z,กรุงเทพมหานคร,Bangkok,department of highways,อรุณอมรินทร์ - พุทธมณฑลสาย 4,4-wheel pickup truck,speeding,rollover/fallen on straight road,1,0,2,rainy,13.78077308,100.4333143,straight road,no slope
7561627,2022-10-21T18:00:00Z,2023-01-17T11:29:00Z,กรุงเทพมหานคร,Bangkok,department of highways,อรุณอมรินทร์ - พุทธมณฑลสาย 4,motorcycle,cutting in closely by people/vehicles/animals,rear-end collision,2,0,2,clear,13.7863438,100.4641865,other,other
7527321,2022-10-21T18:50:00Z,2022-12-31T10:37:00Z,กรุงเทพมหานคร,Bangkok,department of highways,บางแค - คลองมหาสวัสดิ์,private/passenger car,reversing vehicle,collision with obstruction (on road surface),2,0,1,clear,13.77323018,100.407785,straight road,no slope
7178479,2022-10-22T00:05:00Z,2022-10-26T09:06:00Z,สมุทรปราการ,Samut Prakan,department of rural roads,ทางเข้าถนนปู่เจ้าสมิงพรายสู่ถนนวงแหวนอุตสาหกรรม,private/passenger car,tailgating,other,2,0,0,clear,13.652739,100.541348,straight road,no slope
7561644,2022-10-22T03:20:00Z,2023-01-17T11:45:00Z,กรุงเทพมหานคร,Bangkok,department of highways,อรุณอมรินทร์ - พุทธมณฑลสาย 4,motorcycle,speeding,rollover/fallen on straight road,1,0,1,clear,13.78204171,100.417783,straight road,no slope
7219930,2022-10-22T05:22:00Z,2022-11-01T11:12:00Z,สมุทรปราการ,Samut Prakan,expressway authority of thailand,บางพลี-สุขสวัสดิ์,other,other,side collision,2,0,1,clear,13.629106,100.52882,grade-separated intersection/ramps,other
7564372,2022-10-22T06:10:00Z,2023-01-19T14:13:00Z,สมุทรสาคร,Samut Sakhon,department of highways,แสมดำ - สะพานข้ามแม่น้ำท่าจีนฝั่งตะวันตก,4-wheel pickup truck,speeding,rollover/fallen on straight road,1,0,1,clear,13.55042144,100.2635616,straight road,no slope
7438659,2022-10-22T07:00:00Z,2022-12-07T11:48:00Z,กรุงเทพมหานคร,Bangkok,department of highways,ไม่ทราบ,private/passenger car,speeding,rear-end collision,2,0,0,clear,13.6631643,100.4404812,straight road,no slope
7522011,2022-10-22T08:00:00Z,2022-12-30T12:31:00Z,นนทบุรี,Nonthaburi,department of highways,บางบัวทอง - ไทรน้อย,private/passenger car,loss of control,rollover/fallen on straight road,1,0,0,clear,13.94730205,100.3781203,straight road,no slope
7178477,2022-10-22T08:32:00Z,2022-10-26T09:06:00Z,สมุทรปราการ,Samut Prakan,department of rural roads,สะพานภูมิพลที่ 2 ไปสะพานภูมิพลที่ 1,motorcycle,running red lights/traffic signals,other,2,0,1,clear,13.649812,100.541246,straight road,slope area
7569058,2022-10-22T10:47:00Z,2023-01-25T08:53:00Z,กรุงเทพมหานคร,Bangkok,department of highways,แขวงคลองสองต้นนุ่น - พิมพา,large truck with trailer,speeding,rear-end collision,3,0,5,clear,13.73108133,100.7625326,straight road,no slope
7153567,2022-10-22T11:05:00Z,2022-10-22T12:56:00Z,สมุทรปราการ,Samut Prakan,department of highways,แขวงคลองสองต้นนุ่น - พิมพา,private/passenger car,speeding,rear-end collision,4,0,0,clear,13.66595694,100.8501765,straight road,no slope
7153871,2022-10-22T11:28:00Z,2022-10-22T14:02:00Z,กรุงเทพมหานคร,Bangkok,department of highways,บางปะอิน - แขวงรามอินทรา,private/passenger car,speeding,rear-end collision,4,0,0,clear,13.8236852,100.674524,straight road,no slope
7153514,2022-10-22T11:30:00Z,2022-10-22T12:41:00Z,สมุทรปราการ,Samut Prakan,department of highways,แขวงคลองสองต้นนุ่น - พิมพา,private/passenger car,speeding,rear-end collision,2,0,0,clear,13.65659501,100.864706,straight road,no slope
7564005,2022-10-22T12:20:00Z,2023-01-19T09:35:00Z,สมุทรสาคร,Samut Sakhon,department of highways,สะพานข้ามแม่น้ำท่าจีนฝั่งตะวันตก - นาโคก,4-wheel pickup truck,speeding,rollover/fallen on curved road,1,0,4,clear,13.50776465,100.1311242,wide curve,no slope
7219496,2022-10-22T13:23:00Z,2022-11-01T10:07:00Z,กรุงเทพมหานคร,Bangkok,expressway authority of thailand,อาจณรงค์-บางนา,other,other,side collision,4,0,0,clear,13.672386,100.611363,straight road,other
7155429,2022-10-22T14:55:00Z,2022-10-22T19:15:00Z,กรุงเทพมหานคร,Bangkok,expressway authority of thailand,แจ้งวัฒนะ-พญาไท,other,other,collision with obstruction (on road surface),1,0,0,clear,NA,NA,straight road,other
7156937,2022-10-22T18:36:00Z,2022-10-22T23:40:00Z,กรุงเทพมหานคร,Bangkok,department of highways,แขวงคลองสองต้นนุ่น - พิมพา,private/passenger car,speeding,rear-end collision,4,0,0,clear,13.72949455,100.7426682,straight road,no slope
7561610,2022-10-22T18:55:00Z,2023-01-17T11:05:00Z,กรุงเทพมหานคร,Bangkok,department of highways,บางแค - คลองมหาสวัสดิ์,private/passenger car,speeding,rear-end collision,3,0,0,clear,13.78911804,100.40944,straight road,no slope
7564176,2022-10-22T21:00:00Z,2023-01-19T11:02:00Z,สมุทรสาคร,Samut Sakhon,department of highways,แสมดำ - สะพานข้ามแม่น้ำท่าจีนฝั่งตะวันตก,motorcycle,speeding,rollover/fallen on curved road,1,0,1,clear,13.56892826,100.2860102,other,other
7219355,2022-10-23T01:15:00Z,2022-11-01T09:43:00Z,กรุงเทพมหานคร,Bangkok,expressway authority of thailand,ดินแดง-ท่าเรือ,other,other,other,1,0,0,rainy,NA,NA,y-intersection,other
7564944,2022-10-23T03:00:00Z,2023-01-20T06:17:00Z,สมุทรปราการ,Samut Prakan,department of highways,บางพลี - กิ่งแก้ว,4-wheel pickup truck,speeding,rear-end collision,2,0,2,clear,13.64951207,100.7147384,straight road,no slope
7159712,2022-10-23T05:29:00Z,2022-10-23T11:08:00Z,กรุงเทพมหานคร,Bangkok,department of highways,ถนนศรีนครินทร - แขวงคลองสองต้นนุ่น,private/passenger car,speeding,rollover/fallen on straight road,1,0,0,clear,13.73387187,100.6922588,straight road,no slope
7561667,2022-10-23T06:20:00Z,2023-01-17T11:59:00Z,กรุงเทพมหานคร,Bangkok,department of highways,อรุณอมรินทร์ - พุทธมณฑลสาย 4,private/passenger car,speeding,rear-end collision,2,0,5,clear,13.78423249,100.3954455,straight road,no slope
7159421,2022-10-23T09:09:00Z,2022-10-23T09:54:00Z,กรุงเทพมหานคร,Bangkok,expressway authority of thailand,พญาไท-ศรีนครินทร์,other,other,collision with obstruction (on road surface),1,0,0,clear,13.75140186,100.5927615,straight road,other
7568445,2022-10-23T10:05:00Z,2023-01-24T14:37:00Z,กรุงเทพมหานคร,Bangkok,department of highways,แขวงรามอินทรา - บางพลี,large truck with trailer,speeding,rear-end collision,3,0,1,clear,13.67179231,100.6991038,straight road,no slope
7565022,2022-10-23T12:30:00Z,2023-01-20T07:16:00Z,ปทุมธานี,Pathum Thani,department of highways,บ้านพร้าว - คลองห้า,4-wheel pickup truck,speeding,rear-end collision,4,0,1,clear,14.06536011,100.6052046,straight road,no slope
7164793,2022-10-23T12:52:00Z,2022-10-24T07:40:00Z,กรุงเทพมหานคร,Bangkok,expressway authority of thailand,แจ้งวัฒนะ-พญาไท,other,other,other,1,0,0,clear,NA,NA,straight road,other
7161649,2022-10-23T13:52:00Z,2022-10-23T18:29:00Z,สมุทรปราการ,Samut Prakan,department of highways,แขวงคลองสองต้นนุ่น - พิมพา,private/passenger car,speeding,rear-end collision,2,0,0,clear,13.67236568,100.8402336,straight road,no slope
7161650,2022-10-23T14:21:00Z,2022-10-23T18:27:00Z,สมุทรปราการ,Samut Prakan,department of highways,แขวงคลองสองต้นนุ่น - พิมพา,private/passenger car,speeding,rear-end collision,5,0,1,clear,13.65856803,100.8616483,straight road,no slope
7561622,2022-10-23T15:00:00Z,2023-01-17T11:23:00Z,กรุงเทพมหานคร,Bangkok,department of highways,ดาวคะนอง -  แสมดำ,private/passenger car,cutting in closely by people/vehicles/animals,rear-end collision,2,0,1,clear,13.68516961,100.4878034,other,other
7161724,2022-10-23T17:15:00Z,2022-10-23T18:44:00Z,กรุงเทพมหานคร,Bangkok,expressway authority of thailand,หมอชิต-กาญจนาฯ,other,other,side collision,2,0,1,clear,13.822078,100.528379,straight road,other
7171116,2022-10-23T18:56:00Z,2022-10-25T08:32:00Z,ปทุมธานี,Pathum Thani,department of highways,บางปะอิน - แขวงรามอินทรา,private/passenger car,speeding,rear-end collision,5,0,2,clear,13.98739183,100.7133597,straight road,no slope
7162980,2022-10-23T18:58:00Z,2022-10-23T23:07:00Z,กรุงเทพมหานคร,Bangkok,expressway authority of thailand,แจ้งวัฒนะ-พญาไท,other,other,collision with obstruction (on road surface),1,0,0,clear,13.79466929,100.5394874,straight road,other
7444149,2022-10-23T18:58:00Z,2022-12-08T10:50:00Z,กรุงเทพมหานคร,Bangkok,department of highways,ไม่ทราบ,private/passenger car,speeding,rear-end collision,2,0,0,clear,13.78356562,100.405371,straight road,no slope
7162309,2022-10-23T19:53:00Z,2022-10-23T20:52:00Z,สมุทรปราการ,Samut Prakan,department of highways,แขวงคลองสองต้นนุ่น - พิมพา,private/passenger car,speeding,rear-end collision,2,0,0,clear,13.67137793,100.8417624,straight road,no slope
7163002,2022-10-23T22:31:00Z,2022-10-23T23:14:00Z,สมุทรปราการ,Samut Prakan,department of highways,แขวงคลองสองต้นนุ่น - พิมพา,private/passenger car,speeding,rear-end collision,7,0,0,clear,13.66595694,100.8501765,straight road,no slope
7521765,2022-10-23T23:30:00Z,2022-12-30T11:25:00Z,นนทบุรี,Nonthaburi,department of highways,บางบัวทอง - ไทรน้อย,private/passenger car,loss of control,rollover/fallen on straight road,1,0,0,clear,13.92649895,100.4112677,straight road,no slope
7323391,2022-10-24T00:30:00Z,2022-11-16T09:15:00Z,นครปฐม,Nakhon Pathom,department of highways,อ้อมน้อย - ศาลายา,4-wheel pickup truck,speeding,rollover/fallen on straight road,1,0,3,clear,13.74825651,100.3004444,straight road,no slope
7178481,2022-10-24T03:00:00Z,2022-10-26T09:06:00Z,สมุทรปราการ,Samut Prakan,department of rural roads,สะพานภูมิพลที่ 1 ไปสะพานภูมิพลที่ 2,7-10-wheel truck,vehicle equipment failure,other,3,0,0,clear,13.64772,100.541415,straight road,slope area
7439431,2022-10-24T03:26:00Z,2022-12-07T13:51:00Z,กรุงเทพมหานคร,Bangkok,department of highways,ไม่ทราบ,motorcycle,speeding,other,2,0,1,clear,13.66445833,100.4421495,straight road,no slope
7167373,2022-10-24T14:15:00Z,2022-10-24T18:06:00Z,สมุทรปราการ,Samut Prakan,department of highways,แขวงคลองสองต้นนุ่น - พิมพา,6-wheel truck,speeding,rear-end collision,2,0,3,clear,13.62669014,100.9113926,straight road,no slope
7561586,2022-10-24T14:30:00Z,2023-01-17T10:55:00Z,กรุงเทพมหานคร,Bangkok,department of highways,บางแค - คลองมหาสวัสดิ์,4-wheel pickup truck,speeding,rear-end collision,2,0,0,clear,13.69405612,100.4076804,straight road,no slope
7564381,2022-10-24T15:00:00Z,2023-01-19T14:15:00Z,สมุทรสาคร,Samut Sakhon,department of highways,สะพานข้ามแม่น้ำท่าจีนฝั่งตะวันตก - นาโคก,4-wheel pickup truck,speeding,rear-end collision,2,0,0,clear,13.53166254,100.2056958,straight road,no slope
7564947,2022-10-24T18:30:00Z,2023-01-20T06:24:00Z,สมุทรปราการ,Samut Prakan,department of highways,บางพลี - กิ่งแก้ว,motorcycle,cutting in closely by people/vehicles/animals,other,2,0,1,clear,13.61156814,100.7016465,connecting to public/commercial area,other
7171434,2022-10-24T20:34:00Z,2022-10-25T09:33:00Z,กรุงเทพมหานคร,Bangkok,department of highways,แขวงรามอินทรา - บางพลี,4-wheel pickup truck,speeding,rear-end collision,3,0,2,clear,13.70189472,100.699667,straight road,no slope
7560662,2022-10-25T04:19:00Z,2023-01-16T10:59:00Z,กรุงเทพมหานคร,Bangkok,expressway authority of thailand,ดาวคะนอง-ท่าเรือ,other,other,side collision,1,0,0,clear,NA,NA,other,other
7561631,2022-10-25T08:00:00Z,2023-01-17T11:30:00Z,กรุงเทพมหานคร,Bangkok,department of highways,อรุณอมรินทร์ - พุทธมณฑลสาย 4,motorcycle,speeding,rear-end collision,2,0,2,clear,13.78614583,100.4634677,other,other
7561535,2022-10-25T08:30:00Z,2023-01-17T10:21:00Z,กรุงเทพมหานคร,Bangkok,department of highways,อรุณอมรินทร์ - พุทธมณฑลสาย 4,motorcycle,speeding,rear-end collision,2,0,2,clear,13.78584706,100.3838823,straight road,no slope
7212324,2022-10-25T08:50:00Z,2022-10-31T09:31:00Z,ปทุมธานี,Pathum Thani,department of rural roads,แยกทางหลวงหมายเลข 305 (กม.ที่ 23+950) - เลียบคลอง10 ฝั่งตะวันออก,motorcycle,illegal overtaking,other,2,1,1,clear,13.977632,100.820326,straight road,no slope
7561728,2022-10-25T12:30:00Z,2023-01-17T14:05:00Z,ปทุมธานี,Pathum Thani,department of highways,ลำลูกกา - คลอง 16,4-wheel pickup truck,slippery road,rollover/fallen on straight road,1,0,0,rainy,13.95400301,100.8389641,other,other
7561490,2022-10-25T14:15:00Z,2023-01-17T09:58:00Z,กรุงเทพมหานคร,Bangkok,department of highways,อรุณอมรินทร์ - พุทธมณฑลสาย 4,private/passenger car,speeding,rear-end collision,2,0,3,clear,13.78831052,100.3456315,straight road,no slope
7564155,2022-10-25T14:25:00Z,2023-01-19T10:54:00Z,สมุทรสาคร,Samut Sakhon,department of highways,แสมดำ - สะพานข้ามแม่น้ำท่าจีนฝั่งตะวันตก,4-wheel pickup truck,speeding,rear-end collision,2,0,0,clear,13.57045741,100.2889846,straight road,no slope
7518603,2022-10-25T15:37:00Z,2022-12-29T11:39:00Z,กรุงเทพมหานคร,Bangkok,expressway authority of thailand,พญาไท-ศรีนครินทร์,other,other,side collision,3,0,0,clear,NA,NA,y-intersection,other
7178856,2022-10-25T15:39:00Z,2022-10-26T10:15:00Z,สมุทรปราการ,Samut Prakan,department of highways,แขวงคลองสองต้นนุ่น - พิมพา,private/passenger car,speeding,rear-end collision,3,0,0,clear,13.66595694,100.8501765,straight road,no slope
7564165,2022-10-25T15:40:00Z,2023-01-19T10:57:00Z,สมุทรสาคร,Samut Sakhon,department of highways,สะพานข้ามแม่น้ำท่าจีนฝั่งตะวันตก - นาโคก,4-wheel pickup truck,speeding,rear-end collision,2,0,0,clear,13.53056093,100.2024314,straight road,no slope
7561638,2022-10-25T15:41:00Z,2023-01-17T11:40:00Z,กรุงเทพมหานคร,Bangkok,department of highways,อรุณอมรินทร์ - พุทธมณฑลสาย 4,private/passenger car,cutting in closely by people/vehicles/animals,rear-end collision,3,0,0,clear,13.78276459,100.4510249,straight road,no slope
7219444,2022-10-26T04:25:00Z,2022-11-01T09:58:00Z,กรุงเทพมหานคร,Bangkok,expressway authority of thailand,รามอินทรา-อาจณรงค์,other,other,rollover/fallen on straight road,1,0,1,clear,13.841695,100.635158,y-intersection,other
7560663,2022-10-26T06:13:00Z,2023-01-16T10:59:00Z,กรุงเทพมหานคร,Bangkok,expressway authority of thailand,ดินแดง-ท่าเรือ,other,other,side collision,1,0,0,clear,13.72534606,100.5525954,y-intersection,other
7561784,2022-10-26T09:00:00Z,2023-01-17T14:36:00Z,นนทบุรี,Nonthaburi,department of highways,คลองมหาสวัสดิ์ - คลองบางไผ่,private/passenger car,speeding,rear-end collision,6,0,0,clear,13.84386836,100.4128138,straight road,no slope
7527280,2022-10-26T09:30:00Z,2022-12-31T10:31:00Z,กรุงเทพมหานคร,Bangkok,department of highways,บางแค - คลองมหาสวัสดิ์,4-wheel pickup truck,speeding,rear-end collision,2,0,1,clear,13.68590322,100.4073049,straight road,no slope
7185817,2022-10-26T12:20:00Z,2022-10-27T09:51:00Z,กรุงเทพมหานคร,Bangkok,department of highways,บางปะอิน - แขวงรามอินทรา,4-wheel pickup truck,speeding,rear-end collision,3,0,0,clear,13.86902548,100.6784561,straight road,no slope
7564355,2022-10-26T16:40:00Z,2023-01-19T14:08:00Z,สมุทรสาคร,Samut Sakhon,department of highways,แสมดำ - สะพานข้ามแม่น้ำท่าจีนฝั่งตะวันตก,6-wheel truck,speeding,rear-end collision,2,0,0,clear,13.58069865,100.3087316,straight road,no slope
7219953,2022-10-26T18:10:00Z,2022-11-01T11:15:00Z,สมุทรปราการ,Samut Prakan,expressway authority of thailand,บางพลี-สุขสวัสดิ์,4-wheel pickup truck,other,rear-end collision,2,0,1,clear,13.632673,100.674108,straight road,other
7187069,2022-10-26T20:01:00Z,2022-10-27T14:06:00Z,สมุทรปราการ,Samut Prakan,department of highways,แขวงคลองสองต้นนุ่น - พิมพา,private/passenger car,speeding,rear-end collision,2,0,0,clear,13.63791175,100.8937919,straight road,no slope
7565031,2022-10-26T23:30:00Z,2023-01-20T07:21:00Z,ปทุมธานี,Pathum Thani,department of highways,ปทุมธานี - ท้ายเกาะ,large truck with trailer,speeding,rollover/fallen on straight road,1,0,0,clear,14.03554991,100.5252939,straight road,no slope
7518680,2022-10-27T02:00:00Z,2022-12-29T14:40:00Z,ปทุมธานี,Pathum Thani,department of highways,ไม่ทราบ,large truck with trailer,speeding,rear-end collision,2,0,1,clear,14.06725822,100.6174592,straight road,no slope
7561720,2022-10-27T02:00:00Z,2023-01-17T13:57:00Z,ปทุมธานี,Pathum Thani,department of highways,วัดนาบุญ - คลอง 14,4-wheel pickup truck,falling asleep,rear-end collision,2,0,0,clear,14.06622774,100.8633569,straight road,no slope
7185774,2022-10-27T04:38:00Z,2022-10-27T09:40:00Z,กรุงเทพมหานคร,Bangkok,department of highways,แขวงรามอินทรา - บางพลี,4-wheel pickup truck,speeding,rollover/fallen on straight road,1,0,0,rainy,13.77742693,100.6873503,straight road,no slope
7564394,2022-10-27T05:45:00Z,2023-01-19T14:33:00Z,นครปฐม,Nakhon Pathom,department of highways,พุทธมณฑลสาย 4 - นครชัยศรี,4-wheel pickup truck,speeding,rollover/fallen on straight road,1,0,0,rainy,13.78106614,100.2375841,other,other
7185856,2022-10-27T07:52:00Z,2022-10-27T09:55:00Z,กรุงเทพมหานคร,Bangkok,expressway authority of thailand,พญาไท-ศรีนครินทร์,other,other,side collision,2,0,0,clear,13.74172934,100.6397472,grade-separated intersection/ramps,other
7554566,2022-10-27T10:00:00Z,2023-01-09T13:29:00Z,นครปฐม,Nakhon Pathom,department of highways,นครชัยศรี - ดอนตูม,motorcycle,driving under the influence of alcohol,rollover/fallen on straight road,1,0,1,clear,13.83098735,100.1922539,straight road,no slope
7564318,2022-10-27T11:15:00Z,2023-01-19T13:47:00Z,สมุทรสาคร,Samut Sakhon,department of highways,สะพานข้ามแม่น้ำท่าจีนฝั่งตะวันตก - นาโคก,4-wheel pickup truck,speeding,rear-end collision,2,0,0,clear,13.53408438,100.2128777,straight road,no slope
7568434,2022-10-27T12:50:00Z,2023-01-24T14:23:00Z,กรุงเทพมหานคร,Bangkok,department of highways,บางปะอิน - แขวงรามอินทรา,motorcycle,speeding,rear-end collision,2,0,0,clear,13.83733509,100.6731292,straight road,no slope
7560749,2022-10-27T14:15:00Z,2023-01-16T12:13:00Z,สมุทรปราการ,Samut Prakan,expressway authority of thailand,บางนา-ชลบุรี,4-wheel pickup truck,other,rear-end collision,2,0,3,clear,13.597115,100.79815,straight road,other
7188370,2022-10-27T15:44:00Z,2022-10-27T18:20:00Z,กรุงเทพมหานคร,Bangkok,expressway authority of thailand,พญาไท-ศรีนครินทร์,other,other,rear-end collision,2,0,0,clear,NA,NA,straight road,other
7564963,2022-10-27T17:45:00Z,2023-01-20T06:35:00Z,กรุงเทพมหานคร,Bangkok,department of highways,บางนา - ทางเข้าท่าอากาศยานสุวรรณภูมิ,6-wheel truck,speeding,rear-end collision,2,0,1,clear,13.66659287,100.6383705,straight road,no slope
7561578,2022-10-27T19:10:00Z,2023-01-17T10:54:00Z,กรุงเทพมหานคร,Bangkok,department of highways,บางแค - คลองมหาสวัสดิ์,motorcycle,speeding,rear-end collision,2,0,2,clear,13.68204753,100.4065526,straight road,no slope
7564314,2022-10-27T20:25:00Z,2023-01-19T13:45:00Z,กรุงเทพมหานคร,Bangkok,department of highways,แสมดำ - สะพานข้ามแม่น้ำท่าจีนฝั่งตะวันตก,private/passenger car,speeding,rear-end collision,3,0,0,clear,13.61029744,100.3777592,straight road,no slope
7564341,2022-10-27T20:25:00Z,2023-01-19T14:01:00Z,กรุงเทพมหานคร,Bangkok,department of highways,แสมดำ - สะพานข้ามแม่น้ำท่าจีนฝั่งตะวันตก,private/passenger car,speeding,rear-end collision,3,0,0,clear,13.60997324,100.3774371,straight road,no slope
7568420,2022-10-27T21:08:00Z,2023-01-24T14:14:00Z,กรุงเทพมหานคร,Bangkok,department of highways,แขวงคลองสองต้นนุ่น - พิมพา,private/passenger car,speeding,rear-end collision,2,0,1,clear,13.7294737,100.8105495,straight road,no slope
7212317,2022-10-27T22:09:00Z,2022-10-31T09:30:00Z,สมุทรปราการ,Samut Prakan,department of rural roads,สะพานภูมิพลที่ 1 ไปสะพานภูมิพลที่ 2,motorcycle,running red lights/traffic signals,other,2,1,0,clear,13.668177,100.538461,straight road,no slope
7564362,2022-10-27T22:50:00Z,2023-01-19T14:09:00Z,สมุทรสาคร,Samut Sakhon,department of highways,แสมดำ - สะพานข้ามแม่น้ำท่าจีนฝั่งตะวันตก,private/passenger car,speeding,rollover/fallen on straight road,1,0,0,clear,13.58415265,100.3153834,straight road,no slope
7205855,2022-10-28T01:00:00Z,2022-10-30T09:48:00Z,กรุงเทพมหานคร,Bangkok,department of highways,บางปะอิน - แขวงรามอินทรา,private/passenger car,speeding,rollover/fallen on straight road,1,0,0,clear,13.91550765,100.7024217,other,other
7212320,2022-10-28T04:56:00Z,2022-10-31T09:30:00Z,สมุทรปราการ,Samut Prakan,department of rural roads,ถนนวงแหวนอุตสาหกรรมเข้าสะพานภูมิพลที่ 1,private/passenger car,tailgating,other,3,0,0,clear,13.664229,100.526661,straight road,slope area
7564310,2022-10-28T07:31:00Z,2023-01-19T13:45:00Z,สมุทรสาคร,Samut Sakhon,department of highways,แสมดำ - สะพานข้ามแม่น้ำท่าจีนฝั่งตะวันตก,private/passenger car,speeding,rollover/fallen on straight road,1,0,0,clear,13.6012092,100.3687503,straight road,no slope
7561641,2022-10-28T08:30:00Z,2023-01-17T11:43:00Z,กรุงเทพมหานคร,Bangkok,department of highways,อรุณอมรินทร์ - พุทธมณฑลสาย 4,private/passenger car,cutting in closely by people/vehicles/animals,rear-end collision,2,0,1,clear,13.78010065,100.4371612,straight road,no slope
7564337,2022-10-28T09:35:00Z,2023-01-19T13:58:00Z,สมุทรสาคร,Samut Sakhon,department of highways,สะพานข้ามแม่น้ำท่าจีนฝั่งตะวันตก - นาโคก,private/passenger car,speeding,rear-end collision,2,0,1,clear,13.53276452,100.20896,straight road,no slope
7560820,2022-10-28T10:00:00Z,2023-01-16T14:33:00Z,กรุงเทพมหานคร,Bangkok,department of highways,ถนนศรีนครินทร์ - ลาดกระบัง,other,speeding,rollover/fallen on straight road,1,0,0,clear,13.73086898,100.7198869,straight road,no slope
7199564,2022-10-28T10:53:00Z,2022-10-29T09:39:00Z,กรุงเทพมหานคร,Bangkok,department of highways,บางปะอิน - แขวงรามอินทรา,4-wheel pickup truck,speeding,rear-end collision,3,0,0,clear,13.84895548,100.6725928,straight road,no slope
7560839,2022-10-28T11:00:00Z,2023-01-16T14:35:00Z,กรุงเทพมหานคร,Bangkok,department of highways,ถนนศรีนครินทร์ - ลาดกระบัง,other,speeding,rollover/fallen on straight road,1,0,0,clear,13.73001125,100.7276963,straight road,no slope
7561793,2022-10-28T11:20:00Z,2023-01-17T14:41:00Z,ปทุมธานี,Pathum Thani,department of highways,คลองบางไผ่ - คลองบางหลวง,large truck with trailer,speeding,rollover/fallen on straight road,1,0,0,clear,14.00145192,100.4505261,straight road,no slope
7568419,2022-10-28T13:00:00Z,2023-01-24T14:13:00Z,สมุทรปราการ,Samut Prakan,department of highways,แขวงคลองสองต้นนุ่น - พิมพา,private/passenger car,speeding,rear-end collision,3,0,0,clear,13.66595694,100.8501765,straight road,no slope
7560825,2022-10-28T13:30:00Z,2023-01-16T14:34:00Z,กรุงเทพมหานคร,Bangkok,department of highways,ถนนศรีนครินทร์ - ลาดกระบัง,other,speeding,rollover/fallen on straight road,1,0,0,clear,13.70463469,100.822927,straight road,no slope
7214143,2022-10-28T14:19:00Z,2022-10-31T15:01:00Z,กรุงเทพมหานคร,Bangkok,department of highways,แขวงคลองสองต้นนุ่น - พิมพา,private/passenger car,speeding,rear-end collision,4,0,0,clear,13.73101359,100.7172918,straight road,no slope
7214254,2022-10-28T15:07:00Z,2022-10-31T15:17:00Z,กรุงเทพมหานคร,Bangkok,department of highways,แขวงคลองสองต้นนุ่น - พิมพา,private/passenger car,speeding,rear-end collision,6,0,3,clear,13.729518,100.7435775,straight road,no slope
7527289,2022-10-28T15:20:00Z,2022-12-31T10:33:00Z,กรุงเทพมหานคร,Bangkok,department of highways,บางแค - คลองมหาสวัสดิ์,motorcycle,speeding,rear-end collision,2,0,1,clear,13.75921962,100.4060818,straight road,no slope
7332336,2022-10-28T17:14:00Z,2022-11-02T10:13:00Z,กรุงเทพมหานคร,Bangkok,department of highways,แขวงคลองสองต้นนุ่น - พิมพา,4-wheel pickup truck,speeding,rear-end collision,2,0,0,clear,13.72972435,100.7290533,straight road,no slope
7561628,2022-10-28T17:50:00Z,2023-01-17T11:28:00Z,กรุงเทพมหานคร,Bangkok,department of highways,ดาวคะนอง -  แสมดำ,private/passenger car,speeding,rear-end collision,2,0,0,clear,13.68311081,100.4823974,straight road,no slope
7568399,2022-10-28T18:20:00Z,2023-01-24T14:05:00Z,กรุงเทพมหานคร,Bangkok,department of highways,แขวงคลองสองต้นนุ่น - พิมพา,private/passenger car,speeding,rear-end collision,5,0,2,clear,13.7172351,100.8165881,straight road,no slope
7564133,2022-10-28T22:20:00Z,2023-01-19T10:43:00Z,สมุทรสาคร,Samut Sakhon,department of highways,แสมดำ - สะพานข้ามแม่น้ำท่าจีนฝั่งตะวันตก,4-wheel pickup truck,speeding,rear-end collision,2,0,1,clear,13.56160241,100.2756292,straight road,no slope
7219461,2022-10-29T00:35:00Z,2022-11-01T10:01:00Z,กรุงเทพมหานคร,Bangkok,expressway authority of thailand,รามอินทรา-อาจณรงค์,4-wheel pickup truck,other,other,3,0,3,clear,NA,NA,wide curve,other
7213445,2022-10-29T02:55:00Z,2022-10-31T12:52:00Z,สมุทรปราการ,Samut Prakan,department of rural roads,สะพานภูมิพลที่ 2 ไปสะพานภูมิพลที่ 1,motorcycle,running red lights/traffic signals,other,2,1,0,clear,13.65865,100.539724,straight road,slope area
7199977,2022-10-29T05:10:00Z,2022-10-29T11:06:00Z,กรุงเทพมหานคร,Bangkok,department of highways,แขวงรามอินทรา - บางพลี,7-10-wheel truck,speeding,rear-end collision,2,0,0,clear,13.78161579,100.686146,straight road,no slope
7439523,2022-10-29T07:30:00Z,2022-12-07T14:19:00Z,กรุงเทพมหานคร,Bangkok,department of highways,ไม่ทราบ,private/passenger car,speeding,rear-end collision,2,0,0,clear,13.6430975,100.41141,straight road,no slope
7561640,2022-10-29T08:00:00Z,2023-01-17T11:41:00Z,กรุงเทพมหานคร,Bangkok,department of highways,อรุณอมรินทร์ - พุทธมณฑลสาย 4,other,speeding,rollover/fallen on straight road,1,0,0,clear,13.78116506,100.4466307,straight road,no slope
7564148,2022-10-29T08:10:00Z,2023-01-19T10:45:00Z,สมุทรสาคร,Samut Sakhon,department of highways,แสมดำ - สะพานข้ามแม่น้ำท่าจีนฝั่งตะวันตก,4-wheel pickup truck,speeding,rear-end collision,3,0,0,clear,13.54508037,100.2567832,straight road,no slope
7213446,2022-10-29T08:30:00Z,2022-10-31T12:53:00Z,สมุทรปราการ,Samut Prakan,department of rural roads,ถนนวงแหวนอุตสาหกรรมเข้าสะพานภูมิพลที่ 1,passenger pickup truck,failure to yield right of way,other,2,0,3,clear,13.664555,100.535276,y-intersection,other
7564122,2022-10-29T09:00:00Z,2023-01-19T10:39:00Z,สมุทรสาคร,Samut Sakhon,department of highways,สะพานข้ามแม่น้ำท่าจีนฝั่งตะวันตก - นาโคก,4-wheel pickup truck,speeding,rear-end collision,2,0,0,clear,13.54402569,100.2509293,straight road,no slope
7561486,2022-10-29T09:30:00Z,2023-01-17T09:56:00Z,กรุงเทพมหานคร,Bangkok,department of highways,อรุณอมรินทร์ - พุทธมณฑลสาย 4,large passenger vehicle,speeding,rear-end collision,2,0,1,clear,13.78832836,100.3452897,straight road,no slope
7561532,2022-10-29T10:00:00Z,2023-01-17T10:17:00Z,กรุงเทพมหานคร,Bangkok,department of highways,อรุณอมรินทร์ - พุทธมณฑลสาย 4,4-wheel pickup truck,cutting in closely by people/vehicles/animals,rear-end collision,3,0,0,clear,13.78667404,100.3739375,straight road,no slope
7205965,2022-10-29T10:31:00Z,2022-10-30T10:12:00Z,ปทุมธานี,Pathum Thani,department of highways,บางปะอิน - แขวงรามอินทรา,4-wheel pickup truck,speeding,rear-end collision,2,0,0,clear,14.06717609,100.6964645,straight road,no slope
7332361,2022-10-29T11:22:00Z,2022-11-02T09:33:00Z,สมุทรปราการ,Samut Prakan,department of highways,แขวงคลองสองต้นนุ่น - พิมพา,private/passenger car,speeding,rear-end collision,3,0,0,clear,13.66891225,100.8455885,straight road,no slope
7561599,2022-10-29T12:30:00Z,2023-01-17T11:02:00Z,กรุงเทพมหานคร,Bangkok,department of highways,บางแค - คลองมหาสวัสดิ์,private/passenger car,speeding,rear-end collision,2,0,0,clear,13.76407573,100.4066572,straight road,no slope
7565032,2022-10-29T13:00:00Z,2023-01-20T07:24:00Z,ปทุมธานี,Pathum Thani,department of highways,คลองบางหลวง - ต่างระดับเชียงรากน้อย,private/passenger car,speeding,rollover/fallen on curved road,1,0,1,clear,14.03559879,100.452417,wide curve,no slope
7568397,2022-10-29T13:09:00Z,2023-01-24T14:06:00Z,กรุงเทพมหานคร,Bangkok,department of highways,แขวงคลองสองต้นนุ่น - พิมพา,private/passenger car,speeding,rear-end collision,2,0,0,clear,13.7090764,100.8206126,straight road,no slope
7206056,2022-10-29T13:42:00Z,2022-10-30T10:32:00Z,กรุงเทพมหานคร,Bangkok,department of highways,บางปะอิน - แขวงรามอินทรา,private/passenger car,speeding,rear-end collision,4,0,1,clear,13.8903826,100.6894746,straight road,no slope
7568433,2022-10-29T18:45:00Z,2023-01-24T14:20:00Z,ปทุมธานี,Pathum Thani,department of highways,บางปะอิน - แขวงรามอินทรา,4-wheel pickup truck,speeding,rollover/fallen on straight road,1,0,0,clear,14.13252588,100.668945,straight road,no slope
7207606,2022-10-29T21:00:00Z,2022-10-30T15:46:00Z,กรุงเทพมหานคร,Bangkok,department of highways,บางปะอิน - แขวงรามอินทรา,4-wheel pickup truck,vehicle equipment failure,rollover/fallen on straight road,1,0,2,clear,13.86646051,100.677512,straight road,no slope
7219975,2022-10-29T23:14:00Z,2022-11-01T11:19:00Z,สมุทรปราการ,Samut Prakan,expressway authority of thailand,บางพลี-สุขสวัสดิ์,other,other,rear-end collision,3,0,2,clear,13.634583,100.567552,straight road,other
7219453,2022-10-29T23:35:00Z,2022-11-01T09:59:00Z,กรุงเทพมหานคร,Bangkok,expressway authority of thailand,รามอินทรา-อาจณรงค์,other,other,collision with obstruction (on road surface),1,0,1,clear,13.771321,100.606198,wide curve,other
7561521,2022-10-30T01:00:00Z,2023-01-17T10:12:00Z,กรุงเทพมหานคร,Bangkok,department of highways,อรุณอมรินทร์ - พุทธมณฑลสาย 4,private/passenger car,driving under the influence of alcohol,collision with obstruction (on road surface),1,0,0,clear,13.78753816,100.3637633,other,other
7564154,2022-10-30T01:20:00Z,2023-01-19T10:53:00Z,สมุทรสาคร,Samut Sakhon,department of highways,แสมดำ - สะพานข้ามแม่น้ำท่าจีนฝั่งตะวันตก,7-10-wheel truck,speeding,rear-end collision,3,0,2,clear,13.56160241,100.2756292,straight road,no slope
7561648,2022-10-30T10:40:00Z,2023-01-17T11:48:00Z,กรุงเทพมหานคร,Bangkok,department of highways,อรุณอมรินทร์ - พุทธมณฑลสาย 4,motorcycle,speeding,rear-end collision,2,0,0,clear,13.78243376,100.4167517,other,other
7414625,2022-10-30T11:10:00Z,2022-11-29T09:05:00Z,นครปฐม,Nakhon Pathom,department of highways,นครชัยศรี - ดอนตูม,4-wheel pickup truck,cutting in closely by people/vehicles/animals,rear-end collision,2,0,0,clear,13.8350836,100.1942115,straight road,no slope
7564309,2022-10-30T13:30:00Z,2023-01-19T13:44:00Z,สมุทรสาคร,Samut Sakhon,department of highways,แสมดำ - สะพานข้ามแม่น้ำท่าจีนฝั่งตะวันตก,large truck with trailer,speeding,rollover/fallen on straight road,1,0,0,clear,13.55602799,100.2695812,straight road,no slope
7568395,2022-10-30T13:34:00Z,2023-01-24T14:07:00Z,กรุงเทพมหานคร,Bangkok,department of highways,แขวงคลองสองต้นนุ่น - พิมพา,private/passenger car,speeding,rear-end collision,3,0,3,clear,13.73072013,100.7200107,straight road,no slope
7561474,2022-10-30T15:45:00Z,2023-01-17T09:53:00Z,กรุงเทพมหานคร,Bangkok,department of highways,อรุณอมรินทร์ - พุทธมณฑลสาย 4,private/passenger car,speeding,rear-end collision,3,0,1,clear,13.78823107,100.3425631,straight road,no slope
7565007,2022-10-30T18:30:00Z,2023-01-20T06:56:00Z,สมุทรปราการ,Samut Prakan,department of highways,ทางเข้าท่าอากาศยานสุวรรณภูมิ - บางวัว,private/passenger car,speeding,rear-end collision,2,1,1,clear,13.62194327,100.7355898,other,other
7568428,2022-10-30T18:46:00Z,2023-01-24T14:16:00Z,กรุงเทพมหานคร,Bangkok,department of highways,แขวงคลองสองต้นนุ่น - พิมพา,private/passenger car,speeding,rear-end collision,3,0,0,clear,13.73173793,100.7651719,straight road,no slope
7561789,2022-10-30T19:00:00Z,2023-01-17T14:40:00Z,นนทบุรี,Nonthaburi,department of highways,บางบัวทอง - บางคูวัด,private/passenger car,speeding,rear-end collision,2,0,0,clear,13.94257138,100.4245419,wide curve,no slope
7564145,2022-10-31T03:55:00Z,2023-01-19T10:46:00Z,สมุทรสาคร,Samut Sakhon,department of highways,สะพานข้ามแม่น้ำท่าจีนฝั่งตะวันตก - นาโคก,motorcycle,speeding,rear-end collision,2,0,0,clear,13.54454341,100.2550296,straight road,no slope
7212584,2022-10-31T07:26:00Z,2022-10-31T10:03:00Z,กรุงเทพมหานคร,Bangkok,department of highways,ถนนศรีนครินทร - แขวงคลองสองต้นนุ่น,4-wheel pickup truck,speeding,rear-end collision,2,0,0,clear,13.74072168,100.6448614,straight road,no slope
7212106,2022-10-31T07:30:00Z,2022-10-31T08:54:00Z,กรุงเทพมหานคร,Bangkok,department of highways,บางปะอิน - แขวงรามอินทรา,4-wheel pickup truck,speeding,rear-end collision,3,0,0,clear,13.82825348,100.6743926,straight road,no slope
7212804,2022-10-31T08:44:00Z,2022-10-31T10:32:00Z,กรุงเทพมหานคร,Bangkok,department of highways,ถนนศรีนครินทร - แขวงคลองสองต้นนุ่น,private/passenger car,speeding,rear-end collision,2,0,0,clear,13.73738929,100.6597289,straight road,no slope
7561533,2022-10-31T09:40:00Z,2023-01-17T10:19:00Z,กรุงเทพมหานคร,Bangkok,department of highways,อรุณอมรินทร์ - พุทธมณฑลสาย 4,large passenger vehicle,speeding,rear-end collision,2,0,0,clear,13.78657825,100.376662,straight road,no slope
7568400,2022-10-31T11:12:00Z,2023-01-24T14:09:00Z,ปทุมธานี,Pathum Thani,department of highways,บางปะอิน - แขวงรามอินทรา,private/passenger car,speeding,rear-end collision,4,0,1,clear,13.95911199,100.7127374,straight road,no slope
7561597,2022-10-31T14:20:00Z,2023-01-17T11:01:00Z,กรุงเทพมหานคร,Bangkok,department of highways,บางแค - คลองมหาสวัสดิ์,private/passenger car,speeding,rear-end collision,2,0,0,clear,13.73135492,100.4061261,straight road,no slope
7218798,2022-10-31T15:24:00Z,2022-11-01T07:26:00Z,กรุงเทพมหานคร,Bangkok,expressway authority of thailand,พญาไท-บางโคล่,other,other,side collision,3,0,0,clear,13.73929559,100.5197721,straight road,other
7218850,2022-10-31T18:05:00Z,2022-11-01T07:37:00Z,กรุงเทพมหานคร,Bangkok,expressway authority of thailand,พญาไท-ศรีนครินทร์,other,other,collision with obstruction (on road surface),1,0,0,clear,NA,NA,other,other
7568396,2022-10-31T19:57:00Z,2023-01-24T14:08:00Z,ปทุมธานี,Pathum Thani,department of highways,บางปะอิน - แขวงรามอินทรา,large truck with trailer,speeding,rear-end collision,3,0,1,clear,14.08956716,100.6930621,straight road,no slope
7414631,2022-10-31T21:30:00Z,2022-11-29T09:07:00Z,นครปฐม,Nakhon Pathom,department of highways,นครชัยศรี - ดอนตูม,4-wheel pickup truck,speeding,rollover/fallen on straight road,1,0,0,clear,13.85296728,100.2023265,straight road,no slope
7560647,2022-10-31T23:00:00Z,2023-01-16T10:35:00Z,กรุงเทพมหานคร,Bangkok,department of highways,ดินแดง - งามวงศ์วาน,motorcycle,driving under the influence of alcohol,rear-end collision,2,0,0,clear,13.80524345,100.5601611,straight road,no slope
7564150,2022-10-31T23:50:00Z,2023-01-19T10:49:00Z,สมุทรสาคร,Samut Sakhon,department of highways,แสมดำ - สะพานข้ามแม่น้ำท่าจีนฝั่งตะวันตก,motorcycle,falling asleep,rollover/fallen on straight road,1,0,1,clear,13.56097777,100.2749619,other,other
7325208,2022-11-01T09:48:00Z,2022-11-04T14:13:00Z,ปทุมธานี,Pathum Thani,department of highways,บางปะอิน - แขวงรามอินทรา,7-10-wheel truck,speeding,rear-end collision,2,0,0,clear,13.95548468,100.7126342,straight road,no slope
7444243,2022-11-01T10:00:00Z,2022-12-08T14:05:00Z,กรุงเทพมหานคร,Bangkok,department of highways,ไม่ทราบ,other,speeding,other,1,0,0,clear,13.82519451,100.5580571,straight road,no slope
7518609,2022-11-01T11:45:00Z,2022-12-29T11:39:00Z,กรุงเทพมหานคร,Bangkok,expressway authority of thailand,หมอชิต-กาญจนาฯ,other,other,side collision,1,0,0,clear,NA,NA,straight road,other
7413956,2022-11-01T14:15:00Z,2022-11-28T09:21:00Z,สมุทรปราการ,Samut Prakan,department of highways,ทางเข้าท่าอากาศยานสุวรรณภูมิ - บางวัว,4-wheel pickup truck,falling asleep,rear-end collision,3,0,1,clear,13.6098476,100.7631429,straight road,no slope
7559344,2022-11-01T18:02:00Z,2023-01-13T13:15:00Z,กรุงเทพมหานคร,Bangkok,department of highways,อรุณอมรินทร์ - พุทธมณฑลสาย 4,motorcycle,speeding,rear-end collision,2,0,1,clear,13.78037581,100.4331896,straight road,no slope
7564344,2022-11-01T18:20:00Z,2023-01-19T14:03:00Z,สมุทรสาคร,Samut Sakhon,department of highways,แสมดำ - สะพานข้ามแม่น้ำท่าจีนฝั่งตะวันตก,4-wheel pickup truck,overloaded vehicle,other,1,0,0,clear,13.5881135,100.3254011,straight road,no slope
7560689,2022-11-01T18:27:00Z,2023-01-16T11:14:00Z,สมุทรปราการ,Samut Prakan,expressway authority of thailand,บางพลี-สุขสวัสดิ์,other,other,rear-end collision,2,0,0,clear,13.630564,100.672353,straight road,other
7332469,2022-11-01T19:49:00Z,2022-11-08T14:51:00Z,สมุทรปราการ,Samut Prakan,department of highways,แขวงคลองสองต้นนุ่น - พิมพา,private/passenger car,speeding,rear-end collision,2,0,0,clear,13.70091769,100.8246372,straight road,no slope
7332439,2022-11-01T22:05:00Z,2022-11-04T14:07:00Z,กรุงเทพมหานคร,Bangkok,department of highways,บางปะอิน - แขวงรามอินทรา,4-wheel pickup truck,speeding,rear-end collision,2,0,1,clear,13.9166662,100.7033859,straight road,no slope
7559333,2022-11-01T22:30:00Z,2023-01-13T13:04:00Z,กรุงเทพมหานคร,Bangkok,department of highways,บางแค - คลองมหาสวัสดิ์,private/passenger car,speeding,rear-end collision,2,0,1,clear,13.74949371,100.4059549,straight road,no slope
7413725,2022-11-02T05:40:00Z,2022-11-25T13:25:00Z,กรุงเทพมหานคร,Bangkok,department of highways,ดินแดง - งามวงศ์วาน,private/passenger car,speeding,rollover/fallen on straight road,1,0,1,clear,13.84427693,100.5599669,other,other
7559036,2022-11-02T09:00:00Z,2023-01-13T09:19:00Z,กรุงเทพมหานคร,Bangkok,department of highways,ดินแดง - งามวงศ์วาน,private/passenger car,cutting in closely by people/vehicles/animals,rear-end collision,2,0,2,clear,13.82227829,100.5584251,straight road,no slope
7336452,2022-11-02T09:38:00Z,2022-11-18T03:31:00Z,กรุงเทพมหานคร,Bangkok,expressway authority of thailand,รามอินทรา-อาจณรงค์,other,other,side collision,3,0,1,clear,NA,NA,straight road,other
7564130,2022-11-02T10:00:00Z,2023-01-19T10:40:00Z,สมุทรสาคร,Samut Sakhon,department of highways,สะพานข้ามแม่น้ำท่าจีนฝั่งตะวันตก - นาโคก,4-wheel pickup truck,speeding,rollover/fallen on straight road,1,0,0,clear,13.54382194,100.2491031,straight road,no slope
7518610,2022-11-02T10:20:00Z,2022-12-29T11:39:00Z,สมุทรปราการ,Samut Prakan,expressway authority of thailand,บางพลี-สุขสวัสดิ์,4-wheel pickup truck,other,rear-end collision,3,0,0,clear,13.628232,100.592495,grade-separated intersection/ramps,other
7332497,2022-11-02T11:25:00Z,2022-11-08T14:12:00Z,ปทุมธานี,Pathum Thani,department of highways,บางปะอิน - แขวงรามอินทรา,4-wheel pickup truck,worn-out/tire blowout,rollover/fallen on straight road,1,0,2,clear,14.10145058,100.6863914,straight road,no slope
7282513,2022-11-02T12:50:00Z,2022-11-10T09:03:00Z,กรุงเทพมหานคร,Bangkok,department of highways,แขวงรามอินทรา - บางพลี,large truck with trailer,speeding,other,4,0,0,clear,13.77309471,100.6894049,straight road,no slope
7518631,2022-11-02T18:58:00Z,2022-12-29T11:39:00Z,กรุงเทพมหานคร,Bangkok,expressway authority of thailand,พญาไท-บางโคล่,other,other,rear-end collision,3,0,0,clear,13.74636351,100.5205781,straight road,other
7332484,2022-11-02T19:35:00Z,2022-11-08T13:44:00Z,กรุงเทพมหานคร,Bangkok,department of highways,บางปะอิน - แขวงรามอินทรา,private/passenger car,speeding,rear-end collision,4,0,0,clear,13.91082522,100.7001016,straight road,no slope
7559400,2022-11-02T21:30:00Z,2023-01-13T14:15:00Z,ปทุมธานี,Pathum Thani,department of highways,ต่างระดับรังสิต - วัดนาบุญ,private/passenger car,speeding,rollover/fallen on straight road,1,0,1,clear,14.0010411,100.6894221,straight road,no slope
7559343,2022-11-02T22:56:00Z,2023-01-13T13:15:00Z,กรุงเทพมหานคร,Bangkok,department of highways,อรุณอมรินทร์ - พุทธมณฑลสาย 4,private/passenger car,speeding,rollover/fallen on straight road,1,0,0,clear,13.78076787,100.4298194,straight road,no slope
7332481,2022-11-02T23:04:00Z,2022-11-08T13:39:00Z,กรุงเทพมหานคร,Bangkok,department of highways,ถนนศรีนครินทร - แขวงคลองสองต้นนุ่น,van,speeding,rear-end collision,2,0,0,clear,13.73524497,100.6780404,straight road,no slope
7332501,2022-11-03T01:45:00Z,2022-11-04T13:21:00Z,ปทุมธานี,Pathum Thani,department of highways,บางปะอิน - แขวงรามอินทรา,private/passenger car,speeding,rear-end collision,2,0,0,clear,14.14905092,100.6592435,straight road,no slope
7527236,2022-11-03T04:15:00Z,2022-12-31T10:20:00Z,กรุงเทพมหานคร,Bangkok,department of highways,พระประแดง - บางแค,4-wheel pickup truck,speeding,rollover/fallen on straight road,1,0,1,clear,13.66351385,100.4054419,straight road,no slope
7518633,2022-11-03T08:23:00Z,2022-12-29T11:39:00Z,กรุงเทพมหานคร,Bangkok,expressway authority of thailand,พญาไท-ศรีนครินทร์,other,other,side collision,1,0,0,clear,NA,NA,other,other
7518634,2022-11-03T08:34:00Z,2022-12-29T11:39:00Z,สมุทรปราการ,Samut Prakan,expressway authority of thailand,บางพลี-สุขสวัสดิ์,other,other,rear-end collision,2,0,0,clear,13.627777,100.593292,straight road,other
7336456,2022-11-03T10:18:00Z,2022-11-18T03:31:00Z,สมุทรปราการ,Samut Prakan,expressway authority of thailand,บางนา-ชลบุรี,other,other,rear-end collision,2,0,0,clear,13.614918,100.750737,straight road,other
7561157,2022-11-03T10:41:00Z,2023-01-17T06:11:00Z,กรุงเทพมหานคร,Bangkok,expressway authority of thailand,พญาไท-บางโคล่,4-wheel pickup truck,other,side collision,2,0,0,clear,13.71723408,100.5195726,straight road,other
7561154,2022-11-03T13:16:00Z,2023-01-17T06:10:00Z,กรุงเทพมหานคร,Bangkok,expressway authority of thailand,แจ้งวัฒนะ-พญาไท,other,other,rear-end collision,2,0,0,clear,NA,NA,y-intersection,other
7518632,2022-11-03T13:33:00Z,2022-12-29T11:39:00Z,กรุงเทพมหานคร,Bangkok,expressway authority of thailand,ดินแดง-ท่าเรือ,other,other,rear-end collision,4,0,0,clear,13.74231972,100.5503734,grade-separated intersection/ramps,other
7564164,2022-11-03T15:41:00Z,2023-01-19T10:56:00Z,สมุทรสาคร,Samut Sakhon,department of highways,แสมดำ - สะพานข้ามแม่น้ำท่าจีนฝั่งตะวันตก,6-wheel truck,speeding,rollover/fallen on straight road,1,0,0,clear,13.59991466,100.3674596,straight road,no slope
7332520,2022-11-03T15:50:00Z,2022-11-04T12:43:00Z,กรุงเทพมหานคร,Bangkok,department of highways,บางปะอิน - แขวงรามอินทรา,4-wheel pickup truck,speeding,rear-end collision,2,0,0,clear,13.853354,100.673887,straight road,no slope
7332530,2022-11-03T17:15:00Z,2022-11-08T14:10:00Z,กรุงเทพมหานคร,Bangkok,department of highways,แขวงรามอินทรา - บางพลี,private/passenger car,speeding,rear-end collision,2,0,0,clear,13.78697029,100.6838728,straight road,no slope
7277035,2022-11-03T18:35:00Z,2022-11-09T14:47:00Z,กรุงเทพมหานคร,Bangkok,department of highways,แขวงรามอินทรา - บางพลี,4-wheel pickup truck,speeding,rear-end collision,3,0,0,clear,13.7975122,100.6813905,straight road,no slope
7332531,2022-11-03T19:25:00Z,2022-11-08T14:30:00Z,กรุงเทพมหานคร,Bangkok,department of highways,ถนนศรีนครินทร - แขวงคลองสองต้นนุ่น,other,speeding,other,1,0,1,clear,13.73163632,100.7108223,straight road,no slope
7564136,2022-11-03T23:15:00Z,2023-01-19T10:44:00Z,สมุทรสาคร,Samut Sakhon,department of highways,สะพานข้ามแม่น้ำท่าจีนฝั่งตะวันตก - นาโคก,passenger pickup truck,speeding,rollover/fallen on straight road,1,0,0,clear,13.53965451,100.2294186,straight road,no slope
7555259,2022-11-04T00:30:00Z,2023-01-10T11:12:00Z,กรุงเทพมหานคร,Bangkok,department of highways,บางนา - ทางเข้าท่าอากาศยานสุวรรณภูมิ,private/passenger car,speeding,rear-end collision,2,0,1,clear,13.66626187,100.6440313,straight road,no slope
7364456,2022-11-04T05:00:00Z,2022-11-22T10:34:00Z,นครปฐม,Nakhon Pathom,department of highways,นครชัยศรี - พระประโทน,4-wheel pickup truck,speeding,rear-end collision,2,0,0,clear,13.80601546,100.1554388,straight road,no slope
7414333,2022-11-04T05:00:00Z,2022-11-29T09:50:00Z,นครปฐม,Nakhon Pathom,department of highways,นครชัยศรี - พระประโทน,private/passenger car,speeding,rear-end collision,2,0,0,clear,13.80599853,100.1554441,straight road,no slope
7559340,2022-11-04T07:00:00Z,2023-01-13T13:11:00Z,กรุงเทพมหานคร,Bangkok,department of highways,อรุณอมรินทร์ - พุทธมณฑลสาย 4,private/passenger car,speeding,rear-end collision,3,0,0,clear,13.782353,100.4173994,straight road,no slope
7559211,2022-11-04T07:10:00Z,2023-01-13T10:54:00Z,กรุงเทพมหานคร,Bangkok,department of highways,ดาวคะนอง -  แสมดำ,passenger pickup truck,cutting in closely by people/vehicles/animals,rear-end collision,2,0,0,clear,13.62904138,100.3961885,straight road,no slope
7413859,2022-11-04T08:00:00Z,2022-11-28T07:44:00Z,กรุงเทพมหานคร,Bangkok,department of highways,บางบอน - โรงพยาบาลบางปะกอก 8,motorcycle,speeding,rear-end collision,2,0,1,clear,13.65892936,100.3986624,straight road,no slope
7336458,2022-11-04T08:47:00Z,2022-11-18T03:32:00Z,ปทุมธานี,Pathum Thani,expressway authority of thailand,บางปะอิน-แจ้งวัฒนะ,other,other,rear-end collision,6,0,0,clear,14.01325,100.57410900000001,straight road,other
7336457,2022-11-04T09:40:00Z,2022-11-18T03:32:00Z,กรุงเทพมหานคร,Bangkok,expressway authority of thailand,แจ้งวัฒนะ-พญาไท,other,other,collision with obstruction (on road surface),1,0,0,clear,NA,NA,other,other
7332551,2022-11-04T11:26:00Z,2022-11-08T14:20:00Z,ปทุมธานี,Pathum Thani,department of highways,บางปะอิน - แขวงรามอินทรา,large truck with trailer,speeding,rear-end collision,2,0,0,clear,13.95729379,100.712669,straight road,no slope
7283621,2022-11-04T11:50:00Z,2022-11-10T11:47:00Z,สมุทรปราการ,Samut Prakan,department of rural roads,ออกจากสะพานภูมิพลที่ 2 ไปถนนวงแหวนอุตสาหกรรม,large truck with trailer,speeding,other,1,0,0,clear,13.664598,100.537738,grade-separated intersection/ramps,other
7332553,2022-11-04T13:00:00Z,2022-11-08T14:33:00Z,ปทุมธานี,Pathum Thani,department of highways,บางปะอิน - แขวงรามอินทรา,large truck with trailer,cutting in closely by people/vehicles/animals,rollover/fallen on straight road,1,0,0,clear,14.06079385,100.697131,straight road,no slope
7564339,2022-11-04T14:19:00Z,2023-01-19T14:00:00Z,สมุทรสาคร,Samut Sakhon,department of highways,สะพานข้ามแม่น้ำท่าจีนฝั่งตะวันตก - นาโคก,6-wheel truck,speeding,other,1,0,0,clear,13.53965451,100.2294186,straight road,no slope
7332555,2022-11-04T14:45:00Z,2022-11-08T14:37:00Z,ปทุมธานี,Pathum Thani,department of highways,บางปะอิน - แขวงรามอินทรา,6-wheel truck,speeding,rear-end collision,5,0,2,clear,14.06211429,100.6969593,straight road,no slope
7332550,2022-11-04T15:41:00Z,2022-11-08T14:18:00Z,กรุงเทพมหานคร,Bangkok,department of highways,บางปะอิน - แขวงรามอินทรา,private/passenger car,speeding,rear-end collision,3,0,0,clear,13.87632571,100.6822152,straight road,no slope
7283617,2022-11-04T19:08:00Z,2022-11-10T11:49:00Z,กรุงเทพมหานคร,Bangkok,department of rural roads,สะพานภูมิพลที่ 1 ไปสะพานภูมิพลที่ 2,passenger pickup truck,speeding,other,3,0,0,clear,13.677429,100.539518,straight road,slope area
7332568,2022-11-04T19:55:00Z,2022-11-08T15:01:00Z,กรุงเทพมหานคร,Bangkok,department of highways,แขวงคลองสองต้นนุ่น - พิมพา,large truck with trailer,speeding,rear-end collision,2,0,0,clear,13.72930034,100.7353937,straight road,no slope
7332570,2022-11-04T20:00:00Z,2022-11-08T14:59:00Z,สมุทรปราการ,Samut Prakan,department of highways,แขวงคลองสองต้นนุ่น - พิมพา,private/passenger car,speeding,rear-end collision,4,0,2,clear,13.6674342,100.8478827,straight road,no slope
7564179,2022-11-04T20:50:00Z,2023-01-19T11:04:00Z,นครปฐม,Nakhon Pathom,department of highways,อ้อมใหญ่ - นครชัยศรี,4-wheel pickup truck,speeding,rollover/fallen on straight road,1,0,0,clear,13.76370578,100.1852703,straight road,no slope
7283648,2022-11-04T22:10:00Z,2022-11-10T11:50:00Z,กรุงเทพมหานคร,Bangkok,department of rural roads,สะพานภูมิพลที่ 1 ไปสะพานภูมิพลที่ 2,motorcycle,running red lights/traffic signals,other,2,1,0,clear,13.671341,100.538697,straight road,no slope
7564161,2022-11-04T22:30:00Z,2023-01-19T10:55:00Z,สมุทรสาคร,Samut Sakhon,department of highways,แสมดำ - สะพานข้ามแม่น้ำท่าจีนฝั่งตะวันตก,motorcycle,speeding,rear-end collision,2,0,1,clear,13.59360278,100.3608781,straight road,no slope
7332577,2022-11-05T12:12:00Z,2022-11-08T14:31:00Z,กรุงเทพมหานคร,Bangkok,department of highways,บางปะอิน - แขวงรามอินทรา,private/passenger car,speeding,rear-end collision,2,0,0,clear,13.87954285,100.6838836,straight road,no slope
7559354,2022-11-05T13:20:00Z,2023-01-13T13:47:00Z,กรุงเทพมหานคร,Bangkok,department of highways,อรุณอมรินทร์ - พุทธมณฑลสาย 4,private/passenger car,cutting in closely by people/vehicles/animals,rear-end collision,2,0,0,clear,13.78050737,100.4453856,other,other
7332661,2022-11-05T15:14:00Z,2022-11-08T14:52:00Z,สมุทรปราการ,Samut Prakan,department of highways,แขวงคลองสองต้นนุ่น - พิมพา,private/passenger car,speeding,rear-end collision,4,0,0,clear,13.66792693,100.8471179,straight road,no slope
7333054,2022-11-05T16:30:00Z,2022-11-08T15:03:00Z,สมุทรปราการ,Samut Prakan,department of highways,แขวงคลองสองต้นนุ่น - พิมพา,private/passenger car,speeding,rear-end collision,2,0,0,clear,13.665956,100.8501771,straight road,no slope
7561143,2022-11-05T17:59:00Z,2023-01-17T05:56:00Z,กรุงเทพมหานคร,Bangkok,expressway authority of thailand,ดินแดง-ท่าเรือ,other,other,rear-end collision,3,0,0,clear,13.74324519,100.550474,straight road,other
7332590,2022-11-05T18:50:00Z,2022-11-05T18:50:00Z,กรุงเทพมหานคร,Bangkok,department of highways,ถนนศรีนครินทร - แขวงคลองสองต้นนุ่น,other,speeding,rear-end collision,0,0,0,clear,13.73112042,100.7172288,straight road,no slope
7332659,2022-11-05T18:50:00Z,2022-11-08T15:06:00Z,กรุงเทพมหานคร,Bangkok,department of highways,แขวงคลองสองต้นนุ่น - พิมพา,private/passenger car,speeding,rear-end collision,4,0,1,clear,13.72993857,100.7272464,straight road,no slope
7527268,2022-11-05T19:00:00Z,2022-12-31T10:28:00Z,กรุงเทพมหานคร,Bangkok,department of highways,พระประแดง - บางแค,private/passenger car,speeding,collision with obstruction (on road surface),1,0,2,clear,13.62632,100.4497865,straight road,no slope
7378882,2022-11-06T01:20:00Z,2022-11-24T11:30:00Z,กรุงเทพมหานคร,Bangkok,department of highways,แขวงคลองสองต้นนุ่น - พิมพา,private/passenger car,speeding,rollover/fallen on straight road,1,0,0,clear,13.70826048,100.8210151,straight road,no slope
7559399,2022-11-06T03:03:00Z,2023-01-13T14:14:00Z,ปทุมธานี,Pathum Thani,department of highways,บ้านพร้าว - คลองห้า,4-wheel pickup truck,speeding,rollover/fallen on straight road,2,0,1,clear,14.06592266,100.6626467,straight road,no slope
7554667,2022-11-06T09:30:00Z,2023-01-09T13:58:00Z,กรุงเทพมหานคร,Bangkok,department of highways,บางแค - คลองมหาสวัสดิ์,van,reversing vehicle,collision with obstruction (on road surface),2,0,2,clear,13.75417031,100.4059378,straight road,no slope
7555216,2022-11-06T12:30:00Z,2023-01-10T09:57:00Z,กรุงเทพมหานคร,Bangkok,department of highways,บางนา - ทางเข้าท่าอากาศยานสุวรรณภูมิ,motorcycle,speeding,rear-end collision,2,0,2,clear,13.66945323,100.6275196,straight road,no slope
7336459,2022-11-06T16:21:00Z,2022-11-18T03:32:00Z,กรุงเทพมหานคร,Bangkok,expressway authority of thailand,รามอินทรา-อาจณรงค์,other,other,rear-end collision,4,0,0,clear,NA,NA,grade-separated intersection/ramps,other
7559206,2022-11-06T17:12:00Z,2023-01-13T10:53:00Z,กรุงเทพมหานคร,Bangkok,department of highways,ดาวคะนอง -  แสมดำ,private/passenger car,cutting in closely by people/vehicles/animals,rear-end collision,2,0,1,clear,13.63607019,100.4029208,straight road,no slope
7332681,2022-11-06T17:19:00Z,2022-11-08T14:40:00Z,กรุงเทพมหานคร,Bangkok,department of highways,แขวงคลองสองต้นนุ่น - พิมพา,van,speeding,rear-end collision,2,0,0,clear,13.72924789,100.7335752,straight road,no slope
7554238,2022-11-06T22:00:00Z,2023-01-09T09:11:00Z,กรุงเทพมหานคร,Bangkok,department of highways,อรุณอมรินทร์ - พุทธมณฑลสาย 4,motorcycle,cutting in closely by people/vehicles/animals,rear-end collision,2,0,3,clear,13.78640632,100.4640202,other,other
7422275,2022-11-06T22:35:00Z,2022-12-01T10:23:00Z,สมุทรสาคร,Samut Sakhon,department of highways,ไม่ทราบ,4-wheel pickup truck,driving under the influence of alcohol,rear-end collision,2,0,0,clear,13.58845617,100.3262485,straight road,no slope
7559337,2022-11-07T00:45:00Z,2023-01-13T13:07:00Z,กรุงเทพมหานคร,Bangkok,department of highways,อรุณอมรินทร์ - พุทธมณฑลสาย 4,4-wheel pickup truck,failure to yield right of way,rear-end collision,2,0,2,clear,13.78315403,100.4053523,other,other
7559366,2022-11-07T07:30:00Z,2023-01-13T13:51:00Z,กรุงเทพมหานคร,Bangkok,department of highways,อรุณอมรินทร์ - พุทธมณฑลสาย 4,private/passenger car,cutting in closely by people/vehicles/animals,rear-end collision,2,0,0,clear,13.78185806,100.4488054,other,other
7559364,2022-11-07T07:55:00Z,2023-01-13T13:51:00Z,กรุงเทพมหานคร,Bangkok,department of highways,อรุณอมรินทร์ - พุทธมณฑลสาย 4,motorcycle,speeding,rear-end collision,2,0,0,clear,13.78334029,100.4533692,straight road,no slope
7332701,2022-11-07T13:13:00Z,2022-11-08T14:38:00Z,ปทุมธานี,Pathum Thani,department of highways,บางปะอิน - แขวงรามอินทรา,7-10-wheel truck,speeding,rear-end collision,2,0,1,clear,13.98373504,100.7133316,straight road,no slope
7564149,2022-11-07T14:45:00Z,2023-01-19T10:46:00Z,สมุทรสาคร,Samut Sakhon,department of highways,สะพานข้ามแม่น้ำท่าจีนฝั่งตะวันตก - นาโคก,4-wheel pickup truck,speeding,rear-end collision,2,0,0,clear,13.53232146,100.2076551,straight road,no slope
7518646,2022-11-07T15:35:00Z,2022-12-29T11:39:00Z,กรุงเทพมหานคร,Bangkok,expressway authority of thailand,หมอชิต-กาญจนาฯ,other,other,side collision,1,0,0,clear,NA,NA,straight road,other
7332703,2022-11-07T15:48:00Z,2022-11-08T15:03:00Z,กรุงเทพมหานคร,Bangkok,department of highways,แขวงคลองสองต้นนุ่น - พิมพา,4-wheel pickup truck,running red lights/traffic signals,other,1,0,0,clear,13.73244438,100.7860858,straight road,no slope
7413977,2022-11-07T16:00:00Z,2022-11-28T09:28:00Z,นครปฐม,Nakhon Pathom,department of highways,พุทธมณฑลสาย 4 - นครชัยศรี,large truck with trailer,speeding,rollover/fallen on straight road,1,0,0,clear,13.77211911,100.2087705,straight road,no slope
7283654,2022-11-07T17:00:00Z,2022-11-10T11:51:00Z,สมุทรปราการ,Samut Prakan,department of rural roads,สะพานภูมิพลที่ 2 ไปสะพานภูมิพลที่ 1,private/passenger car,tailgating,other,2,0,0,clear,13.650101,100.541476,y-intersection,other
7283730,2022-11-07T20:00:00Z,2022-11-10T12:08:00Z,ปทุมธานี,Pathum Thani,department of rural roads,แยกทางหลวงหมายเลข 305 (กม.ที่ 10+800) - บ้านคลองห้า,motorcycle,speeding,other,2,1,0,clear,14.0681,100.710074,straight road,no slope
7336461,2022-11-07T20:19:00Z,2022-11-18T03:32:00Z,กรุงเทพมหานคร,Bangkok,expressway authority of thailand,พญาไท-บางโคล่,van,other,rear-end collision,4,0,0,clear,13.76845454,100.5283077,straight road,other
7336462,2022-11-07T20:30:00Z,2022-11-18T03:32:00Z,กรุงเทพมหานคร,Bangkok,expressway authority of thailand,พญาไท-ศรีนครินทร์,other,other,collision with obstruction (on road surface),1,0,0,clear,NA,NA,other,other
7564354,2022-11-08T09:01:00Z,2023-01-19T14:06:00Z,สมุทรสาคร,Samut Sakhon,department of highways,สะพานข้ามแม่น้ำท่าจีนฝั่งตะวันตก - นาโคก,van,worn-out/tire blowout,rollover/fallen on straight road,1,0,0,clear,13.45943057,100.0943224,straight road,no slope
7480979,2022-11-08T10:55:00Z,2022-12-23T15:54:00Z,กรุงเทพมหานคร,Bangkok,department of highways,ไม่ทราบ,private/passenger car,cutting in closely by people/vehicles/animals,rear-end collision,2,0,0,clear,13.78211855,100.4159953,straight road,no slope
7559367,2022-11-08T14:30:00Z,2023-01-13T13:50:00Z,กรุงเทพมหานคร,Bangkok,department of highways,อรุณอมรินทร์ - พุทธมณฑลสาย 4,private/passenger car,speeding,rear-end collision,4,0,0,clear,13.78152592,100.4485855,other,other
7414685,2022-11-08T19:50:00Z,2022-11-29T09:48:00Z,นครปฐม,Nakhon Pathom,department of highways,บ้านบ่อ - พระประโทน,4-wheel pickup truck,speeding,rollover/fallen on straight road,1,0,1,clear,13.75143503,100.0877988,wide curve,no slope
7559396,2022-11-08T21:30:00Z,2023-01-13T14:11:00Z,ปทุมธานี,Pathum Thani,department of highways,สะพานคลองเปรม - สะพานข้ามแม่น้ำเจ้าพระยาปทุมธานี,private/passenger car,speeding,rollover/fallen on straight road,1,0,0,clear,13.98505452,100.5955739,straight road,no slope
7310418,2022-11-09T03:00:00Z,2022-11-14T10:51:00Z,สมุทรปราการ,Samut Prakan,department of rural roads,สะพานภูมิพลที่ 2 ไปสะพานภูมิพลที่ 1,passenger pickup truck,tailgating,other,2,0,0,clear,13.651386,100.541107,straight road,slope area
7554665,2022-11-09T04:00:00Z,2023-01-09T13:55:00Z,กรุงเทพมหานคร,Bangkok,department of highways,บางแค - คลองมหาสวัสดิ์,large truck with trailer,speeding,rear-end collision,2,0,1,clear,13.72329631,100.4059666,straight road,no slope
7555183,2022-11-09T06:10:00Z,2023-01-10T08:56:00Z,กรุงเทพมหานคร,Bangkok,department of highways,บางนา - ทางเข้าท่าอากาศยานสุวรรณภูมิ,motorcycle,speeding,rear-end collision,2,0,1,clear,13.66715452,100.6357567,straight road,no slope
7528645,2022-11-09T07:30:00Z,2022-12-31T16:07:00Z,กรุงเทพมหานคร,Bangkok,department of highways,ดินแดง - งามวงศ์วาน,private/passenger car,cutting in closely by people/vehicles/animals,rear-end collision,2,0,2,clear,13.77381672,100.5534218,straight road,no slope
7378888,2022-11-09T08:22:00Z,2022-11-24T11:34:00Z,กรุงเทพมหานคร,Bangkok,department of highways,ถนนศรีนครินทร - แขวงคลองสองต้นนุ่น,4-wheel pickup truck,speeding,rollover/fallen on straight road,1,0,1,clear,13.73232158,100.7076667,straight road,no slope
7413959,2022-11-09T09:20:00Z,2022-11-28T09:24:00Z,สมุทรสาคร,Samut Sakhon,department of highways,สะพานข้ามแม่น้ำท่าจีนฝั่งตะวันตก - นาโคก,other,speeding,rollover/fallen on straight road,1,0,0,clear,13.49563802,100.1240654,straight road,no slope
7378895,2022-11-09T09:57:00Z,2022-11-24T11:37:00Z,ปทุมธานี,Pathum Thani,department of highways,บางปะอิน - แขวงรามอินทรา,large truck with trailer,speeding,rear-end collision,2,0,1,clear,14.09190461,100.6917545,straight road,no slope
7559208,2022-11-09T13:00:00Z,2023-01-13T10:53:00Z,กรุงเทพมหานคร,Bangkok,department of highways,ดาวคะนอง -  แสมดำ,motorcycle,cutting in closely by people/vehicles/animals,rear-end collision,2,0,1,clear,13.68113148,100.4742354,straight road,no slope
7559035,2022-11-09T14:30:00Z,2023-01-13T09:18:00Z,กรุงเทพมหานคร,Bangkok,department of highways,ดินแดง - งามวงศ์วาน,private/passenger car,speeding,rear-end collision,2,0,1,clear,13.80175993,100.5605146,straight road,no slope
7438330,2022-11-09T15:00:00Z,2022-12-07T11:01:00Z,กรุงเทพมหานคร,Bangkok,department of highways,ไม่ทราบ,other,speeding,rollover/fallen on straight road,1,0,0,clear,13.78060245,100.6856592,straight road,no slope
7446361,2022-11-09T15:50:00Z,2022-12-09T11:50:00Z,นนทบุรี,Nonthaburi,department of highways,ไม่ทราบ,large passenger vehicle,speeding,rollover/fallen on straight road,1,0,0,clear,13.95356493,100.4767714,straight road,no slope
7424752,2022-11-09T18:00:00Z,2022-12-02T10:09:00Z,กรุงเทพมหานคร,Bangkok,department of highways,ไม่ทราบ,other,speeding,rollover/fallen on straight road,1,0,0,clear,13.79922226,100.6811933,other,other
7290506,2022-11-09T20:57:00Z,2022-11-11T10:04:00Z,ปทุมธานี,Pathum Thani,department of highways,บางปะอิน - แขวงรามอินทรา,private/passenger car,speeding,rear-end collision,2,0,0,clear,13.9271007,100.7065563,straight road,no slope
7378864,2022-11-09T22:30:00Z,2022-11-24T11:22:00Z,กรุงเทพมหานคร,Bangkok,department of highways,บางปะอิน - แขวงรามอินทรา,private/passenger car,speeding,rollover/fallen on straight road,1,0,0,clear,13.91552587,100.7024351,other,other
7363969,2022-11-09T22:50:00Z,2022-11-22T09:01:00Z,กรุงเทพมหานคร,Bangkok,department of highways,แขวงรามอินทรา - บางพลี,large truck with trailer,speeding,collision with obstruction (on road surface),1,0,0,clear,13.73290391,100.7033819,straight road,no slope
7570864,2022-11-10T00:28:00Z,2023-01-26T09:08:00Z,สมุทรสาคร,Samut Sakhon,department of highways,แสมดำ - สะพานข้ามแม่น้ำท่าจีนฝั่งตะวันตก,private/passenger car,unfamiliarity with the route/unskilled driving,other,1,0,1,clear,13.59170593,100.3347914,straight road,no slope
7518647,2022-11-10T03:55:00Z,2022-12-29T11:39:00Z,กรุงเทพมหานคร,Bangkok,expressway authority of thailand,รามอินทรา-อาจณรงค์,other,other,collision with obstruction (on road surface),1,0,0,clear,NA,NA,wide curve,other
7559422,2022-11-10T07:25:00Z,2023-01-13T14:28:00Z,สมุทรปราการ,Samut Prakan,department of highways,บางพลี - กิ่งแก้ว,4-wheel pickup truck,speeding,rear-end collision,3,0,1,clear,13.60493355,100.7000425,straight road,no slope
7310416,2022-11-10T10:09:00Z,2022-11-14T10:51:00Z,กรุงเทพมหานคร,Bangkok,department of rural roads,สะพานพระราม 3,private/passenger car,speeding,other,1,0,1,clear,13.698882,100.495369,y-intersection,other
7559070,2022-11-10T11:19:00Z,2023-01-13T09:34:00Z,กรุงเทพมหานคร,Bangkok,department of highways,อรุณอมรินทร์ - พุทธมณฑลสาย 4,motorcycle,speeding,rollover/fallen on straight road,2,0,2,clear,13.78365469,100.4039968,straight road,no slope
7511183,2022-11-10T11:46:00Z,2022-12-27T09:23:00Z,กรุงเทพมหานคร,Bangkok,department of highways,ไม่ทราบ,4-wheel pickup truck,running red lights/traffic signals,collision with obstruction (on road surface),1,0,0,clear,13.73272074,100.7888009,straight road,no slope
7292478,2022-11-10T12:38:00Z,2022-11-11T15:54:00Z,กรุงเทพมหานคร,Bangkok,department of highways,แขวงคลองสองต้นนุ่น - พิมพา,private/passenger car,speeding,rear-end collision,2,0,1,clear,13.73072013,100.7200107,straight road,no slope
7559406,2022-11-10T14:54:00Z,2023-01-13T14:19:00Z,ปทุมธานี,Pathum Thani,department of highways,คลองบางหลวง - ต่างระดับเชียงรากน้อย,4-wheel pickup truck,loss of control,rollover/fallen on straight road,1,0,0,clear,14.07011522,100.4892069,straight road,no slope
7414683,2022-11-10T15:00:00Z,2022-11-29T09:46:00Z,สมุทรสาคร,Samut Sakhon,department of highways,บ้านบ่อ - พระประโทน,7-10-wheel truck,speeding,rollover/fallen on straight road,1,0,0,clear,13.54086081,100.1705528,straight road,no slope
7564323,2022-11-10T15:00:00Z,2023-01-19T13:49:00Z,สมุทรสาคร,Samut Sakhon,department of highways,สะพานข้ามแม่น้ำท่าจีนฝั่งตะวันตก - นาโคก,4-wheel pickup truck,speeding,rear-end collision,2,0,0,clear,13.53731364,100.2224537,straight road,no slope
7336464,2022-11-10T18:53:00Z,2022-11-18T03:32:00Z,สมุทรปราการ,Samut Prakan,expressway authority of thailand,บางพลี-สุขสวัสดิ์,other,other,rollover/fallen on straight road,2,0,0,clear,13.613671,100.618972,straight road,other
7336465,2022-11-10T21:38:00Z,2022-11-18T03:32:00Z,สมุทรปราการ,Samut Prakan,expressway authority of thailand,บางพลี-สุขสวัสดิ์,large truck with trailer,other,rear-end collision,2,0,0,clear,13.628019,100.593365,straight road,other
7336467,2022-11-11T01:18:00Z,2022-11-18T03:32:00Z,กรุงเทพมหานคร,Bangkok,expressway authority of thailand,พญาไท-บางโคล่,other,other,collision with obstruction (on road surface),1,0,0,clear,13.70206121,100.5187682,wide curve,other
7564334,2022-11-11T01:35:00Z,2023-01-19T13:56:00Z,สมุทรสาคร,Samut Sakhon,department of highways,แสมดำ - สะพานข้ามแม่น้ำท่าจีนฝั่งตะวันตก,7-10-wheel truck,speeding,collision with obstruction (on road surface),3,0,1,clear,13.56582829,100.2804213,straight road,no slope
7559339,2022-11-11T04:40:00Z,2023-01-13T13:06:00Z,กรุงเทพมหานคร,Bangkok,department of highways,บางแค - คลองมหาสวัสดิ์,4-wheel pickup truck,speeding,rear-end collision,2,0,1,clear,13.675828,100.4065418,straight road,no slope
7291116,2022-11-11T05:28:00Z,2022-11-11T11:28:00Z,กรุงเทพมหานคร,Bangkok,department of highways,ถนนศรีนครินทร - แขวงคลองสองต้นนุ่น,private/passenger car,speeding,rollover/fallen on straight road,1,0,1,clear,13.7315347,100.7116579,straight road,no slope
7564166,2022-11-11T10:27:00Z,2023-01-19T10:58:00Z,สมุทรสาคร,Samut Sakhon,department of highways,แสมดำ - สะพานข้ามแม่น้ำท่าจีนฝั่งตะวันตก,private/passenger car,speeding,rear-end collision,2,0,0,clear,13.60444416,100.3719785,straight road,no slope
7298054,2022-11-11T11:11:00Z,2022-11-12T09:58:00Z,กรุงเทพมหานคร,Bangkok,department of highways,ถนนศรีนครินทร - แขวงคลองสองต้นนุ่น,private/passenger car,speeding,rear-end collision,2,0,1,clear,13.73489193,100.6829394,straight road,no slope
7551783,2022-11-11T14:31:00Z,2023-01-05T14:18:00Z,กรุงเทพมหานคร,Bangkok,expressway authority of thailand,แจ้งวัฒนะ-พญาไท,other,other,side collision,2,0,0,clear,13.80259084,100.5432397,straight road,other
7292389,2022-11-11T15:10:00Z,2022-11-11T15:36:00Z,กรุงเทพมหานคร,Bangkok,expressway authority of thailand,ดาวคะนอง-ท่าเรือ,4-wheel pickup truck,other,rear-end collision,2,0,0,clear,13.71302346,100.5540193,wide curve,other
7298086,2022-11-11T16:11:00Z,2022-11-12T10:03:00Z,กรุงเทพมหานคร,Bangkok,department of highways,ถนนศรีนครินทร - แขวงคลองสองต้นนุ่น,4-wheel pickup truck,speeding,rear-end collision,4,0,0,clear,13.7409197,100.6447971,straight road,no slope
7332807,2022-11-11T16:31:00Z,2022-11-17T15:03:00Z,สมุทรปราการ,Samut Prakan,department of highways,แขวงคลองสองต้นนุ่น - พิมพา,private/passenger car,speeding,rear-end collision,4,0,0,clear,13.65118517,100.8731265,straight road,no slope
7559356,2022-11-11T16:45:00Z,2023-01-13T13:49:00Z,กรุงเทพมหานคร,Bangkok,department of highways,อรุณอมรินทร์ - พุทธมณฑลสาย 4,motorcycle,speeding,rear-end collision,2,0,1,clear,13.78124458,100.447585,other,other
7332645,2022-11-11T18:15:00Z,2022-11-17T14:41:00Z,สมุทรปราการ,Samut Prakan,department of highways,แขวงคลองสองต้นนุ่น - พิมพา,private/passenger car,speeding,rear-end collision,2,0,1,clear,13.66398522,100.8532361,straight road,no slope
7323155,2022-11-11T20:25:00Z,2022-11-16T08:14:00Z,สมุทรปราการ,Samut Prakan,department of rural roads,สะพานภูมิพลที่ 1 ไปสะพานภูมิพลที่ 2,motorcycle,unfamiliarity with the route/unskilled driving,other,2,0,1,clear,13.664281,100.525983,straight road,slope area
7299171,2022-11-11T20:41:00Z,2022-11-12T13:57:00Z,กรุงเทพมหานคร,Bangkok,department of highways,ถนนศรีนครินทร - แขวงคลองสองต้นนุ่น,private/passenger car,speeding,rear-end collision,2,0,0,clear,13.7346913,100.6829421,straight road,no slope
7316433,2022-11-11T21:30:00Z,2022-11-15T09:01:00Z,ปทุมธานี,Pathum Thani,department of highways,บางปะอิน - แขวงรามอินทรา,4-wheel pickup truck,speeding,rollover/fallen on straight road,1,0,0,clear,13.9573042,100.7126583,straight road,no slope
7378855,2022-11-12T01:26:00Z,2022-11-24T11:19:00Z,กรุงเทพมหานคร,Bangkok,department of highways,ถนนศรีนครินทร - แขวงคลองสองต้นนุ่น,motorcycle,speeding,rollover/fallen on straight road,1,0,1,clear,13.73930953,100.6527512,straight road,no slope
7332535,2022-11-12T01:46:00Z,2022-11-17T14:26:00Z,สมุทรปราการ,Samut Prakan,department of highways,แขวงคลองสองต้นนุ่น - พิมพา,private/passenger car,speeding,rear-end collision,2,0,2,clear,13.6315205,100.9037449,straight road,no slope
7555184,2022-11-12T06:40:00Z,2023-01-10T08:57:00Z,กรุงเทพมหานคร,Bangkok,department of highways,บางนา - ทางเข้าท่าอากาศยานสุวรรณภูมิ,private/passenger car,speeding,rear-end collision,2,0,1,clear,13.66895804,100.6304352,straight road,no slope
7559363,2022-11-12T12:00:00Z,2023-01-13T13:53:00Z,กรุงเทพมหานคร,Bangkok,department of highways,อรุณอมรินทร์ - พุทธมณฑลสาย 4,private/passenger car,cutting in closely by people/vehicles/animals,rear-end collision,2,0,1,clear,13.78497072,100.4592731,straight road,no slope
7378849,2022-11-12T13:13:00Z,2022-11-24T11:10:00Z,ปทุมธานี,Pathum Thani,department of highways,บางปะอิน - แขวงรามอินทรา,4-wheel pickup truck,speeding,rear-end collision,3,0,0,clear,14.05538195,100.6977318,straight road,no slope
7309970,2022-11-12T13:25:00Z,2022-11-14T09:29:00Z,ปทุมธานี,Pathum Thani,department of highways,บางปะอิน - แขวงรามอินทรา,4-wheel pickup truck,speeding,rollover/fallen on straight road,1,0,0,clear,14.07800572,100.6955928,straight road,no slope
7378853,2022-11-12T13:40:00Z,2022-11-24T11:15:00Z,กรุงเทพมหานคร,Bangkok,department of highways,แขวงรามอินทรา - บางพลี,large truck with trailer,speeding,rollover/fallen on curved road,1,0,1,clear,13.73189557,100.7008258,other,other
7554644,2022-11-12T13:50:00Z,2023-01-09T13:54:00Z,กรุงเทพมหานคร,Bangkok,department of highways,บางแค - คลองมหาสวัสดิ์,motorcycle,speeding,rear-end collision,2,0,1,clear,13.75635313,100.4059025,straight road,no slope
7559056,2022-11-12T15:30:00Z,2023-01-13T09:24:00Z,กรุงเทพมหานคร,Bangkok,department of highways,ดินแดง - งามวงศ์วาน,private/passenger car,speeding,rear-end collision,2,0,2,clear,13.77538504,100.5543263,straight road,no slope
7440816,2022-11-12T15:40:00Z,2022-12-08T06:59:00Z,นครปฐม,Nakhon Pathom,department of highways,ไม่ทราบ,4-wheel pickup truck,speeding,rollover/fallen on straight road,1,0,0,clear,13.77850589,100.2273557,straight road,no slope
7323163,2022-11-12T19:12:00Z,2022-11-16T08:15:00Z,สมุทรปราการ,Samut Prakan,department of rural roads,ถนนวงแหวนอุตสาหกรรมเข้าสะพานภูมิพลที่ 1,4-wheel pickup truck,tailgating,other,2,0,2,clear,13.664467,100.534946,straight road,slope area
7413865,2022-11-12T21:30:00Z,2022-11-28T07:48:00Z,กรุงเทพมหานคร,Bangkok,department of highways,ดาวคะนอง -  แสมดำ,4-wheel pickup truck,speeding,rear-end collision,2,0,1,other,13.63254402,100.3997324,straight road,no slope
7559342,2022-11-12T22:15:00Z,2023-01-13T13:12:00Z,กรุงเทพมหานคร,Bangkok,department of highways,อรุณอมรินทร์ - พุทธมณฑลสาย 4,4-wheel pickup truck,cutting in closely by people/vehicles/animals,rear-end collision,2,0,2,clear,13.78191927,100.4209922,straight road,no slope
7363567,2022-11-12T23:44:00Z,2022-11-22T07:27:00Z,สมุทรปราการ,Samut Prakan,department of rural roads,ออกจากสะพานภูมิพลที่ 2 ไปถนนวงแหวนอุตสาหกรรม,motorcycle,running red lights/traffic signals,other,1,0,1,clear,13.663782,100.527924,straight road,slope area
7564320,2022-11-13T00:30:00Z,2023-01-19T13:48:00Z,สมุทรสาคร,Samut Sakhon,department of highways,สะพานข้ามแม่น้ำท่าจีนฝั่งตะวันตก - นาโคก,large truck with trailer,speeding,rear-end collision,2,0,0,clear,13.5295052,100.1992971,straight road,no slope
7303928,2022-11-13T04:35:00Z,2022-11-13T09:46:00Z,กรุงเทพมหานคร,Bangkok,department of highways,แขวงรามอินทรา - บางพลี,private/passenger car,speeding,rear-end collision,2,0,1,clear,13.7651673,100.6939593,straight road,no slope
7334573,2022-11-13T07:30:00Z,2022-11-17T20:47:00Z,สมุทรปราการ,Samut Prakan,department of highways,บางตำหรุ - คลองด่าน,large truck with trailer,speeding,rollover/fallen on straight road,1,0,0,clear,13.51079753,100.7035884,straight road,no slope
7332288,2022-11-13T09:06:00Z,2022-11-17T14:06:00Z,สมุทรปราการ,Samut Prakan,department of highways,แขวงคลองสองต้นนุ่น - พิมพา,van,speeding,rear-end collision,2,0,6,clear,13.65069352,100.8738921,straight road,no slope
7310261,2022-11-13T10:12:00Z,2022-11-14T10:24:00Z,กรุงเทพมหานคร,Bangkok,department of highways,ถนนศรีนครินทร - แขวงคลองสองต้นนุ่น,4-wheel pickup truck,speeding,rear-end collision,2,0,0,rainy,13.74153328,100.641907,straight road,no slope
7559217,2022-11-13T14:00:00Z,2023-01-13T10:56:00Z,กรุงเทพมหานคร,Bangkok,department of highways,บางแค - คลองมหาสวัสดิ์,7-10-wheel truck,speeding,rear-end collision,2,0,1,clear,13.78420651,100.4094727,straight road,no slope
7559219,2022-11-13T14:00:00Z,2023-01-13T10:55:00Z,กรุงเทพมหานคร,Bangkok,department of highways,บางแค - คลองมหาสวัสดิ์,motorcycle,speeding,rear-end collision,2,0,1,clear,13.79011715,100.4096905,straight road,no slope
7559336,2022-11-13T14:00:00Z,2023-01-13T13:09:00Z,กรุงเทพมหานคร,Bangkok,department of highways,อรุณอมรินทร์ - พุทธมณฑลสาย 4,7-10-wheel truck,cutting in closely by people/vehicles/animals,rear-end collision,2,0,1,clear,13.78251285,100.4156695,straight road,no slope
7331834,2022-11-13T14:14:00Z,2022-11-17T13:34:00Z,สมุทรปราการ,Samut Prakan,department of highways,แขวงคลองสองต้นนุ่น - พิมพา,private/passenger car,speeding,rear-end collision,2,0,0,clear,13.65807272,100.8624133,straight road,no slope
7564077,2022-11-13T19:33:00Z,2023-01-19T10:19:00Z,สมุทรสาคร,Samut Sakhon,department of highways,แสมดำ - สะพานข้ามแม่น้ำท่าจีนฝั่งตะวันตก,4-wheel pickup truck,speeding,rollover/fallen on straight road,1,0,0,clear,13.60314206,100.3706953,straight road,no slope
7518649,2022-11-13T20:21:00Z,2022-12-29T11:39:00Z,กรุงเทพมหานคร,Bangkok,expressway authority of thailand,ดินแดง-ท่าเรือ,4-wheel pickup truck,other,side collision,2,0,0,other,NA,NA,wide curve,other
7559067,2022-11-13T21:05:00Z,2023-01-13T09:31:00Z,กรุงเทพมหานคร,Bangkok,department of highways,อรุณอมรินทร์ - พุทธมณฑลสาย 4,private/passenger car,speeding,rollover/fallen on straight road,1,0,0,clear,13.78397069,100.3994085,straight road,no slope
7559362,2022-11-13T22:00:00Z,2023-01-13T13:54:00Z,กรุงเทพมหานคร,Bangkok,department of highways,บางพลัด - บางบำหรุ,private/passenger car,driving under the influence of alcohol,rollover/fallen on straight road,1,0,1,clear,13.78850459,100.4711857,straight road,no slope
7564177,2022-11-13T22:10:00Z,2023-01-19T11:03:00Z,สมุทรสาคร,Samut Sakhon,department of highways,สะพานข้ามแม่น้ำท่าจีนฝั่งตะวันตก - นาโคก,4-wheel pickup truck,speeding,rear-end collision,2,0,0,clear,13.54382194,100.2491031,straight road,no slope
7554647,2022-11-13T22:53:00Z,2023-01-09T13:54:00Z,กรุงเทพมหานคร,Bangkok,department of highways,บางแค - คลองมหาสวัสดิ์,motorcycle,speeding,rear-end collision,2,0,1,clear,13.6941567,100.4074891,straight road,no slope
7413854,2022-11-13T23:30:00Z,2022-11-28T07:28:00Z,กรุงเทพมหานคร,Bangkok,department of highways,บางบอน - โรงพยาบาลบางปะกอก 8,4-wheel pickup truck,speeding,rear-end collision,2,0,7,rainy,13.66198959,100.4040394,straight road,no slope
7414688,2022-11-14T00:50:00Z,2022-11-29T09:52:00Z,นครปฐม,Nakhon Pathom,department of highways,ดอนตูม - บางเลน,4-wheel pickup truck,speeding,rollover/fallen on curved road,1,0,0,rainy,13.96744143,100.1305264,other,other
7512426,2022-11-14T08:30:00Z,2022-12-27T14:55:00Z,กรุงเทพมหานคร,Bangkok,department of highways,ไม่ทราบ,private/passenger car,speeding,rear-end collision,2,0,0,clear,13.63335279,100.4002038,straight road,no slope
7564086,2022-11-14T08:57:00Z,2023-01-19T10:20:00Z,สมุทรสาคร,Samut Sakhon,department of highways,แสมดำ - สะพานข้ามแม่น้ำท่าจีนฝั่งตะวันตก,4-wheel pickup truck,speeding,rear-end collision,2,0,0,clear,13.60379458,100.3713354,straight road,no slope
7561144,2022-11-14T09:48:00Z,2023-01-17T05:58:00Z,กรุงเทพมหานคร,Bangkok,expressway authority of thailand,ดาวคะนอง-ท่าเรือ,other,other,rear-end collision,4,0,1,clear,13.67710281,100.5133381,grade-separated intersection/ramps,other
7318238,2022-11-14T10:52:00Z,2022-11-15T15:39:00Z,กรุงเทพมหานคร,Bangkok,department of highways,แขวงคลองสองต้นนุ่น - พิมพา,private/passenger car,speeding,rear-end collision,3,0,0,clear,13.7294501,100.7408501,straight road,no slope
7363905,2022-11-14T11:00:00Z,2022-11-22T08:45:00Z,ปทุมธานี,Pathum Thani,department of highways,บางปะอิน - แขวงรามอินทรา,4-wheel pickup truck,speeding,rollover/fallen on straight road,1,0,0,clear,13.99670012,100.7097816,straight road,no slope
7413883,2022-11-14T12:20:00Z,2022-11-28T08:43:00Z,ปทุมธานี,Pathum Thani,department of highways,วัดนาบุญ - คลอง 14,large truck with trailer,unfamiliarity with the route/unskilled driving,collision with obstruction (on road surface),1,0,0,clear,14.07267357,100.8805096,straight road,no slope
7323493,2022-11-14T12:23:00Z,2022-11-16T09:38:00Z,กรุงเทพมหานคร,Bangkok,department of highways,แขวงรามอินทรา - บางพลี,large truck with trailer,speeding,collision with obstruction (on road surface),1,0,0,clear,13.73107352,100.7030439,straight road,no slope
7336472,2022-11-14T13:17:00Z,2022-11-18T03:32:00Z,ปทุมธานี,Pathum Thani,expressway authority of thailand,บางปะอิน-แจ้งวัฒนะ,other,other,other,1,0,2,clear,14.058457,100.580052,other,other
7518664,2022-11-14T14:32:00Z,2022-12-29T11:39:00Z,สมุทรปราการ,Samut Prakan,expressway authority of thailand,บางพลี-สุขสวัสดิ์,other,other,rear-end collision,2,0,0,clear,13.637818,100.559574,straight road,other
7569114,2022-11-14T15:28:00Z,2023-01-25T09:17:00Z,สมุทรสาคร,Samut Sakhon,department of highways,แสมดำ - สะพานข้ามแม่น้ำท่าจีนฝั่งตะวันตก,4-wheel pickup truck,other,rear-end collision,3,0,0,clear,13.59293477,100.3414822,other,other
7336473,2022-11-14T20:15:00Z,2022-11-18T03:32:00Z,กรุงเทพมหานคร,Bangkok,expressway authority of thailand,บางพลี-สุขสวัสดิ์,other,other,side collision,1,0,0,clear,NA,NA,other,other
7474741,2022-11-14T20:40:00Z,2022-12-20T13:52:00Z,นครปฐม,Nakhon Pathom,department of highways,ไม่ทราบ,4-wheel pickup truck,cutting in closely by people/vehicles/animals,rear-end collision,2,0,2,clear,13.76007386,100.3012104,straight road,no slope
7336475,2022-11-14T21:35:00Z,2022-11-18T03:32:00Z,สมุทรปราการ,Samut Prakan,expressway authority of thailand,บางพลี-สุขสวัสดิ์,large truck with trailer,other,rear-end collision,2,0,0,clear,13.634861,100.54222,grade-separated intersection/ramps,other
7336471,2022-11-14T22:00:00Z,2022-11-18T03:32:00Z,กรุงเทพมหานคร,Bangkok,expressway authority of thailand,พญาไท-ศรีนครินทร์,other,other,side collision,2,0,0,clear,NA,NA,wide curve,other
7378809,2022-11-14T23:00:00Z,2022-11-24T10:32:00Z,กรุงเทพมหานคร,Bangkok,department of highways,แขวงคลองสองต้นนุ่น - พิมพา,4-wheel pickup truck,speeding,rollover/fallen on straight road,1,0,1,clear,13.732905,100.7906111,straight road,no slope
7323596,2022-11-15T07:43:00Z,2022-11-16T10:03:00Z,กรุงเทพมหานคร,Bangkok,department of highways,แขวงรามอินทรา - บางพลี,4-wheel pickup truck,speeding,rear-end collision,2,0,0,clear,13.74751007,100.7025115,straight road,no slope
7413651,2022-11-15T09:57:00Z,2022-11-25T11:00:00Z,กรุงเทพมหานคร,Bangkok,department of highways,แขวงรามอินทรา - บางพลี,7-10-wheel truck,speeding,rear-end collision,2,0,0,clear,13.75903595,100.6975266,straight road,no slope
7317367,2022-11-15T12:06:00Z,2022-11-15T12:24:00Z,กรุงเทพมหานคร,Bangkok,expressway authority of thailand,ดินแดง-ท่าเรือ,4-wheel pickup truck,other,rear-end collision,2,0,0,clear,NA,NA,grade-separated intersection/ramps,other
7363569,2022-11-15T13:00:00Z,2022-11-22T07:27:00Z,สมุทรปราการ,Samut Prakan,department of rural roads,ออกจากสะพานภูมิพลที่ 2 ไปถนนวงแหวนอุตสาหกรรม,private/passenger car,abrupt lane change,other,2,0,0,clear,13.66389,100.527783,grade-separated intersection/ramps,other
7323292,2022-11-15T14:54:00Z,2022-11-16T08:57:00Z,สมุทรปราการ,Samut Prakan,department of highways,แขวงคลองสองต้นนุ่น - พิมพา,van,speeding,rear-end collision,2,1,0,clear,13.63201214,100.9029794,straight road,no slope
7554621,2022-11-15T15:00:00Z,2023-01-09T13:43:00Z,กรุงเทพมหานคร,Bangkok,department of highways,บางแค - คลองมหาสวัสดิ์,4-wheel pickup truck,speeding,rear-end collision,2,0,0,clear,13.69367148,100.4074701,straight road,no slope
7324570,2022-11-15T17:29:00Z,2022-11-16T13:34:00Z,สมุทรปราการ,Samut Prakan,department of highways,แขวงคลองสองต้นนุ่น - พิมพา,private/passenger car,speeding,rear-end collision,2,0,0,clear,13.665956,100.8501771,straight road,no slope
7554656,2022-11-15T17:50:00Z,2023-01-09T13:57:00Z,กรุงเทพมหานคร,Bangkok,department of highways,บางแค - คลองมหาสวัสดิ์,motorcycle,cutting in closely by people/vehicles/animals,rear-end collision,2,0,1,clear,13.73105857,100.4059717,straight road,no slope
7351311,2022-11-15T18:40:00Z,2022-11-20T09:54:00Z,กรุงเทพมหานคร,Bangkok,department of highways,แขวงรามอินทรา - บางพลี,private/passenger car,speeding,rollover/fallen on straight road,1,0,0,clear,13.69621384,100.6994551,straight road,no slope
7564335,2022-11-15T19:30:00Z,2023-01-19T13:57:00Z,สมุทรสาคร,Samut Sakhon,department of highways,แสมดำ - สะพานข้ามแม่น้ำท่าจีนฝั่งตะวันตก,large truck with trailer,speeding,rollover/fallen on straight road,1,0,0,clear,13.56582829,100.2804213,straight road,no slope
7336476,2022-11-15T21:19:00Z,2022-11-18T03:33:00Z,กรุงเทพมหานคร,Bangkok,expressway authority of thailand,แจ้งวัฒนะ-พญาไท,other,other,collision with obstruction (on road surface),1,0,0,rainy,NA,NA,grade-separated intersection/ramps,other
7564329,2022-11-15T21:50:00Z,2023-01-19T13:54:00Z,สมุทรสาคร,Samut Sakhon,department of highways,แสมดำ - สะพานข้ามแม่น้ำท่าจีนฝั่งตะวันตก,4-wheel pickup truck,speeding,rear-end collision,3,0,1,clear,13.56223172,100.2762921,straight road,no slope
7559330,2022-11-15T22:55:00Z,2023-01-13T13:03:00Z,กรุงเทพมหานคร,Bangkok,department of highways,บางแค - คลองมหาสวัสดิ์,large truck with trailer,speeding,collision with obstruction (on road surface),2,0,0,clear,13.76501751,100.4069777,other,other
7564087,2022-11-16T03:10:00Z,2023-01-19T10:21:00Z,สมุทรสาคร,Samut Sakhon,department of highways,แสมดำ - สะพานข้ามแม่น้ำท่าจีนฝั่งตะวันตก,7-10-wheel truck,speeding,rear-end collision,2,0,0,clear,13.5454756,100.2576374,straight road,no slope
7329275,2022-11-16T04:48:00Z,2022-11-17T06:34:00Z,สมุทรปราการ,Samut Prakan,department of highways,แขวงคลองสองต้นนุ่น - พิมพา,large truck with trailer,speeding,rear-end collision,2,0,1,clear,13.62070487,100.9205851,straight road,no slope
7413845,2022-11-16T08:00:00Z,2022-11-28T07:24:00Z,กรุงเทพมหานคร,Bangkok,department of highways,อรุณอมรินทร์ - พุทธมณฑลสาย 4,other,speeding,rollover/fallen on straight road,1,0,0,clear,13.78676072,100.4653318,other,other
7440819,2022-11-16T08:05:00Z,2022-12-08T06:59:00Z,นครปฐม,Nakhon Pathom,department of highways,ไม่ทราบ,4-wheel pickup truck,speeding,rollover/fallen on straight road,1,0,0,clear,13.73398232,100.2458243,straight road,no slope
7378758,2022-11-16T09:00:00Z,2022-11-24T10:20:00Z,กรุงเทพมหานคร,Bangkok,department of highways,แขวงคลองสองต้นนุ่น - พิมพา,4-wheel pickup truck,worn-out/tire blowout,rollover/fallen on straight road,1,0,0,clear,13.72376197,100.8133685,straight road,no slope
7356594,2022-11-16T10:30:00Z,2022-11-21T07:12:00Z,ปทุมธานี,Pathum Thani,department of highways,ต่างระดับรังสิต - วัดนาบุญ,large truck with trailer,speeding,rear-end collision,3,0,0,clear,13.992878,100.652763,straight road,no slope
7413839,2022-11-16T10:30:00Z,2022-11-28T07:21:00Z,กรุงเทพมหานคร,Bangkok,department of highways,พระประแดง - บางแค,7-10-wheel truck,speeding,rear-end collision,4,0,1,clear,13.62583644,100.4614064,straight road,no slope
7564079,2022-11-16T10:50:00Z,2023-01-19T10:18:00Z,สมุทรสาคร,Samut Sakhon,department of highways,แสมดำ - สะพานข้ามแม่น้ำท่าจีนฝั่งตะวันตก,7-10-wheel truck,worn-out/tire blowout,rollover/fallen on straight road,1,0,0,clear,13.60314206,100.3706953,straight road,no slope
7324589,2022-11-16T11:30:00Z,2022-11-16T13:35:00Z,กรุงเทพมหานคร,Bangkok,department of highways,ถนนศรีนครินทร - แขวงคลองสองต้นนุ่น,4-wheel pickup truck,speeding,rear-end collision,2,0,0,clear,13.73598884,100.673891,straight road,no slope
7378720,2022-11-16T14:30:00Z,2022-11-24T10:18:00Z,ปทุมธานี,Pathum Thani,department of highways,บางปะอิน - แขวงรามอินทรา,4-wheel pickup truck,speeding,rear-end collision,2,0,1,clear,13.94559032,100.7117034,straight road,no slope
7413842,2022-11-16T18:30:00Z,2022-11-28T07:22:00Z,กรุงเทพมหานคร,Bangkok,department of highways,พระประแดง - บางแค,private/passenger car,speeding,rollover/fallen on straight road,1,0,0,rainy,13.66330764,100.405477,straight road,no slope
7564321,2022-11-16T20:00:00Z,2023-01-19T13:48:00Z,สมุทรสาคร,Samut Sakhon,department of highways,สะพานข้ามแม่น้ำท่าจีนฝั่งตะวันตก - นาโคก,large truck with trailer,speeding,rear-end collision,2,0,0,clear,13.53012089,100.2011255,straight road,no slope
7344750,2022-11-16T21:45:00Z,2022-11-19T08:15:00Z,กรุงเทพมหานคร,Bangkok,department of highways,บางปะอิน - แขวงรามอินทรา,private/passenger car,speeding,rear-end collision,3,0,4,clear,13.88710573,100.6877299,straight road,no slope
7330370,2022-11-16T23:00:00Z,2022-11-17T10:53:00Z,สมุทรสาคร,Samut Sakhon,department of rural roads,แยกทางหลวงหมายเลข 3423 (กม.ที่ 7+000) - นิคมบ้านไร่,private/passenger car,speeding,other,1,0,1,clear,13.513014,100.32746,straight road,no slope
7413952,2022-11-17T01:10:00Z,2022-11-28T09:19:00Z,สมุทรปราการ,Samut Prakan,department of highways,ทางเข้าท่าอากาศยานสุวรรณภูมิ - บางวัว,7-10-wheel truck,speeding,rear-end collision,2,1,1,clear,13.6170751,100.7464314,straight road,no slope
7364198,2022-11-17T01:22:00Z,2022-11-22T09:43:00Z,ปทุมธานี,Pathum Thani,department of highways,บางปะอิน - แขวงรามอินทรา,private/passenger car,speeding,rear-end collision,4,0,0,clear,13.95806558,100.7127173,straight road,no slope
7413949,2022-11-17T07:20:00Z,2022-11-28T09:18:00Z,สมุทรปราการ,Samut Prakan,department of highways,ทางเข้าท่าอากาศยานสุวรรณภูมิ - บางวัว,6-wheel truck,speeding,collision with obstruction (on road surface),2,1,0,clear,13.59274836,100.8140968,straight road,no slope
7413850,2022-11-17T09:00:00Z,2022-11-28T07:26:00Z,กรุงเทพมหานคร,Bangkok,department of highways,อรุณอมรินทร์ - พุทธมณฑลสาย 4,4-wheel pickup truck,speeding,collision with obstruction (on road surface),1,0,0,clear,13.78799243,100.3360481,other,other
7567865,2022-11-17T09:20:00Z,2023-01-24T06:50:00Z,นครปฐม,Nakhon Pathom,department of highways,นครปฐม - หนองปลาไหล,7-10-wheel truck,speeding,rollover/fallen on straight road,1,0,0,clear,13.9128716,99.99058083,straight road,no slope
7413824,2022-11-17T09:45:00Z,2022-11-28T07:15:00Z,กรุงเทพมหานคร,Bangkok,department of highways,ดาวคะนอง -  แสมดำ,motorcycle,speeding,rollover/fallen on straight road,1,0,2,clear,13.68155237,100.4752775,straight road,no slope
7413847,2022-11-17T11:00:00Z,2022-11-28T07:25:00Z,กรุงเทพมหานคร,Bangkok,department of highways,อรุณอมรินทร์ - พุทธมณฑลสาย 4,4-wheel pickup truck,speeding,rear-end collision,3,0,1,clear,13.78800906,100.3365056,other,other
7337268,2022-11-17T11:26:00Z,2022-11-18T07:12:00Z,กรุงเทพมหานคร,Bangkok,expressway authority of thailand,รามอินทรา-วงแหวนรอบนอก,other,other,other,1,0,0,clear,13.863875,100.645126,straight road,other
7413833,2022-11-17T11:37:00Z,2022-11-28T07:20:00Z,กรุงเทพมหานคร,Bangkok,department of highways,พระประแดง - บางแค,private/passenger car,speeding,rear-end collision,2,0,1,clear,13.63790524,100.4133613,straight road,no slope
7413828,2022-11-17T11:46:00Z,2022-11-28T07:17:00Z,กรุงเทพมหานคร,Bangkok,department of highways,บางแค - คลองมหาสวัสดิ์,4-wheel pickup truck,speeding,rollover/fallen on straight road,1,0,0,clear,13.76213581,100.406687,straight road,no slope
7559212,2022-11-17T12:00:00Z,2023-01-13T10:51:00Z,กรุงเทพมหานคร,Bangkok,department of highways,ดาวคะนอง -  แสมดำ,private/passenger car,speeding,rear-end collision,2,0,1,clear,13.6239987,100.3909904,straight road,no slope
7413835,2022-11-17T12:20:00Z,2022-11-28T07:20:00Z,กรุงเทพมหานคร,Bangkok,department of highways,พระประแดง - บางแค,private/passenger car,speeding,rear-end collision,2,0,1,clear,13.62041701,100.4979569,straight road,no slope
7527261,2022-11-17T13:50:00Z,2022-12-31T10:25:00Z,กรุงเทพมหานคร,Bangkok,department of highways,พระประแดง - บางแค,motorcycle,speeding,rollover/fallen on straight road,1,0,2,clear,13.62604368,100.4663122,straight road,no slope
7413630,2022-11-17T14:12:00Z,2022-11-25T10:52:00Z,กรุงเทพมหานคร,Bangkok,department of highways,ถนนศรีนครินทร - แขวงคลองสองต้นนุ่น,4-wheel pickup truck,speeding,rear-end collision,2,0,0,clear,13.73204539,100.7070766,straight road,no slope
7564078,2022-11-17T16:01:00Z,2023-01-19T10:17:00Z,สมุทรสาคร,Samut Sakhon,department of highways,แสมดำ - สะพานข้ามแม่น้ำท่าจีนฝั่งตะวันตก,passenger pickup truck,worn-out/tire blowout,rollover/fallen on straight road,1,0,0,clear,13.60639545,100.3739053,straight road,no slope
7559407,2022-11-17T18:30:00Z,2023-01-13T14:21:00Z,สมุทรปราการ,Samut Prakan,department of highways,บางตำหรุ - คลองด่าน,4-wheel pickup truck,speeding,rollover/fallen on straight road,1,1,0,clear,13.50897324,100.7143414,straight road,no slope
7413821,2022-11-17T18:52:00Z,2022-11-28T07:13:00Z,กรุงเทพมหานคร,Bangkok,department of highways,บางบอน - โรงพยาบาลบางปะกอก 8,4-wheel pickup truck,speeding,rear-end collision,2,0,2,clear,13.65021979,100.3866656,straight road,no slope
7413819,2022-11-17T20:40:00Z,2022-11-28T07:11:00Z,กรุงเทพมหานคร,Bangkok,department of highways,พระประแดง - บางแค,4-wheel pickup truck,speeding,rear-end collision,2,0,1,clear,13.62036488,100.4920466,straight road,no slope
7564089,2022-11-17T21:50:00Z,2023-01-19T10:22:00Z,สมุทรสาคร,Samut Sakhon,department of highways,แสมดำ - สะพานข้ามแม่น้ำท่าจีนฝั่งตะวันตก,4-wheel pickup truck,speeding,rear-end collision,2,0,0,clear,13.54794025,100.2608761,straight road,no slope
7413876,2022-11-18T04:00:00Z,2022-11-28T08:40:00Z,ปทุมธานี,Pathum Thani,department of highways,วัดนาบุญ - คลอง 14,4-wheel pickup truck,falling asleep,rollover/fallen on straight road,1,0,2,clear,14.07615462,100.8906966,other,other
7413817,2022-11-18T07:00:00Z,2022-11-28T07:11:00Z,กรุงเทพมหานคร,Bangkok,department of highways,ดาวคะนอง -  แสมดำ,private/passenger car,speeding,rear-end collision,2,0,1,clear,13.6671165,100.4471348,straight road,no slope
7474618,2022-11-18T07:16:00Z,2022-12-20T14:08:00Z,กรุงเทพมหานคร,Bangkok,department of highways,ไม่ทราบ,motorcycle,speeding,collision with obstruction (on road surface),1,0,1,clear,13.62607,100.4573915,straight road,no slope
7413891,2022-11-18T11:50:00Z,2022-11-28T08:49:00Z,ปทุมธานี,Pathum Thani,department of highways,ปทุมธานี - ท้ายเกาะ,private/passenger car,speeding,collision at intersection corner,4,1,3,clear,14.07905953,100.5206013,connecting to public/commercial area,other
7364072,2022-11-18T12:34:00Z,2022-11-22T09:20:00Z,ปทุมธานี,Pathum Thani,department of highways,บางปะอิน - แขวงรามอินทรา,6-wheel truck,speeding,rear-end collision,4,0,0,clear,13.95819573,100.7127012,straight road,no slope
7564325,2022-11-18T15:00:00Z,2023-01-19T13:51:00Z,สมุทรสาคร,Samut Sakhon,department of highways,สะพานข้ามแม่น้ำท่าจีนฝั่งตะวันตก - นาโคก,4-wheel pickup truck,speeding,rollover/fallen on straight road,1,0,0,clear,13.52076357,100.1732574,straight road,no slope
7517153,2022-11-18T15:20:00Z,2022-12-29T09:31:00Z,สมุทรสาคร,Samut Sakhon,department of highways,ไม่ทราบ,4-wheel pickup truck,cutting in closely by people/vehicles/animals,rollover/fallen on straight road,1,0,0,clear,13.52177415,100.1763098,straight road,no slope
7559387,2022-11-18T16:00:00Z,2023-01-13T14:09:00Z,ปทุมธานี,Pathum Thani,department of highways,บางคูวัด - บางพูน,4-wheel pickup truck,speeding,rollover/fallen on straight road,1,0,0,clear,13.97542826,100.579913,straight road,no slope
7340131,2022-11-18T16:18:00Z,2022-11-18T17:08:00Z,กรุงเทพมหานคร,Bangkok,department of highways,บางปะอิน - แขวงรามอินทรา,private/passenger car,speeding,rear-end collision,7,0,0,rainy,13.83635975,100.6734444,straight road,no slope
7568162,2022-11-18T17:30:00Z,2023-01-24T10:28:00Z,ปทุมธานี,Pathum Thani,department of highways,สนามกีฬาธูปะเตมีย์ - ต่างระดับคลองหลวง,4-wheel pickup truck,speeding,rollover/fallen on straight road,1,0,0,clear,14.01971179,100.6155648,straight road,no slope
7344662,2022-11-18T17:40:00Z,2022-11-19T07:31:00Z,กรุงเทพมหานคร,Bangkok,department of highways,บางปะอิน - แขวงรามอินทรา,private/passenger car,speeding,rear-end collision,2,0,0,rainy,13.83544691,100.6736308,straight road,no slope
7347185,2022-11-18T18:20:00Z,2022-11-19T17:54:00Z,กรุงเทพมหานคร,Bangkok,department of rural roads,สะพานภูมิพลที่ 2 ไปสะพานภูมิพลที่ 1,motorcycle,unfamiliarity with the route/unskilled driving,other,1,0,1,rainy,13.669845,100.53836,straight road,slope area
7347213,2022-11-18T19:00:00Z,2022-11-19T17:55:00Z,สมุทรสาคร,Samut Sakhon,department of rural roads,แยกทางหลวงหมายเลข 375 (กม.ที่ 10+950) - บ้านกระทุ่มแบน,private/passenger car,speeding,other,1,0,1,clear,13.590695,100.12695,straight road,no slope
7413811,2022-11-18T20:24:00Z,2022-11-28T07:07:00Z,กรุงเทพมหานคร,Bangkok,department of highways,ดาวคะนอง -  แสมดำ,motorcycle,speeding,rollover/fallen on straight road,1,0,1,clear,13.66792465,100.4484733,straight road,no slope
7413807,2022-11-18T21:20:00Z,2022-11-28T07:06:00Z,กรุงเทพมหานคร,Bangkok,department of highways,บางแค - คลองมหาสวัสดิ์,4-wheel pickup truck,speeding,rollover/fallen on straight road,1,0,0,clear,13.77323799,100.4080465,straight road,no slope
7413806,2022-11-19T00:49:00Z,2022-11-28T07:05:00Z,กรุงเทพมหานคร,Bangkok,department of highways,ดาวคะนอง -  แสมดำ,motorcycle,speeding,rollover/fallen on straight road,1,0,2,clear,13.6265207,100.3940856,straight road,no slope
7350769,2022-11-19T08:30:00Z,2022-11-20T07:16:00Z,สมุทรปราการ,Samut Prakan,department of highways,ท้ายบ้าน - บางตำหรุ,motorcycle,speeding,pedestrian collision,1,1,1,clear,13.52006481,100.6626861,straight road,no slope
7351397,2022-11-19T13:02:00Z,2022-11-20T10:05:00Z,สมุทรสาคร,Samut Sakhon,department of rural roads,แยกทางหลวงหมายเลข 3091 (กม.ที่ 15+800) - บ้านวัดเกาะ,motorcycle,cutting in closely by people/vehicles/animals,other,2,1,1,clear,13.589486,100.264367,t-intersection,other
7350890,2022-11-19T13:30:00Z,2022-11-20T07:50:00Z,กรุงเทพมหานคร,Bangkok,department of rural roads,สะพานภูมิพลที่ 2 ไปสะพานภูมิพลที่ 1,motorcycle,unfamiliarity with the route/unskilled driving,other,2,0,1,clear,13.671222,100.538501,straight road,slope area
7350994,2022-11-19T15:15:00Z,2022-11-20T08:15:00Z,กรุงเทพมหานคร,Bangkok,department of highways,ดาวคะนอง -  แสมดำ,motorcycle,speeding,rollover/fallen on straight road,1,0,1,clear,13.65465847,100.4266074,straight road,no slope
7564331,2022-11-19T15:30:00Z,2023-01-19T13:55:00Z,สมุทรสาคร,Samut Sakhon,department of highways,แสมดำ - สะพานข้ามแม่น้ำท่าจีนฝั่งตะวันตก,private/passenger car,speeding,rear-end collision,2,0,0,clear,13.56633647,100.2811812,straight road,no slope
7413911,2022-11-19T16:00:00Z,2022-11-28T08:58:00Z,ปทุมธานี,Pathum Thani,department of highways,บางคูวัด - บางพูน,4-wheel pickup truck,speeding,rollover/fallen on straight road,1,0,1,clear,13.97542826,100.579913,straight road,no slope
7413802,2022-11-19T16:30:00Z,2022-11-28T07:04:00Z,กรุงเทพมหานคร,Bangkok,department of highways,ดาวคะนอง -  แสมดำ,motorcycle,speeding,rear-end collision,2,0,1,rainy,13.68164098,100.4756449,straight road,no slope
7348089,2022-11-19T18:29:00Z,2022-11-19T20:52:00Z,กรุงเทพมหานคร,Bangkok,department of highways,แขวงคลองสองต้นนุ่น - พิมพา,4-wheel pickup truck,speeding,rear-end collision,3,0,0,clear,13.73209412,100.7751801,straight road,no slope
7413940,2022-11-19T19:56:00Z,2022-11-28T09:15:00Z,สมุทรปราการ,Samut Prakan,department of highways,บางนา - ทางเข้าท่าอากาศยานสุวรรณภูมิ,motorcycle,speeding,rear-end collision,2,0,1,clear,13.65371495,100.6753609,straight road,no slope
7570954,2022-11-19T22:15:00Z,2023-01-26T09:49:00Z,สมุทรสาคร,Samut Sakhon,department of highways,แสมดำ - สะพานข้ามแม่น้ำท่าจีนฝั่งตะวันตก,private/passenger car,cutting in closely by people/vehicles/animals,rear-end collision,1,0,0,clear,13.59193104,100.3361191,straight road,no slope
7559013,2022-11-20T00:15:00Z,2023-01-13T09:14:00Z,กรุงเทพมหานคร,Bangkok,department of highways,ดินแดง - งามวงศ์วาน,private/passenger car,speeding,rear-end collision,2,0,1,clear,13.80524345,100.5601611,straight road,no slope
7512670,2022-11-20T00:20:00Z,2022-12-27T15:33:00Z,กรุงเทพมหานคร,Bangkok,department of highways,ไม่ทราบ,private/passenger car,speeding,rear-end collision,2,0,0,clear,13.61387652,100.3816791,straight road,no slope
7354199,2022-11-20T06:33:00Z,2022-11-20T20:40:00Z,สมุทรปราการ,Samut Prakan,expressway authority of thailand,บางนา-ชลบุรี,other,other,rollover/fallen on straight road,1,0,0,clear,13.59221,100.817726,straight road,other
7559352,2022-11-20T11:30:00Z,2023-01-13T13:48:00Z,กรุงเทพมหานคร,Bangkok,department of highways,อรุณอมรินทร์ - พุทธมณฑลสาย 4,private/passenger car,cutting in closely by people/vehicles/animals,rear-end collision,2,0,2,clear,13.78075484,100.4459623,straight road,no slope
7363924,2022-11-20T13:13:00Z,2022-11-22T08:52:00Z,กรุงเทพมหานคร,Bangkok,department of highways,แขวงรามอินทรา - บางพลี,private/passenger car,speeding,rear-end collision,2,0,0,clear,13.80204974,100.6804088,straight road,no slope
7363923,2022-11-20T17:12:00Z,2022-11-22T08:51:00Z,กรุงเทพมหานคร,Bangkok,department of highways,ถนนศรีนครินทร - แขวงคลองสองต้นนุ่น,private/passenger car,speeding,rear-end collision,2,0,0,clear,13.73188515,100.7103074,straight road,no slope
7353871,2022-11-20T18:28:00Z,2022-11-20T19:33:00Z,กรุงเทพมหานคร,Bangkok,expressway authority of thailand,ดินแดง-ท่าเรือ,other,other,side collision,4,0,2,clear,13.73970861,100.5510253,grade-separated intersection/ramps,other
7358900,2022-11-20T21:29:00Z,2022-11-21T14:49:00Z,สมุทรปราการ,Samut Prakan,department of highways,แขวงคลองสองต้นนุ่น - พิมพา,4-wheel pickup truck,speeding,rear-end collision,2,0,0,clear,13.67088303,100.8425295,straight road,no slope
7512695,2022-11-20T21:29:00Z,2022-12-27T15:18:00Z,กรุงเทพมหานคร,Bangkok,department of highways,ไม่ทราบ,private/passenger car,speeding,rear-end collision,2,0,0,clear,13.65097038,100.4226699,straight road,no slope
7564324,2022-11-21T01:30:00Z,2023-01-19T13:50:00Z,สมุทรสาคร,Samut Sakhon,department of highways,สะพานข้ามแม่น้ำท่าจีนฝั่งตะวันตก - นาโคก,4-wheel pickup truck,speeding,rollover/fallen on straight road,1,0,1,clear,13.53320479,100.2102659,straight road,no slope
7364075,2022-11-21T03:25:00Z,2022-11-22T09:21:00Z,กรุงเทพมหานคร,Bangkok,department of highways,แขวงรามอินทรา - บางพลี,private/passenger car,speeding,rear-end collision,2,0,1,clear,13.76433756,100.6943952,straight road,no slope
7379366,2022-11-21T06:26:00Z,2022-11-24T13:32:00Z,กรุงเทพมหานคร,Bangkok,department of highways,แขวงคลองสองต้นนุ่น - พิมพา,4-wheel pickup truck,speeding,rear-end collision,4,0,8,clear,13.73052553,100.7218196,straight road,no slope
7414684,2022-11-21T07:15:00Z,2022-11-29T09:47:00Z,นครปฐม,Nakhon Pathom,department of highways,บางเลน - ลำลูกบัว,private/passenger car,cutting in closely by people/vehicles/animals,rear-end collision,2,0,0,clear,14.03097215,100.1227856,straight road,no slope
7564327,2022-11-21T08:20:00Z,2023-01-19T13:52:00Z,สมุทรสาคร,Samut Sakhon,department of highways,สะพานข้ามแม่น้ำท่าจีนฝั่งตะวันตก - นาโคก,large truck with trailer,cutting in closely by people/vehicles/animals,rear-end collision,2,0,0,clear,13.52469431,100.1850205,straight road,no slope
7379373,2022-11-21T09:05:00Z,2022-11-24T13:34:00Z,กรุงเทพมหานคร,Bangkok,department of highways,แขวงรามอินทรา - บางพลี,private/passenger car,speeding,rear-end collision,3,0,0,clear,13.76762918,100.6928435,straight road,no slope
7363571,2022-11-21T09:25:00Z,2022-11-22T07:28:00Z,สมุทรปราการ,Samut Prakan,department of rural roads,ถนนวงแหวนอุตสาหกรรมเข้าสะพานภูมิพลที่ 1,motorcycle,running red lights/traffic signals,other,2,0,1,clear,13.66402,100.532449,straight road,slope area
7559341,2022-11-21T21:31:00Z,2023-01-13T13:10:00Z,กรุงเทพมหานคร,Bangkok,department of highways,อรุณอมรินทร์ - พุทธมณฑลสาย 4,private/passenger car,cutting in closely by people/vehicles/animals,rear-end collision,2,0,1,clear,13.78245293,100.4162064,straight road,no slope
7413937,2022-11-21T22:00:00Z,2022-11-28T09:15:00Z,สมุทรปราการ,Samut Prakan,department of highways,ทางเข้าท่าอากาศยานสุวรรณภูมิ - บางวัว,motorcycle,speeding,rear-end collision,2,1,1,clear,13.59283831,100.8131406,straight road,no slope
7364049,2022-11-21T22:30:00Z,2022-11-22T09:15:00Z,กรุงเทพมหานคร,Bangkok,department of highways,บางปะอิน - แขวงรามอินทรา,6-wheel truck,speeding,rear-end collision,3,0,0,clear,13.82994378,100.6740265,straight road,no slope
7366070,2022-11-22T07:00:00Z,2022-11-22T16:05:00Z,สมุทรปราการ,Samut Prakan,department of rural roads,ถนนวงแหวนอุตสาหกรรมเข้าสะพานภูมิพลที่ 1,private/passenger car,tailgating,other,2,0,0,clear,13.664451,100.534945,straight road,slope area
7364114,2022-11-22T08:17:00Z,2022-11-22T09:27:00Z,กรุงเทพมหานคร,Bangkok,expressway authority of thailand,พญาไท-บางโคล่,other,other,rollover/fallen on straight road,2,0,0,clear,NA,NA,grade-separated intersection/ramps,other
7559068,2022-11-22T09:10:00Z,2023-01-13T09:30:00Z,กรุงเทพมหานคร,Bangkok,department of highways,อรุณอมรินทร์ - พุทธมณฑลสาย 4,private/passenger car,cutting in closely by people/vehicles/animals,rear-end collision,2,0,1,clear,13.78377923,100.3993066,straight road,no slope
7518678,2022-11-22T09:42:00Z,2022-12-29T11:39:00Z,สมุทรปราการ,Samut Prakan,expressway authority of thailand,บางพลี-สุขสวัสดิ์,4-wheel pickup truck,other,rear-end collision,4,0,0,clear,13.630738,100.585586,straight road,other
7365295,2022-11-22T12:14:00Z,2022-11-22T13:40:00Z,กรุงเทพมหานคร,Bangkok,expressway authority of thailand,แจ้งวัฒนะ-พญาไท,other,other,collision with obstruction (on road surface),1,0,3,clear,NA,NA,wide curve,other
7559065,2022-11-22T17:25:00Z,2023-01-13T09:32:00Z,กรุงเทพมหานคร,Bangkok,department of highways,อรุณอมรินทร์ - พุทธมณฑลสาย 4,motorcycle,speeding,rear-end collision,2,0,1,clear,13.78360339,100.4018171,straight road,no slope
7434729,2022-11-22T17:53:00Z,2022-12-06T14:16:00Z,สมุทรสาคร,Samut Sakhon,department of highways,ไม่ทราบ,private/passenger car,speeding,rear-end collision,2,0,0,clear,13.60249259,100.3700521,straight road,no slope
7371805,2022-11-22T17:55:00Z,2022-11-23T11:36:00Z,กรุงเทพมหานคร,Bangkok,department of highways,แขวงคลองสองต้นนุ่น - พิมพา,4-wheel pickup truck,speeding,rear-end collision,2,0,0,clear,13.7294944,100.7426691,straight road,no slope
7518676,2022-11-22T19:53:00Z,2022-12-29T11:39:00Z,กรุงเทพมหานคร,Bangkok,expressway authority of thailand,พญาไท-ศรีนครินทร์,other,other,rear-end collision,2,0,0,clear,13.75337765,100.588412,straight road,other
7521874,2022-11-23T02:30:00Z,2022-12-30T11:58:00Z,นนทบุรี,Nonthaburi,department of highways,บางบัวทอง - ไทรน้อย,passenger pickup truck,insufficient light,rollover/fallen on straight road,1,0,0,clear,13.94706314,100.3785129,straight road,no slope
7414075,2022-11-23T05:30:00Z,2022-11-28T09:56:00Z,ปทุมธานี,Pathum Thani,department of highways,บางปะอิน - แขวงรามอินทรา,4-wheel pickup truck,speeding,rear-end collision,2,0,0,clear,14.03716397,100.6981382,straight road,no slope
7413935,2022-11-23T06:40:00Z,2022-11-28T09:14:00Z,สมุทรปราการ,Samut Prakan,department of highways,ทางเข้าท่าอากาศยานสุวรรณภูมิ - บางวัว,private/passenger car,speeding,rear-end collision,2,0,0,clear,13.61662282,100.7472052,straight road,no slope
7564093,2022-11-23T08:50:00Z,2023-01-19T10:24:00Z,สมุทรสาคร,Samut Sakhon,department of highways,แสมดำ - สะพานข้ามแม่น้ำท่าจีนฝั่งตะวันตก,private/passenger car,speeding,rear-end collision,2,0,0,clear,13.54568015,100.2580151,straight road,no slope
7379272,2022-11-23T10:48:00Z,2022-11-24T13:19:00Z,ปทุมธานี,Pathum Thani,department of highways,บางปะอิน - แขวงรามอินทรา,private/passenger car,speeding,rear-end collision,3,0,2,clear,13.93324194,100.7083614,straight road,no slope
7564059,2022-11-23T15:00:00Z,2023-01-19T10:12:00Z,สมุทรสาคร,Samut Sakhon,department of highways,แสมดำ - สะพานข้ามแม่น้ำท่าจีนฝั่งตะวันตก,4-wheel pickup truck,speeding,rear-end collision,2,0,0,clear,13.59264535,100.3528503,straight road,no slope
7418466,2022-11-23T19:00:00Z,2022-11-30T09:06:00Z,กรุงเทพมหานคร,Bangkok,department of highways,แขวงรามอินทรา - บางพลี,private/passenger car,speeding,rear-end collision,3,0,1,clear,13.78711356,100.6840914,straight road,no slope
7386527,2022-11-23T20:33:00Z,2022-11-25T10:43:00Z,สมุทรปราการ,Samut Prakan,department of rural roads,ถนนวงแหวนอุตสาหกรรมเข้าสะพานภูมิพลที่ 1,passenger pickup truck,speeding,other,2,0,1,clear,13.664187,100.526671,straight road,slope area
7385673,2022-11-23T22:04:00Z,2022-11-25T08:44:00Z,สมุทรปราการ,Samut Prakan,department of rural roads,ถนนวงแหวนอุตสาหกรรมเข้าสะพานภูมิพลที่ 1,private/passenger car,speeding,other,2,0,0,clear,13.664292,100.52621,straight road,slope area
7386533,2022-11-23T22:58:00Z,2022-11-25T10:43:00Z,กรุงเทพมหานคร,Bangkok,department of rural roads,สะพานภูมิพลที่ 1 ไปสะพานภูมิพลที่ 2,private/passenger car,tailgating,other,2,0,1,rainy,13.669121,100.538524,straight road,slope area
7564056,2022-11-23T23:25:00Z,2023-01-19T10:10:00Z,สมุทรสาคร,Samut Sakhon,department of highways,แสมดำ - สะพานข้ามแม่น้ำท่าจีนฝั่งตะวันตก,private/passenger car,speeding,rear-end collision,2,0,0,clear,13.54616551,100.2587893,straight road,no slope
7386530,2022-11-24T01:41:00Z,2022-11-25T10:44:00Z,สมุทรปราการ,Samut Prakan,department of rural roads,สะพานภูมิพลที่ 1 ไปสะพานภูมิพลที่ 2,7-10-wheel truck,brake/anti-lock brake system failure,other,1,1,0,clear,13.650578,100.541469,y-intersection,other
7414809,2022-11-24T03:02:00Z,2022-11-26T14:07:00Z,กรุงเทพมหานคร,Bangkok,department of highways,แขวงรามอินทรา - บางพลี,4-wheel pickup truck,speeding,rear-end collision,2,0,0,clear,13.78043833,100.6862694,straight road,no slope
7518710,2022-11-24T03:27:00Z,2022-12-29T11:39:00Z,นนทบุรี,Nonthaburi,expressway authority of thailand,แจ้งวัฒนะ-พญาไท,other,other,side collision,1,0,0,clear,13.8676819,100.5338359,straight road,other
7379271,2022-11-24T04:39:00Z,2022-11-24T13:17:00Z,ปทุมธานี,Pathum Thani,department of highways,บางปะอิน - แขวงรามอินทรา,private/passenger car,speeding,rear-end collision,2,0,0,clear,14.06444421,100.6967595,straight road,no slope
7414820,2022-11-24T06:23:00Z,2022-11-25T13:36:00Z,กรุงเทพมหานคร,Bangkok,department of highways,ดินแดง - งามวงศ์วาน,4-wheel pickup truck,speeding,collision with obstruction (on road surface),1,0,0,clear,13.86164168,100.569132,straight road,no slope
7559377,2022-11-24T07:00:00Z,2023-01-13T14:01:00Z,ปทุมธานี,Pathum Thani,department of highways,วัดนาบุญ - คลอง 14,4-wheel pickup truck,slippery road,rollover/fallen on straight road,1,0,0,rainy,14.06780962,100.8676565,straight road,no slope
7518711,2022-11-24T07:15:00Z,2022-12-29T11:39:00Z,กรุงเทพมหานคร,Bangkok,expressway authority of thailand,รามอินทรา-อาจณรงค์,other,other,rear-end collision,2,0,0,clear,NA,NA,straight road,other
7379416,2022-11-24T08:40:00Z,2022-11-24T13:38:00Z,กรุงเทพมหานคร,Bangkok,expressway authority of thailand,อาจณรงค์-บางนา,other,other,side collision,3,0,0,clear,13.690107,100.601722,straight road,other
7422483,2022-11-24T09:00:00Z,2022-12-01T09:46:00Z,ปทุมธานี,Pathum Thani,department of highways,ไม่ทราบ,large truck with trailer,speeding,other,1,0,0,clear,13.95648815,100.4934142,connecting to private area,other
7378771,2022-11-24T09:26:00Z,2022-11-24T10:23:00Z,กรุงเทพมหานคร,Bangkok,expressway authority of thailand,พญาไท-ศรีนครินทร์,other,other,collision with obstruction (on road surface),1,0,0,rainy,13.74172934,100.6397472,grade-separated intersection/ramps,other
7413755,2022-11-24T10:27:00Z,2022-11-26T10:14:00Z,ปทุมธานี,Pathum Thani,department of highways,บางปะอิน - แขวงรามอินทรา,private/passenger car,speeding,rear-end collision,2,0,0,clear,13.96274965,100.7127616,straight road,no slope
7565478,2022-11-24T13:00:00Z,2023-01-20T11:26:00Z,กรุงเทพมหานคร,Bangkok,department of highways,ดาวคะนอง -  แสมดำ,7-10-wheel truck,speeding,rear-end collision,2,0,0,clear,13.610951,100.3784032,straight road,no slope
7413766,2022-11-24T13:15:00Z,2022-11-26T14:05:00Z,กรุงเทพมหานคร,Bangkok,department of highways,แขวงรามอินทรา - บางพลี,large truck with trailer,speeding,rear-end collision,2,0,0,clear,13.72858651,100.7017632,straight road,no slope
7414316,2022-11-24T17:57:00Z,2022-11-28T11:42:00Z,กรุงเทพมหานคร,Bangkok,department of highways,แขวงคลองสองต้นนุ่น - พิมพา,private/passenger car,speeding,rear-end collision,3,0,0,clear,13.7294944,100.7426691,straight road,no slope
7559359,2022-11-24T18:00:00Z,2023-01-13T13:46:00Z,กรุงเทพมหานคร,Bangkok,department of highways,อรุณอมรินทร์ - พุทธมณฑลสาย 4,motorcycle,speeding,rear-end collision,2,0,1,clear,13.7804735,100.4451576,straight road,no slope
7564048,2022-11-24T18:00:00Z,2023-01-19T10:09:00Z,สมุทรสาคร,Samut Sakhon,department of highways,แสมดำ - สะพานข้ามแม่น้ำท่าจีนฝั่งตะวันตก,private/passenger car,speeding,rear-end collision,2,0,0,clear,13.54546303,100.257613,straight road,no slope
7414277,2022-11-24T18:47:00Z,2022-11-28T11:31:00Z,สมุทรปราการ,Samut Prakan,department of highways,แขวงคลองสองต้นนุ่น - พิมพา,4-wheel pickup truck,speeding,rear-end collision,2,0,0,clear,13.665956,100.8501771,straight road,no slope
7418075,2022-11-24T22:19:00Z,2022-11-30T06:36:00Z,กรุงเทพมหานคร,Bangkok,department of highways,แขวงคลองสองต้นนุ่น - พิมพา,van,speeding,rear-end collision,2,0,0,clear,13.71641918,100.8169906,straight road,no slope
7418178,2022-11-25T02:16:00Z,2022-11-30T07:26:00Z,ปทุมธานี,Pathum Thani,department of highways,บางปะอิน - แขวงรามอินทรา,4-wheel pickup truck,speeding,rollover/fallen on straight road,1,0,1,clear,13.97552721,100.7132028,straight road,no slope
7559050,2022-11-25T09:00:00Z,2023-01-13T09:23:00Z,กรุงเทพมหานคร,Bangkok,department of highways,คู้บอน - ประเวศ,other,running red lights/traffic signals,other,1,0,0,clear,13.80444419,100.6798346,other,other
7564074,2022-11-25T13:09:00Z,2023-01-19T10:15:00Z,สมุทรสาคร,Samut Sakhon,department of highways,แสมดำ - สะพานข้ามแม่น้ำท่าจีนฝั่งตะวันตก,7-10-wheel truck,worn-out/tire blowout,rollover/fallen on straight road,1,0,0,clear,13.59991466,100.3674596,straight road,no slope
7564063,2022-11-25T13:58:00Z,2023-01-19T10:14:00Z,สมุทรสาคร,Samut Sakhon,department of highways,แสมดำ - สะพานข้ามแม่น้ำท่าจีนฝั่งตะวันตก,private/passenger car,speeding,rear-end collision,3,0,0,clear,13.60769885,100.3751872,straight road,no slope
7418208,2022-11-25T15:00:00Z,2022-11-30T07:42:00Z,ปทุมธานี,Pathum Thani,department of highways,บางปะอิน - แขวงรามอินทรา,4-wheel pickup truck,speeding,rollover/fallen on straight road,1,0,0,clear,14.13640789,100.6667952,straight road,no slope
7403385,2022-11-25T18:58:00Z,2022-11-27T22:45:00Z,กรุงเทพมหานคร,Bangkok,expressway authority of thailand,พญาไท-ศรีนครินทร์,4-wheel pickup truck,other,rear-end collision,2,0,0,clear,13.75361433,100.56282590000001,straight road,other
7406961,2022-11-25T19:58:00Z,2022-11-28T12:04:00Z,กรุงเทพมหานคร,Bangkok,department of rural roads,สะพานภูมิพลที่ 1 ไปสะพานภูมิพลที่ 2,private/passenger car,speeding,other,2,0,0,rainy,13.671073,100.538611,straight road,slope area
7418676,2022-11-25T20:45:00Z,2022-11-30T10:16:00Z,สมุทรปราการ,Samut Prakan,department of highways,แขวงรามอินทรา - บางพลี,6-wheel truck,speeding,rollover/fallen on curved road,1,0,0,rainy,13.64962676,100.6873316,wide curve,no slope
7413783,2022-11-25T21:00:00Z,2022-11-27T11:10:00Z,สมุทรปราการ,Samut Prakan,department of highways,แขวงรามอินทรา - บางพลี,large truck with trailer,speeding,rollover/fallen on straight road,1,0,0,rainy,13.65050253,100.6877299,straight road,no slope
7559391,2022-11-25T21:30:00Z,2023-01-13T14:07:00Z,นนทบุรี,Nonthaburi,department of highways,คลองบางไผ่ - คลองบางหลวง,4-wheel pickup truck,loss of control,rear-end collision,2,0,1,rainy,13.91822281,100.4112008,straight road,no slope
7564060,2022-11-25T23:58:00Z,2023-01-19T10:13:00Z,สมุทรสาคร,Samut Sakhon,department of highways,แสมดำ - สะพานข้ามแม่น้ำท่าจีนฝั่งตะวันตก,4-wheel pickup truck,speeding,rear-end collision,3,0,2,clear,13.59664022,100.3642714,straight road,no slope
7391333,2022-11-26T00:59:00Z,2022-11-26T02:12:00Z,กรุงเทพมหานคร,Bangkok,expressway authority of thailand,แจ้งวัฒนะ-พญาไท,other,other,side collision,1,0,1,rainy,13.79449686,100.5388057,straight road,other
7391672,2022-11-26T02:37:00Z,2022-11-26T04:06:00Z,กรุงเทพมหานคร,Bangkok,expressway authority of thailand,พญาไท-ศรีนครินทร์,other,other,rear-end collision,2,0,2,rainy,NA,NA,merge lane,other
7406404,2022-11-26T02:45:00Z,2022-11-28T10:45:00Z,กรุงเทพมหานคร,Bangkok,expressway authority of thailand,แจ้งวัฒนะ-พญาไท,other,other,collision with obstruction (on road surface),1,0,0,rainy,NA,NA,wide curve,other
7418179,2022-11-26T03:33:00Z,2022-11-30T07:33:00Z,ปทุมธานี,Pathum Thani,department of highways,บางปะอิน - แขวงรามอินทรา,4-wheel pickup truck,speeding,rollover/fallen on straight road,1,0,0,clear,14.01424848,100.7021855,straight road,no slope
7413764,2022-11-26T03:50:00Z,2022-11-26T14:02:00Z,กรุงเทพมหานคร,Bangkok,department of highways,แขวงรามอินทรา - บางพลี,private/passenger car,speeding,rollover/fallen on straight road,1,0,1,rainy,13.74230839,100.7025196,straight road,no slope
7418190,2022-11-26T04:10:00Z,2022-11-30T07:36:00Z,กรุงเทพมหานคร,Bangkok,department of highways,ถนนศรีนครินทร - แขวงคลองสองต้นนุ่น,private/passenger car,speeding,rollover/fallen on straight road,1,0,1,clear,13.73304461,100.7004248,straight road,no slope
7406447,2022-11-26T06:10:00Z,2022-11-28T10:49:00Z,กรุงเทพมหานคร,Bangkok,expressway authority of thailand,พญาไท-ศรีนครินทร์,6-wheel truck,other,rear-end collision,2,0,0,clear,NA,NA,straight road,other
7406174,2022-11-26T06:30:00Z,2022-11-28T10:14:00Z,ปทุมธานี,Pathum Thani,department of rural roads,แยกถนนเทศบาลท่าโขลง - บ้านคลองสิบสาม,motorcycle,abrupt lane change,other,2,3,0,rainy,14.145142,100.623991,straight road,no slope
7559054,2022-11-26T08:30:00Z,2023-01-13T09:21:00Z,กรุงเทพมหานคร,Bangkok,department of highways,ดินแดง - งามวงศ์วาน,motorcycle,speeding,rear-end collision,3,0,0,clear,13.76746126,100.5499632,straight road,no slope
7413781,2022-11-26T10:56:00Z,2022-11-27T11:09:00Z,ปทุมธานี,Pathum Thani,department of highways,บางปะอิน - แขวงรามอินทรา,4-wheel pickup truck,speeding,rear-end collision,2,0,0,clear,13.95546386,100.7126637,straight road,no slope
7527032,2022-11-26T11:00:00Z,2022-12-31T09:33:00Z,กรุงเทพมหานคร,Bangkok,department of highways,ถนนศรีนครินทร์ - ลาดกระบัง,other,speeding,collision with obstruction (on road surface),1,0,0,clear,13.7321869,100.7079451,other,other
7564061,2022-11-26T12:00:00Z,2023-01-19T10:11:00Z,สมุทรสาคร,Samut Sakhon,department of highways,แสมดำ - สะพานข้ามแม่น้ำท่าจีนฝั่งตะวันตก,private/passenger car,speeding,rear-end collision,2,0,0,clear,13.54568015,100.2580151,straight road,no slope
7559048,2022-11-26T13:24:00Z,2023-01-13T09:20:00Z,กรุงเทพมหานคร,Bangkok,department of highways,ดินแดง - งามวงศ์วาน,private/passenger car,cutting in closely by people/vehicles/animals,rear-end collision,2,0,1,other,13.80794117,100.5598682,straight road,no slope
7526993,2022-11-26T13:30:00Z,2022-12-31T09:23:00Z,นครปฐม,Nakhon Pathom,department of highways,หนองพงนก - ไผ่เจดีย์,4-wheel pickup truck,slippery road,rear-end collision,5,0,0,rainy,14.07912312,100.016102,straight road,no slope
7419393,2022-11-26T17:55:00Z,2022-11-30T13:29:00Z,กรุงเทพมหานคร,Bangkok,department of highways,แขวงรามอินทรา - บางพลี,private/passenger car,speeding,rear-end collision,3,0,3,clear,13.74313041,100.702765,straight road,no slope
7561163,2022-11-26T18:24:00Z,2023-01-17T06:15:00Z,กรุงเทพมหานคร,Bangkok,expressway authority of thailand,พญาไท-ศรีนครินทร์,other,other,rear-end collision,4,0,0,clear,13.76144957,100.5453835,straight road,other
7480660,2022-11-26T19:45:00Z,2022-12-23T14:58:00Z,กรุงเทพมหานคร,Bangkok,department of highways,ไม่ทราบ,private/passenger car,speeding,rear-end collision,2,0,0,clear,13.78137874,100.4267536,straight road,no slope
7398156,2022-11-26T21:53:00Z,2022-11-27T03:24:00Z,สมุทรปราการ,Samut Prakan,expressway authority of thailand,บางพลี-สุขสวัสดิ์,large truck with trailer,other,collision with obstruction (on road surface),2,0,0,clear,13.633934,100.569287,straight road,other
7414545,2022-11-27T02:00:00Z,2022-11-28T16:23:00Z,สมุทรปราการ,Samut Prakan,department of highways,บางพลี - กิ่งแก้ว,private/passenger car,speeding,rollover/fallen on straight road,1,0,0,clear,13.70467257,100.7350159,straight road,no slope
7415510,2022-11-27T03:20:00Z,2022-11-29T15:45:00Z,กรุงเทพมหานคร,Bangkok,department of highways,ถนนศรีนครินทร - แขวงคลองสองต้นนุ่น,private/passenger car,speeding,rollover/fallen on straight road,1,0,1,clear,13.73760034,100.6597129,straight road,no slope
7414554,2022-11-27T03:45:00Z,2022-11-28T16:50:00Z,กรุงเทพมหานคร,Bangkok,department of highways,ราษฎร์บูรณะ - พระสมุทรเจดีย์,4-wheel pickup truck,falling asleep,rollover/fallen on straight road,1,0,0,clear,13.67426038,100.5045095,straight road,no slope
7413787,2022-11-27T06:30:00Z,2022-11-27T11:37:00Z,กรุงเทพมหานคร,Bangkok,department of highways,แขวงรามอินทรา - บางพลี,private/passenger car,speeding,rear-end collision,3,0,0,clear,13.77182082,100.6903785,straight road,no slope
7564009,2022-11-27T08:45:00Z,2023-01-19T09:43:00Z,สมุทรสาคร,Samut Sakhon,department of highways,แสมดำ - สะพานข้ามแม่น้ำท่าจีนฝั่งตะวันตก,4-wheel pickup truck,worn-out/tire blowout,rollover/fallen on straight road,1,0,0,clear,13.58487186,100.3168632,straight road,no slope
7527235,2022-11-27T09:30:00Z,2022-12-31T10:23:00Z,กรุงเทพมหานคร,Bangkok,department of highways,คลองพระยาสุเรนทร์ - ประเวศ,other,speeding,collision with obstruction (on road surface),1,0,0,clear,13.76274994,100.695256,other,other
7414925,2022-11-27T10:45:00Z,2022-11-28T10:49:00Z,สมุทรปราการ,Samut Prakan,department of highways,แขวงคลองสองต้นนุ่น - พิมพา,private/passenger car,speeding,rear-end collision,2,0,0,clear,13.65807272,100.8624133,straight road,no slope
7418757,2022-11-27T11:50:00Z,2022-11-30T10:42:00Z,ปทุมธานี,Pathum Thani,department of highways,ต่างระดับคลองหลวง - ประตูน้ำพระอินทร์,motorcycle,speeding,other,2,0,0,clear,14.12689918,100.6184786,other,other
7559365,2022-11-27T12:28:00Z,2023-01-13T13:52:00Z,กรุงเทพมหานคร,Bangkok,department of highways,อรุณอมรินทร์ - พุทธมณฑลสาย 4,motorcycle,speeding,rollover/fallen on straight road,1,0,1,clear,13.78469722,100.4583515,straight road,no slope
7414282,2022-11-27T13:30:00Z,2022-11-28T11:14:00Z,กรุงเทพมหานคร,Bangkok,department of highways,บางปะอิน - แขวงรามอินทรา,4-wheel pickup truck,speeding,rear-end collision,3,0,0,clear,13.82999326,100.6738146,straight road,no slope
7414145,2022-11-27T16:38:00Z,2022-11-28T10:37:00Z,กรุงเทพมหานคร,Bangkok,department of highways,แขวงคลองสองต้นนุ่น - พิมพา,private/passenger car,speeding,rear-end collision,2,0,0,clear,13.72930805,100.7326681,straight road,no slope
7514851,2022-11-27T18:29:00Z,2022-12-28T15:18:00Z,สมุทรปราการ,Samut Prakan,expressway authority of thailand,บางนา-ชลบุรี,other,other,rear-end collision,3,0,0,clear,13.603377,100.780842,straight road,other
7414095,2022-11-27T18:51:00Z,2022-11-28T10:08:00Z,กรุงเทพมหานคร,Bangkok,department of highways,แขวงคลองสองต้นนุ่น - พิมพา,private/passenger car,speeding,rear-end collision,3,0,0,clear,13.72972435,100.7290533,straight road,no slope
7564090,2022-11-27T19:45:00Z,2023-01-19T10:23:00Z,สมุทรสาคร,Samut Sakhon,department of highways,สะพานข้ามแม่น้ำท่าจีนฝั่งตะวันตก - นาโคก,private/passenger car,speeding,rollover/fallen on straight road,1,0,0,clear,13.53965451,100.2294186,straight road,no slope
7514853,2022-11-27T21:24:00Z,2022-12-28T15:18:00Z,สมุทรปราการ,Samut Prakan,expressway authority of thailand,บางนา-ชลบุรี,7-10-wheel truck,other,collision with obstruction (on road surface),2,0,4,clear,13.574105,100.901743,straight road,other
7514854,2022-11-27T22:30:00Z,2022-12-28T15:18:00Z,สมุทรปราการ,Samut Prakan,expressway authority of thailand,บางพลี-สุขสวัสดิ์,other,other,other,1,0,0,clear,13.603182,100.652896,wide curve,other
7559326,2022-11-27T23:00:00Z,2023-01-13T12:59:00Z,กรุงเทพมหานคร,Bangkok,department of highways,บางแค - คลองมหาสวัสดิ์,7-10-wheel truck,speeding,rear-end collision,2,0,0,clear,13.77319406,100.4081289,straight road,no slope
7561145,2022-11-27T23:00:00Z,2023-01-17T06:00:00Z,กรุงเทพมหานคร,Bangkok,expressway authority of thailand,ดินแดง-ท่าเรือ,other,other,rear-end collision,2,0,0,clear,13.71719812,100.5552771,y-intersection,other
7418468,2022-11-28T02:50:00Z,2022-11-30T09:07:00Z,กรุงเทพมหานคร,Bangkok,department of highways,แขวงรามอินทรา - บางพลี,7-10-wheel truck,speeding,other,1,0,0,clear,13.75612848,100.6990622,straight road,no slope
7564091,2022-11-28T03:31:00Z,2023-01-19T10:23:00Z,สมุทรสาคร,Samut Sakhon,department of highways,สะพานข้ามแม่น้ำท่าจีนฝั่งตะวันตก - นาโคก,private/passenger car,speeding,rear-end collision,2,0,0,clear,13.54262917,100.2390691,straight road,no slope
7418071,2022-11-28T04:25:00Z,2022-11-30T06:28:00Z,กรุงเทพมหานคร,Bangkok,department of highways,บางปะอิน - แขวงรามอินทรา,large truck with trailer,speeding,rear-end collision,2,0,1,clear,13.83634933,100.6733935,straight road,no slope
7564094,2022-11-28T05:14:00Z,2023-01-19T10:24:00Z,สมุทรสาคร,Samut Sakhon,department of highways,สะพานข้ามแม่น้ำท่าจีนฝั่งตะวันตก - นาโคก,4-wheel pickup truck,speeding,other,1,0,0,clear,13.54351321,100.2463645,straight road,no slope
7414919,2022-11-28T08:15:00Z,2022-11-28T10:45:00Z,กรุงเทพมหานคร,Bangkok,department of highways,แขวงรามอินทรา - บางพลี,private/passenger car,speeding,rear-end collision,2,0,1,clear,13.75436991,100.7001485,straight road,no slope
7559434,2022-11-28T09:40:00Z,2023-01-13T14:37:00Z,กรุงเทพมหานคร,Bangkok,department of highways,บางนา - ทางเข้าท่าอากาศยานสุวรรณภูมิ,motorcycle,speeding,rear-end collision,2,0,1,clear,13.66870785,100.6294602,straight road,no slope
7424348,2022-11-28T10:00:00Z,2022-12-02T09:04:00Z,ปทุมธานี,Pathum Thani,department of highways,ไม่ทราบ,other,speeding,rollover/fallen on straight road,1,0,0,clear,14.04520176,100.6981596,straight road,no slope
7564101,2022-11-28T10:00:00Z,2023-01-19T10:26:00Z,สมุทรสาคร,Samut Sakhon,department of highways,สะพานข้ามแม่น้ำท่าจีนฝั่งตะวันตก - นาโคก,4-wheel pickup truck,speeding,rear-end collision,3,0,2,clear,13.52351604,100.1815397,straight road,no slope
7564075,2022-11-28T13:00:00Z,2023-01-19T10:16:00Z,นครปฐม,Nakhon Pathom,department of highways,อ้อมน้อย - ศาลายา,4-wheel pickup truck,speeding,rollover/fallen on straight road,1,0,0,rainy,13.72329763,100.2988553,straight road,no slope
7418055,2022-11-28T13:15:00Z,2022-11-30T06:23:00Z,กรุงเทพมหานคร,Bangkok,department of highways,แขวงคลองสองต้นนุ่น - พิมพา,private/passenger car,speeding,rear-end collision,3,0,0,clear,13.73062285,100.720915,straight road,no slope
7559052,2022-11-28T15:40:00Z,2023-01-13T09:21:00Z,กรุงเทพมหานคร,Bangkok,department of highways,ดินแดง - งามวงศ์วาน,private/passenger car,speeding,rear-end collision,2,0,0,clear,13.83935171,100.5577311,straight road,no slope
7559369,2022-11-28T16:00:00Z,2023-01-13T13:54:00Z,กรุงเทพมหานคร,Bangkok,department of highways,อรุณอมรินทร์ - พุทธมณฑลสาย 4,private/passenger car,speeding,rear-end collision,2,0,0,clear,13.78592962,100.4622754,straight road,no slope
7564106,2022-11-28T16:00:00Z,2023-01-19T10:28:00Z,สมุทรสาคร,Samut Sakhon,department of highways,สะพานข้ามแม่น้ำท่าจีนฝั่งตะวันตก - นาโคก,4-wheel pickup truck,speeding,rear-end collision,2,0,0,clear,13.53643441,100.2198415,straight road,no slope
7478180,2022-11-28T19:30:00Z,2022-12-22T14:10:00Z,กรุงเทพมหานคร,Bangkok,department of highways,ไม่ทราบ,private/passenger car,cutting in closely by people/vehicles/animals,rear-end collision,3,0,0,clear,13.7861302,100.4633953,other,other
7564104,2022-11-28T20:00:00Z,2023-01-19T10:27:00Z,สมุทรสาคร,Samut Sakhon,department of highways,สะพานข้ามแม่น้ำท่าจีนฝั่งตะวันตก - นาโคก,motorcycle,speeding,rollover/fallen on straight road,1,0,1,clear,13.53496397,100.2154895,straight road,no slope
7424417,2022-11-29T08:34:00Z,2022-12-02T09:29:00Z,ปทุมธานี,Pathum Thani,department of highways,ไม่ทราบ,other,speeding,rollover/fallen on straight road,1,0,0,clear,14.06898692,100.6963103,straight road,no slope
7564111,2022-11-29T10:40:00Z,2023-01-19T10:29:00Z,สมุทรสาคร,Samut Sakhon,department of highways,สะพานข้ามแม่น้ำท่าจีนฝั่งตะวันตก - นาโคก,4-wheel pickup truck,speeding,other,1,0,0,clear,13.53232146,100.2076551,straight road,no slope
7415237,2022-11-29T11:35:00Z,2022-11-29T14:57:00Z,กรุงเทพมหานคร,Bangkok,department of highways,แขวงคลองสองต้นนุ่น - พิมพา,large truck with trailer,speeding,rear-end collision,2,0,0,clear,13.72940527,100.7390313,straight road,no slope
7415120,2022-11-29T12:18:00Z,2022-11-29T14:37:00Z,กรุงเทพมหานคร,Bangkok,department of highways,แขวงคลองสองต้นนุ่น - พิมพา,6-wheel truck,speeding,rear-end collision,3,0,0,clear,13.72937904,100.7381219,straight road,no slope
7480317,2022-11-29T13:00:00Z,2022-12-23T14:20:00Z,กรุงเทพมหานคร,Bangkok,department of highways,ไม่ทราบ,private/passenger car,speeding,rear-end collision,2,0,0,clear,13.78085904,100.445006,straight road,no slope
7518720,2022-11-29T15:55:00Z,2022-12-29T11:39:00Z,สมุทรปราการ,Samut Prakan,expressway authority of thailand,บางนา-ชลบุรี,other,other,rear-end collision,2,0,0,clear,13.624866,100.728881,straight road,other
7518734,2022-11-29T18:19:00Z,2022-12-29T11:39:00Z,สมุทรปราการ,Samut Prakan,expressway authority of thailand,บางพลี-สุขสวัสดิ์,other,other,rear-end collision,3,0,0,clear,13.639179,100.679182,straight road,other
7418837,2022-11-29T22:25:00Z,2022-11-30T10:47:00Z,สมุทรปราการ,Samut Prakan,department of highways,แขวงคลองสองต้นนุ่น - พิมพา,private/passenger car,speeding,rear-end collision,2,0,0,clear,13.65020203,100.8746573,straight road,no slope
7564014,2022-11-29T23:30:00Z,2023-01-19T09:46:00Z,สมุทรสาคร,Samut Sakhon,department of highways,แสมดำ - สะพานข้ามแม่น้ำท่าจีนฝั่งตะวันตก,4-wheel pickup truck,speeding,rear-end collision,2,0,0,clear,13.5881135,100.3254011,straight road,no slope
7418581,2022-11-29T23:55:00Z,2022-11-30T09:32:00Z,สมุทรปราการ,Samut Prakan,department of highways,แขวงรามอินทรา - บางพลี,4-wheel pickup truck,speeding,rear-end collision,2,1,0,clear,13.64961764,100.6869949,straight road,no slope
7559334,2022-11-30T02:45:00Z,2023-01-13T13:08:00Z,กรุงเทพมหานคร,Bangkok,department of highways,อรุณอมรินทร์ - พุทธมณฑลสาย 4,private/passenger car,speeding,rear-end collision,2,0,0,clear,13.78314882,100.4094668,straight road,no slope
7421064,2022-11-30T09:00:00Z,2022-12-01T07:44:00Z,กรุงเทพมหานคร,Bangkok,department of rural roads,ถนนวงแหวนอุตสาหกรรมเข้าสะพานภูมิพลที่ 1,private/passenger car,sudden stop,other,3,0,0,clear,13.662875,100.515885,grade-separated intersection/ramps,other
7559372,2022-11-30T12:15:00Z,2023-01-13T13:58:00Z,ปทุมธานี,Pathum Thani,department of highways,ลำลูกกา - คลอง 16,large truck with trailer,speeding,collision with obstruction (on road surface),3,0,1,clear,13.94836101,100.792698,straight road,no slope
7424484,2022-11-30T14:34:00Z,2022-12-02T09:44:00Z,กรุงเทพมหานคร,Bangkok,department of highways,ไม่ทราบ,7-10-wheel truck,speeding,rear-end collision,3,0,2,clear,13.71473613,100.7001083,straight road,no slope
7438445,2022-11-30T17:09:00Z,2022-12-07T11:06:00Z,ปทุมธานี,Pathum Thani,department of highways,ไม่ทราบ,4-wheel pickup truck,speeding,rollover/fallen on straight road,1,0,1,clear,13.97100999,100.7129373,straight road,no slope
7421809,2022-11-30T17:21:00Z,2022-12-01T16:14:00Z,สมุทรปราการ,Samut Prakan,department of highways,ไม่ทราบ,private/passenger car,speeding,rear-end collision,3,0,0,clear,13.66792693,100.8471179,straight road,no slope
7514895,2022-11-30T21:25:00Z,2022-12-28T15:18:00Z,นนทบุรี,Nonthaburi,expressway authority of thailand,บางปะอิน-แจ้งวัฒนะ,other,other,side collision,2,0,0,clear,13.900255,100.543064,grade-separated intersection/ramps,other
7554595,2022-11-30T22:05:00Z,2023-01-09T13:37:00Z,กรุงเทพมหานคร,Bangkok,department of highways,บางแค - คลองมหาสวัสดิ์,motorcycle,cutting in closely by people/vehicles/animals,rear-end collision,2,0,1,clear,13.67816782,100.4064568,straight road,no slope
7519189,2022-12-01T02:22:00Z,2022-12-29T21:59:00Z,นนทบุรี,Nonthaburi,expressway authority of thailand,แจ้งวัฒนะ-พญาไท,other,other,collision with obstruction (on road surface),1,0,0,clear,13.86722892,100.5339971,straight road,other
7455842,2022-12-01T05:30:00Z,2022-12-13T11:27:00Z,กรุงเทพมหานคร,Bangkok,department of highways,ไม่ทราบ,7-10-wheel truck,speeding,rollover/fallen on straight road,1,0,2,clear,13.74535933,100.7027583,straight road,no slope
7424976,2022-12-01T06:43:00Z,2022-12-02T13:29:00Z,กรุงเทพมหานคร,Bangkok,department of highways,ไม่ทราบ,4-wheel pickup truck,speeding,rear-end collision,2,0,0,clear,13.77887012,100.686889,straight road,no slope
7424971,2022-12-01T13:58:00Z,2022-12-02T13:44:00Z,กรุงเทพมหานคร,Bangkok,department of highways,ไม่ทราบ,private/passenger car,speeding,rollover/fallen on straight road,1,0,1,clear,13.67987273,100.6992567,straight road,no slope
7443765,2022-12-01T18:55:00Z,2022-12-08T13:56:00Z,กรุงเทพมหานคร,Bangkok,department of highways,ไม่ทราบ,4-wheel pickup truck,speeding,rear-end collision,2,0,0,clear,13.72924789,100.7335752,straight road,no slope
7425185,2022-12-02T00:55:00Z,2022-12-02T14:04:00Z,กรุงเทพมหานคร,Bangkok,department of highways,ไม่ทราบ,private/passenger car,speeding,rear-end collision,2,0,1,clear,13.73743229,100.7026564,straight road,no slope
7543592,2022-12-02T01:31:00Z,2023-01-04T00:11:00Z,กรุงเทพมหานคร,Bangkok,expressway authority of thailand,รามอินทรา-อาจณรงค์,other,other,collision with obstruction (on road surface),1,0,0,rainy,13.772135,100.606574,wide curve,other
7428896,2022-12-02T09:05:00Z,2022-12-03T09:15:00Z,กรุงเทพมหานคร,Bangkok,department of highways,ไม่ทราบ,4-wheel pickup truck,speeding,rear-end collision,2,0,0,clear,13.77973759,100.6860039,straight road,no slope
7438478,2022-12-02T10:13:00Z,2022-12-07T09:49:00Z,ปทุมธานี,Pathum Thani,department of highways,ไม่ทราบ,private/passenger car,speeding,rear-end collision,2,0,0,clear,13.95818792,100.7126825,straight road,no slope
7561162,2022-12-02T15:35:00Z,2023-01-17T06:14:00Z,สมุทรปราการ,Samut Prakan,expressway authority of thailand,บางพลี-สุขสวัสดิ์,4-wheel pickup truck,other,rear-end collision,4,0,0,clear,13.632058,100.535354,grade-separated intersection/ramps,other
7514904,2022-12-02T16:20:00Z,2022-12-28T13:35:00Z,สมุทรสาคร,Samut Sakhon,department of highways,ไม่ทราบ,private/passenger car,speeding,rear-end collision,2,0,0,clear,13.53555097,100.2172308,straight road,no slope
7457322,2022-12-02T19:05:00Z,2022-12-14T12:45:00Z,ปทุมธานี,Pathum Thani,department of highways,ไม่ทราบ,large truck with trailer,speeding,rear-end collision,2,1,0,clear,13.93326172,100.7516414,other,other
7553467,2022-12-02T20:20:00Z,2023-01-07T10:49:00Z,สมุทรสาคร,Samut Sakhon,department of highways,แสมดำ - สะพานข้ามแม่น้ำท่าจีนฝั่งตะวันตก,4-wheel pickup truck,speeding,rear-end collision,2,0,1,clear,13.58343752,100.314004,straight road,no slope
7558994,2022-12-03T01:30:00Z,2023-01-13T09:02:00Z,กรุงเทพมหานคร,Bangkok,department of highways,ดินแดง - งามวงศ์วาน,private/passenger car,speeding,rear-end collision,2,0,1,clear,13.82631548,100.5579996,straight road,no slope
7428986,2022-12-03T04:20:00Z,2022-12-03T09:30:00Z,กรุงเทพมหานคร,Bangkok,department of highways,ไม่ทราบ,motorcycle,speeding,rollover/fallen on straight road,1,0,1,clear,13.73320225,100.6986639,straight road,no slope
7438444,2022-12-03T06:36:00Z,2022-12-07T09:48:00Z,ปทุมธานี,Pathum Thani,department of highways,ไม่ทราบ,4-wheel pickup truck,speeding,rear-end collision,2,0,1,clear,13.97733226,100.7130714,straight road,no slope
7541204,2022-12-03T08:00:00Z,2023-01-03T07:58:00Z,สมุทรสาคร,Samut Sakhon,department of highways,แสมดำ - สะพานข้ามแม่น้ำท่าจีนฝั่งตะวันตก,private/passenger car,speeding,rear-end collision,3,0,0,clear,13.57312702,100.2941283,straight road,no slope
7515320,2022-12-03T08:40:00Z,2022-12-28T13:34:00Z,สมุทรสาคร,Samut Sakhon,department of highways,ไม่ทราบ,4-wheel pickup truck,speeding,rear-end collision,5,0,0,clear,13.53906705,100.2276775,straight road,no slope
7511527,2022-12-03T08:50:00Z,2022-12-27T13:11:00Z,กรุงเทพมหานคร,Bangkok,department of highways,ไม่ทราบ,4-wheel pickup truck,speeding,rollover/fallen on straight road,1,0,3,clear,13.67097535,100.6993518,other,other
7438072,2022-12-03T09:15:00Z,2022-12-07T09:35:00Z,กรุงเทพมหานคร,Bangkok,department of highways,ไม่ทราบ,4-wheel pickup truck,speeding,rear-end collision,3,0,3,clear,13.86289685,100.676714,straight road,no slope
7519194,2022-12-03T11:10:00Z,2022-12-29T21:59:00Z,กรุงเทพมหานคร,Bangkok,expressway authority of thailand,พญาไท-ศรีนครินทร์,other,other,rear-end collision,3,0,0,clear,13.74736583,100.6050149,straight road,other
7458113,2022-12-03T11:42:00Z,2022-12-15T08:07:00Z,สมุทรปราการ,Samut Prakan,department of highways,ไม่ทราบ,private/passenger car,speeding,rear-end collision,4,0,0,clear,13.66792693,100.8471179,straight road,no slope
7519198,2022-12-03T12:08:00Z,2022-12-29T21:59:00Z,สมุทรปราการ,Samut Prakan,expressway authority of thailand,บางพลี-สุขสวัสดิ์,large truck with trailer,other,rear-end collision,5,0,0,clear,13.625705,100.521644,grade-separated intersection/ramps,other
7519197,2022-12-03T12:22:00Z,2022-12-29T21:59:00Z,กรุงเทพมหานคร,Bangkok,expressway authority of thailand,รามอินทรา-อาจณรงค์,other,other,collision with obstruction (on road surface),1,0,0,clear,NA,NA,merge lane,other
7442583,2022-12-03T13:42:00Z,2022-12-08T11:45:00Z,สมุทรปราการ,Samut Prakan,department of highways,ไม่ทราบ,private/passenger car,speeding,rear-end collision,3,0,0,clear,13.66447795,100.8524713,straight road,no slope
7519195,2022-12-03T17:05:00Z,2022-12-29T21:59:00Z,กรุงเทพมหานคร,Bangkok,expressway authority of thailand,แจ้งวัฒนะ-พญาไท,other,other,collision with obstruction (on road surface),1,0,0,clear,NA,NA,other,other
7519196,2022-12-03T19:22:00Z,2022-12-29T21:59:00Z,กรุงเทพมหานคร,Bangkok,expressway authority of thailand,พญาไท-ศรีนครินทร์,other,other,rear-end collision,2,0,0,clear,NA,NA,straight road,other
7515304,2022-12-03T23:15:00Z,2022-12-28T13:33:00Z,สมุทรสาคร,Samut Sakhon,department of highways,ไม่ทราบ,4-wheel pickup truck,speeding,rear-end collision,2,0,0,clear,13.53188147,100.2063491,straight road,no slope
7519200,2022-12-04T00:09:00Z,2022-12-29T21:59:00Z,สมุทรปราการ,Samut Prakan,expressway authority of thailand,บางพลี-สุขสวัสดิ์,other,other,rollover/fallen on straight road,1,0,0,clear,13.638524,100.556254,y-intersection,other
7565660,2022-12-04T08:30:00Z,2023-01-20T14:03:00Z,กรุงเทพมหานคร,Bangkok,department of highways,ดาวคะนอง -  แสมดำ,private/passenger car,speeding,rollover/fallen on straight road,1,0,0,clear,13.62010471,100.3874592,straight road,no slope
7515200,2022-12-04T11:31:00Z,2022-12-28T13:25:00Z,สมุทรสาคร,Samut Sakhon,department of highways,ไม่ทราบ,private/passenger car,speeding,rear-end collision,2,0,0,clear,13.54221723,100.2372788,straight road,no slope
7443499,2022-12-04T15:02:00Z,2022-12-08T11:03:00Z,สมุทรปราการ,Samut Prakan,department of highways,ไม่ทราบ,van,speeding,rear-end collision,3,0,0,clear,13.66841951,100.8463533,straight road,no slope
7553546,2022-12-04T19:05:00Z,2023-01-07T11:16:00Z,กรุงเทพมหานคร,Bangkok,department of highways,บางนา - ทางเข้าท่าอากาศยานสุวรรณภูมิ,private/passenger car,speeding,rear-end collision,2,0,2,clear,13.67163985,100.6137478,straight road,no slope
7437908,2022-12-04T19:29:00Z,2022-12-07T09:17:00Z,ปทุมธานี,Pathum Thani,department of highways,ไม่ทราบ,private/passenger car,speeding,rear-end collision,3,0,0,clear,13.98738142,100.7133691,straight road,no slope
7553497,2022-12-04T20:50:00Z,2023-01-07T10:58:00Z,สมุทรสาคร,Samut Sakhon,department of highways,แสมดำ - สะพานข้ามแม่น้ำท่าจีนฝั่งตะวันตก,4-wheel pickup truck,driving under the influence of alcohol,rollover/fallen on straight road,1,0,1,clear,13.5881135,100.3254011,straight road,no slope
7559432,2022-12-04T21:00:00Z,2023-01-13T14:36:00Z,กรุงเทพมหานคร,Bangkok,department of highways,บางนา - ทางเข้าท่าอากาศยานสุวรรณภูมิ,private/passenger car,speeding,rear-end collision,2,0,2,clear,13.67154342,100.6159352,straight road,no slope
7432289,2022-12-04T22:17:00Z,2022-12-05T13:26:00Z,กรุงเทพมหานคร,Bangkok,department of highways,ไม่ทราบ,motorcycle,speeding,rear-end collision,2,0,3,clear,13.7331788,100.6990179,straight road,no slope
7553496,2022-12-05T01:30:00Z,2023-01-07T10:57:00Z,สมุทรสาคร,Samut Sakhon,department of highways,สะพานข้ามแม่น้ำท่าจีนฝั่งตะวันตก - นาโคก,4-wheel pickup truck,speeding,rear-end collision,3,0,0,clear,13.53846913,100.2259404,straight road,no slope
7519204,2022-12-05T11:35:00Z,2022-12-29T22:08:00Z,นนทบุรี,Nonthaburi,expressway authority of thailand,บางปะอิน-แจ้งวัฒนะ,other,other,rear-end collision,8,0,0,clear,13.91108,100.54418,straight road,other
7457970,2022-12-05T12:45:00Z,2022-12-15T07:39:00Z,กรุงเทพมหานคร,Bangkok,department of highways,ไม่ทราบ,private/passenger car,speeding,rear-end collision,3,0,1,clear,13.73635622,100.6702097,straight road,no slope
7519206,2022-12-05T15:16:00Z,2022-12-29T22:08:00Z,นนทบุรี,Nonthaburi,expressway authority of thailand,บางปะอิน-แจ้งวัฒนะ,4-wheel pickup truck,other,rear-end collision,2,0,0,clear,13.927129,100.553547,wide curve,other
7515260,2022-12-05T16:00:00Z,2022-12-28T13:28:00Z,สมุทรสาคร,Samut Sakhon,department of highways,ไม่ทราบ,private/passenger car,speeding,rear-end collision,2,0,0,clear,13.54289602,100.2408868,straight road,no slope
7559060,2022-12-05T16:00:00Z,2023-01-13T09:25:00Z,กรุงเทพมหานคร,Bangkok,department of highways,ดาวคะนอง -  แสมดำ,private/passenger car,speeding,rear-end collision,2,0,0,clear,13.66592803,100.4451664,straight road,no slope
7519207,2022-12-05T19:05:00Z,2022-12-29T22:08:00Z,นนทบุรี,Nonthaburi,expressway authority of thailand,บางปะอิน-แจ้งวัฒนะ,other,other,rollover/fallen on straight road,1,0,0,clear,13.910073,100.544397,straight road,other
7543596,2022-12-05T20:37:00Z,2023-01-04T00:11:00Z,กรุงเทพมหานคร,Bangkok,expressway authority of thailand,ดาวคะนอง-ท่าเรือ,4-wheel pickup truck,other,rear-end collision,2,0,2,clear,13.67541465,100.5124098,straight road,other
7519208,2022-12-06T07:24:00Z,2022-12-29T22:08:00Z,กรุงเทพมหานคร,Bangkok,expressway authority of thailand,รามอินทรา-วงแหวนรอบนอก,other,other,other,1,0,0,clear,NA,NA,wide curve,other
7457979,2022-12-06T10:48:00Z,2022-12-15T07:40:00Z,กรุงเทพมหานคร,Bangkok,department of highways,ไม่ทราบ,private/passenger car,speeding,rear-end collision,8,0,2,clear,13.76923004,100.6919785,straight road,no slope
7458043,2022-12-06T11:54:00Z,2022-12-15T07:47:00Z,กรุงเทพมหานคร,Bangkok,department of highways,ไม่ทราบ,private/passenger car,speeding,rear-end collision,6,0,1,clear,13.73728638,100.663079,straight road,no slope
7527391,2022-12-06T12:40:00Z,2022-12-31T10:51:00Z,กรุงเทพมหานคร,Bangkok,department of highways,คลองประปา - คันนายาว,private/passenger car,brake/anti-lock brake system failure,rollover/fallen on straight road,1,0,1,clear,13.87909237,100.590426,straight road,no slope
7458026,2022-12-06T12:53:00Z,2022-12-15T08:04:00Z,กรุงเทพมหานคร,Bangkok,department of highways,ไม่ทราบ,large truck with trailer,speeding,rear-end collision,2,0,0,clear,13.76920659,100.6919919,straight road,no slope
7543597,2022-12-06T12:54:00Z,2023-01-04T00:11:00Z,สมุทรปราการ,Samut Prakan,expressway authority of thailand,บางนา-ชลบุรี,other,other,rear-end collision,2,0,0,clear,13.591264,100.822233,straight road,other
7458036,2022-12-06T13:38:00Z,2022-12-15T08:05:00Z,กรุงเทพมหานคร,Bangkok,department of highways,ไม่ทราบ,4-wheel pickup truck,speeding,rear-end collision,2,0,1,clear,13.66042636,100.6945038,straight road,no slope
7458001,2022-12-06T15:00:00Z,2022-12-15T07:43:00Z,ปทุมธานี,Pathum Thani,department of highways,ไม่ทราบ,other,speeding,rollover/fallen on straight road,1,0,0,clear,13.92528485,100.7060158,other,other
7444064,2022-12-06T15:04:00Z,2022-12-08T10:50:00Z,กรุงเทพมหานคร,Bangkok,department of highways,ไม่ทราบ,private/passenger car,speeding,rear-end collision,2,0,0,clear,13.73003899,100.7263422,straight road,no slope
7516996,2022-12-07T10:00:00Z,2022-12-29T09:12:00Z,กรุงเทพมหานคร,Bangkok,department of highways,ไม่ทราบ,other,speeding,rollover/fallen on straight road,1,0,0,clear,13.67108082,100.6990917,straight road,no slope
7458096,2022-12-07T10:07:00Z,2022-12-15T07:49:00Z,กรุงเทพมหานคร,Bangkok,department of highways,ไม่ทราบ,private/passenger car,speeding,rear-end collision,3,0,3,clear,13.88189936,100.6853011,straight road,no slope
7458050,2022-12-07T13:00:00Z,2022-12-15T08:21:00Z,กรุงเทพมหานคร,Bangkok,department of highways,ไม่ทราบ,7-10-wheel truck,speeding,rollover/fallen on straight road,2,0,1,clear,13.73297817,100.6988168,straight road,no slope
7519210,2022-12-07T13:06:00Z,2022-12-29T22:08:00Z,กรุงเทพมหานคร,Bangkok,expressway authority of thailand,ดินแดง-ท่าเรือ,other,other,collision with obstruction (on road surface),1,0,0,clear,NA,NA,other,other
7458006,2022-12-07T14:04:00Z,2022-12-15T07:45:00Z,ปทุมธานี,Pathum Thani,department of highways,ไม่ทราบ,4-wheel pickup truck,speeding,rollover/fallen on straight road,1,0,1,clear,14.13710235,100.6660938,straight road,no slope
7443937,2022-12-07T14:30:00Z,2022-12-08T10:39:00Z,สมุทรปราการ,Samut Prakan,department of highways,ไม่ทราบ,6-wheel truck,speeding,rear-end collision,3,0,0,clear,13.63299529,100.9014486,straight road,no slope
7553545,2022-12-07T16:00:00Z,2023-01-07T11:17:00Z,กรุงเทพมหานคร,Bangkok,department of highways,ดาวคะนอง -  แสมดำ,private/passenger car,speeding,rear-end collision,3,0,1,clear,13.62010474,100.3874592,straight road,no slope
7441276,2022-12-07T18:25:00Z,2022-12-08T09:58:00Z,กรุงเทพมหานคร,Bangkok,department of highways,ไม่ทราบ,private/passenger car,speeding,rear-end collision,2,0,0,clear,13.73052553,100.7218196,straight road,no slope
7553484,2022-12-08T05:05:00Z,2023-01-07T10:51:00Z,สมุทรสาคร,Samut Sakhon,department of highways,แสมดำ - สะพานข้ามแม่น้ำท่าจีนฝั่งตะวันตก,private/passenger car,speeding,rear-end collision,2,0,0,clear,13.5452632,100.257202,straight road,no slope
7564047,2022-12-08T09:00:00Z,2023-01-19T10:07:00Z,นครปฐม,Nakhon Pathom,department of highways,อ้อมน้อย - ศาลายา,other,speeding,rollover/fallen on straight road,1,0,0,clear,13.75789357,100.30107,straight road,no slope
7454016,2022-12-08T10:54:00Z,2022-12-11T08:54:00Z,กรุงเทพมหานคร,Bangkok,department of highways,ไม่ทราบ,private/passenger car,speeding,rear-end collision,2,0,0,clear,13.73263033,100.7059756,straight road,no slope
7543598,2022-12-08T19:06:00Z,2023-01-04T00:11:00Z,กรุงเทพมหานคร,Bangkok,expressway authority of thailand,บางนา-ท่าเรือ,other,other,rear-end collision,2,0,1,clear,13.70934312,100.5837487,straight road,other
7553528,2022-12-08T23:55:00Z,2023-01-07T11:11:00Z,สมุทรสาคร,Samut Sakhon,department of highways,แสมดำ - สะพานข้ามแม่น้ำท่าจีนฝั่งตะวันตก,private/passenger car,speeding,rear-end collision,2,0,0,clear,13.54772402,100.2606402,straight road,no slope
7555406,2022-12-08T23:55:00Z,2023-01-10T15:08:00Z,สมุทรสาคร,Samut Sakhon,department of highways,แสมดำ - สะพานข้ามแม่น้ำท่าจีนฝั่งตะวันตก,private/passenger car,speeding,rear-end collision,2,0,0,clear,13.54568015,100.2580151,straight road,no slope
7445462,2022-12-09T03:09:00Z,2022-12-09T08:41:00Z,ปทุมธานี,Pathum Thani,department of highways,ไม่ทราบ,4-wheel pickup truck,speeding,rollover/fallen on straight road,1,0,1,clear,14.04261273,100.6982133,straight road,no slope
7514966,2022-12-09T08:30:00Z,2022-12-28T13:37:00Z,สมุทรสาคร,Samut Sakhon,department of highways,ไม่ทราบ,large truck with trailer,speeding,collision with obstruction (on road surface),2,0,2,clear,13.53320479,100.2102659,straight road,no slope
7543599,2022-12-09T09:51:00Z,2023-01-04T00:11:00Z,กรุงเทพมหานคร,Bangkok,expressway authority of thailand,ดินแดง-ท่าเรือ,4-wheel pickup truck,other,rear-end collision,6,0,0,clear,13.73961675,100.5507647,straight road,other
7474676,2022-12-09T15:09:00Z,2022-12-20T15:17:00Z,กรุงเทพมหานคร,Bangkok,department of highways,ไม่ทราบ,private/passenger car,speeding,rear-end collision,3,0,2,clear,13.72953827,100.7444879,straight road,no slope
7553504,2022-12-10T01:04:00Z,2023-01-07T11:02:00Z,สมุทรสาคร,Samut Sakhon,department of highways,สะพานข้ามแม่น้ำท่าจีนฝั่งตะวันตก - นาโคก,private/passenger car,speeding,rollover/fallen on straight road,1,0,0,clear,13.51043679,100.1399137,straight road,no slope
7564305,2022-12-10T06:30:00Z,2023-01-19T13:39:00Z,นครปฐม,Nakhon Pathom,department of highways,กระทุ่มล้ม - พุทธมณฑล,4-wheel pickup truck,speeding,rear-end collision,5,0,5,clear,13.7534116,100.3289261,straight road,no slope
7509153,2022-12-10T09:14:00Z,2022-12-26T15:30:00Z,กรุงเทพมหานคร,Bangkok,department of highways,ไม่ทราบ,private/passenger car,speeding,rear-end collision,3,0,0,clear,13.73062285,100.720915,straight road,no slope
7559016,2022-12-10T10:05:00Z,2023-01-13T09:13:00Z,กรุงเทพมหานคร,Bangkok,department of highways,ดินแดง - งามวงศ์วาน,motorcycle,failure to yield/signal,rear-end collision,2,0,2,clear,13.81421757,100.5591206,straight road,no slope
7569247,2022-12-10T15:06:00Z,2023-01-25T10:36:00Z,สมุทรสาคร,Samut Sakhon,department of highways,แสมดำ - สะพานข้ามแม่น้ำท่าจีนฝั่งตะวันตก,4-wheel pickup truck,speeding,other,3,0,2,clear,13.59189299,100.3352874,straight road,no slope
7470898,2022-12-10T15:45:00Z,2022-12-19T14:20:00Z,สมุทรปราการ,Samut Prakan,department of rural roads,สะพานภูมิพลที่ 1 ไปสะพานภูมิพลที่ 2,motorcycle,running red lights/traffic signals,other,1,0,1,clear,13.662518,100.539012,straight road,slope area
7558945,2022-12-10T15:45:00Z,2023-01-13T08:39:00Z,กรุงเทพมหานคร,Bangkok,department of highways,ดินแดง - งามวงศ์วาน,private/passenger car,running red lights/traffic signals,rear-end collision,2,0,1,clear,13.81147557,100.5595148,straight road,no slope
7558991,2022-12-10T16:20:00Z,2023-01-13T09:01:00Z,กรุงเทพมหานคร,Bangkok,department of highways,ดินแดง - งามวงศ์วาน,private/passenger car,speeding,rear-end collision,2,0,2,clear,13.81147557,100.5595148,straight road,no slope
7455680,2022-12-11T06:00:00Z,2022-12-13T10:57:00Z,สมุทรปราการ,Samut Prakan,department of highways,ไม่ทราบ,4-wheel pickup truck,speeding,rollover/fallen on straight road,1,0,0,clear,13.50831211,100.718928,straight road,no slope
7455059,2022-12-11T11:47:00Z,2022-12-12T09:06:00Z,กรุงเทพมหานคร,Bangkok,department of highways,ไม่ทราบ,4-wheel pickup truck,speeding,rear-end collision,2,0,3,clear,13.73281923,100.7018209,straight road,no slope
7511636,2022-12-11T17:30:00Z,2022-12-27T13:14:00Z,กรุงเทพมหานคร,Bangkok,department of highways,ไม่ทราบ,4-wheel pickup truck,running red lights/traffic signals,rear-end collision,2,0,0,clear,13.75359834,100.7463709,straight road,no slope
7519396,2022-12-12T05:15:00Z,2022-12-30T00:12:00Z,ปทุมธานี,Pathum Thani,expressway authority of thailand,บางปะอิน-แจ้งวัฒนะ,7-10-wheel truck,other,rear-end collision,2,0,1,clear,13.961421,100.56709,straight road,other
7457293,2022-12-12T07:30:00Z,2022-12-14T12:06:00Z,กรุงเทพมหานคร,Bangkok,department of highways,ไม่ทราบ,4-wheel pickup truck,speeding,rear-end collision,3,1,1,clear,13.84485508,100.6726009,straight road,no slope
7553476,2022-12-12T10:00:00Z,2023-01-07T10:50:00Z,สมุทรสาคร,Samut Sakhon,department of highways,สะพานข้ามแม่น้ำท่าจีนฝั่งตะวันตก - นาโคก,van,speeding,rear-end collision,2,0,0,clear,13.54340933,100.2454515,straight road,no slope
7455452,2022-12-12T10:50:00Z,2022-12-13T09:44:00Z,ปทุมธานี,Pathum Thani,department of highways,ไม่ทราบ,private/passenger car,speeding,rear-end collision,2,0,0,clear,13.9582582,100.712712,straight road,no slope
7457478,2022-12-12T12:30:00Z,2022-12-14T14:20:00Z,สมุทรปราการ,Samut Prakan,department of highways,ไม่ทราบ,4-wheel pickup truck,speeding,rear-end collision,2,0,0,clear,13.66644873,100.8494123,straight road,no slope
7512339,2022-12-12T15:00:00Z,2022-12-27T14:53:00Z,นนทบุรี,Nonthaburi,department of highways,ไม่ทราบ,large truck with trailer,loss of control,rear-end collision,2,0,0,clear,13.91938462,100.41155,straight road,no slope
7469844,2022-12-12T15:40:00Z,2022-12-19T08:30:00Z,กรุงเทพมหานคร,Bangkok,department of highways,ไม่ทราบ,private/passenger car,speeding,rear-end collision,3,0,2,clear,13.72953827,100.7444879,straight road,no slope
7565523,2022-12-12T16:00:00Z,2023-01-20T11:41:00Z,กรุงเทพมหานคร,Bangkok,department of highways,ดาวคะนอง -  แสมดำ,private/passenger car,vehicle equipment failure,other,1,0,1,clear,13.61398443,100.3814181,straight road,no slope
7561161,2022-12-12T17:11:00Z,2023-01-17T06:14:00Z,กรุงเทพมหานคร,Bangkok,expressway authority of thailand,แจ้งวัฒนะ-พญาไท,other,other,rear-end collision,3,0,0,clear,13.80772072,100.5484626,straight road,other
7519397,2022-12-12T19:59:00Z,2022-12-30T00:12:00Z,นนทบุรี,Nonthaburi,expressway authority of thailand,บางปะอิน-แจ้งวัฒนะ,4-wheel pickup truck,other,rear-end collision,2,0,0,clear,13.91193174,100.5442963,straight road,other
7455396,2022-12-12T20:43:00Z,2022-12-13T09:31:00Z,ปทุมธานี,Pathum Thani,department of highways,ไม่ทราบ,private/passenger car,speeding,rollover/fallen on straight road,1,0,2,clear,14.04723003,100.6984587,straight road,no slope
7457122,2022-12-13T01:29:00Z,2022-12-14T10:05:00Z,ปทุมธานี,Pathum Thani,department of highways,ไม่ทราบ,4-wheel pickup truck,falling asleep,rollover/fallen on straight road,1,0,0,clear,13.97645251,100.713243,straight road,no slope
7543600,2022-12-13T03:30:00Z,2023-01-04T00:11:00Z,กรุงเทพมหานคร,Bangkok,expressway authority of thailand,บางนา-ชลบุรี,other,other,other,1,0,1,clear,NA,NA,straight road,other
7455361,2022-12-13T06:30:00Z,2022-12-13T09:14:00Z,กรุงเทพมหานคร,Bangkok,department of highways,ไม่ทราบ,4-wheel pickup truck,speeding,rear-end collision,2,0,1,clear,13.82545757,100.6743188,straight road,no slope
7559000,2022-12-13T08:00:00Z,2023-01-13T09:09:00Z,กรุงเทพมหานคร,Bangkok,department of highways,ดินแดง - งามวงศ์วาน,private/passenger car,speeding,rear-end collision,2,0,2,clear,13.77929553,100.5565128,straight road,no slope
7474708,2022-12-13T09:40:00Z,2022-12-20T14:27:00Z,นนทบุรี,Nonthaburi,department of highways,ไม่ทราบ,other,speeding,rollover/fallen on straight road,1,0,0,clear,13.94342318,100.4277273,straight road,no slope
7512256,2022-12-13T10:30:00Z,2022-12-27T14:51:00Z,นนทบุรี,Nonthaburi,department of highways,ไม่ทราบ,private/passenger car,loss of control,rollover/fallen on straight road,1,0,0,clear,13.97734259,100.437565,straight road,no slope
7458218,2022-12-13T11:13:00Z,2022-12-15T09:57:00Z,สมุทรปราการ,Samut Prakan,department of highways,ไม่ทราบ,4-wheel pickup truck,speeding,rollover/fallen on straight road,1,0,0,clear,13.67415357,100.8381865,straight road,no slope
7515296,2022-12-13T13:20:00Z,2022-12-28T13:30:00Z,สมุทรสาคร,Samut Sakhon,department of highways,ไม่ทราบ,4-wheel pickup truck,speeding,rollover/fallen on straight road,1,0,0,clear,13.52351604,100.1815397,straight road,no slope
7553544,2022-12-13T17:35:00Z,2023-01-07T11:18:00Z,กรุงเทพมหานคร,Bangkok,department of highways,ดาวคะนอง -  แสมดำ,motorcycle,speeding,rear-end collision,2,0,1,clear,13.67044425,100.4526463,straight road,no slope
7567866,2022-12-13T18:40:00Z,2023-01-24T06:54:00Z,นครปฐม,Nakhon Pathom,department of highways,นครชัยศรี - พระประโทน,7-10-wheel truck,speeding,rollover/fallen on straight road,1,0,0,clear,13.80575759,100.1552497,straight road,no slope
7472434,2022-12-13T21:30:00Z,2022-12-20T07:36:00Z,สมุทรปราการ,Samut Prakan,department of rural roads,สะพานภูมิพลที่ 1 ไปสะพานภูมิพลที่ 2,private/passenger car,running red lights/traffic signals,other,2,0,2,clear,13.662518,100.539012,straight road,slope area
7519400,2022-12-13T22:33:00Z,2022-12-30T00:12:00Z,สมุทรปราการ,Samut Prakan,expressway authority of thailand,บางพลี-สุขสวัสดิ์,other,other,rear-end collision,2,0,0,clear,13.624149,100.600689,straight road,other
7458190,2022-12-14T05:32:00Z,2022-12-15T10:01:00Z,กรุงเทพมหานคร,Bangkok,department of highways,ไม่ทราบ,4-wheel pickup truck,speeding,other,1,0,0,clear,13.73308923,100.7924211,straight road,no slope
7559005,2022-12-14T06:40:00Z,2023-01-13T09:07:00Z,กรุงเทพมหานคร,Bangkok,department of highways,คลองพระยาสุเรนทร์ - ประเวศ,passenger pickup truck,speeding,rear-end collision,2,0,3,clear,13.85615301,100.6750652,straight road,no slope
7519402,2022-12-14T08:43:00Z,2022-12-30T00:12:00Z,กรุงเทพมหานคร,Bangkok,expressway authority of thailand,บางพลี-สุขสวัสดิ์,other,other,collision with obstruction (on road surface),1,0,0,clear,NA,NA,other,other
7512862,2022-12-14T09:00:00Z,2022-12-27T14:49:00Z,นนทบุรี,Nonthaburi,department of highways,ไม่ทราบ,private/passenger car,dangerous curve,rollover/fallen on curved road,1,0,0,clear,13.92726947,100.4139109,wide curve,no slope
7457451,2022-12-14T09:53:00Z,2022-12-14T14:00:00Z,กรุงเทพมหานคร,Bangkok,department of highways,ไม่ทราบ,private/passenger car,speeding,rear-end collision,3,0,0,clear,13.90272676,100.6956759,straight road,no slope
7458233,2022-12-14T10:14:00Z,2022-12-15T09:55:00Z,กรุงเทพมหานคร,Bangkok,department of highways,ไม่ทราบ,4-wheel pickup truck,speeding,rear-end collision,2,0,0,clear,13.65883779,100.6933504,straight road,no slope
7558993,2022-12-14T11:00:00Z,2023-01-13T09:00:00Z,กรุงเทพมหานคร,Bangkok,department of highways,ดินแดง - งามวงศ์วาน,motorcycle,speeding,rear-end collision,2,0,1,clear,13.79641008,100.5610619,straight road,no slope
7509143,2022-12-14T14:50:00Z,2022-12-26T15:49:00Z,สมุทรปราการ,Samut Prakan,department of highways,ไม่ทราบ,4-wheel pickup truck,speeding,rear-end collision,2,0,0,clear,13.67137576,100.8417647,straight road,no slope
7559431,2022-12-14T15:51:00Z,2023-01-13T14:34:00Z,สมุทรปราการ,Samut Prakan,department of highways,บางนา - ทางเข้าท่าอากาศยานสุวรรณภูมิ,motorcycle,speeding,rear-end collision,2,0,1,clear,13.65662629,100.6690818,straight road,no slope
7554235,2022-12-14T19:00:00Z,2023-01-09T09:13:00Z,กรุงเทพมหานคร,Bangkok,department of highways,อรุณอมรินทร์ - พุทธมณฑลสาย 4,6-wheel truck,cutting in closely by people/vehicles/animals,rear-end collision,3,2,1,clear,13.78812427,100.3598338,straight road,no slope
7458164,2022-12-14T20:07:00Z,2022-12-15T09:53:00Z,ปทุมธานี,Pathum Thani,department of highways,ไม่ทราบ,private/passenger car,speeding,rear-end collision,2,0,0,clear,14.04175666,100.6984104,straight road,no slope
7561142,2022-12-14T21:17:00Z,2023-01-17T05:52:00Z,กรุงเทพมหานคร,Bangkok,expressway authority of thailand,แจ้งวัฒนะ-พญาไท,other,other,rollover/fallen on straight road,2,0,1,clear,13.82594498,100.5448735,straight road,other
7541186,2022-12-14T21:30:00Z,2023-01-03T07:50:00Z,ปทุมธานี,Pathum Thani,department of highways,ปทุมธานี - ท้ายเกาะ,4-wheel pickup truck,cutting in closely by people/vehicles/animals,rear-end collision,3,0,2,clear,14.06407461,100.5236073,straight road,no slope
7553529,2022-12-15T00:10:00Z,2023-01-07T11:14:00Z,สมุทรสาคร,Samut Sakhon,department of highways,แสมดำ - สะพานข้ามแม่น้ำท่าจีนฝั่งตะวันตก,4-wheel pickup truck,speeding,pedestrian collision,1,0,1,clear,13.57060088,100.2892603,straight road,no slope
7469882,2022-12-15T07:30:00Z,2022-12-19T08:49:00Z,ปทุมธานี,Pathum Thani,department of highways,ไม่ทราบ,4-wheel pickup truck,speeding,rollover/fallen on straight road,1,0,1,clear,13.95094233,100.7127562,straight road,no slope
7469865,2022-12-15T07:45:00Z,2022-12-19T08:52:00Z,กรุงเทพมหานคร,Bangkok,department of highways,ไม่ทราบ,4-wheel pickup truck,speeding,rear-end collision,2,0,0,clear,13.82464366,100.6755044,wide curve,slope area
7459441,2022-12-15T09:09:00Z,2022-12-16T09:42:00Z,กรุงเทพมหานคร,Bangkok,department of highways,ไม่ทราบ,4-wheel pickup truck,speeding,rear-end collision,2,0,0,clear,13.86905542,100.67843740000001,straight road,no slope
7458288,2022-12-15T09:43:00Z,2022-12-15T10:46:00Z,กรุงเทพมหานคร,Bangkok,department of highways,ไม่ทราบ,4-wheel pickup truck,speeding,rear-end collision,2,0,0,clear,13.73887051,100.6537704,straight road,no slope
7519407,2022-12-15T10:06:00Z,2022-12-30T00:12:00Z,กรุงเทพมหานคร,Bangkok,expressway authority of thailand,หมอชิต-กาญจนาฯ,other,other,collision with obstruction (on road surface),2,0,0,clear,13.821474,100.537512,straight road,other
7472432,2022-12-15T10:50:00Z,2022-12-20T07:37:00Z,สมุทรปราการ,Samut Prakan,department of rural roads,ทางเข้าถนนปู่เจ้าสมิงพรายสู่ถนนวงแหวนอุตสาหกรรม,passenger pickup truck,speeding,other,1,0,1,clear,13.648840999999999,100.54066,wide curve,slope area
7459360,2022-12-15T11:22:00Z,2022-12-16T09:04:00Z,กรุงเทพมหานคร,Bangkok,department of highways,ไม่ทราบ,van,speeding,rear-end collision,2,0,0,clear,13.8892734,100.6889114,straight road,no slope
7553540,2022-12-15T11:47:00Z,2023-01-07T11:19:00Z,กรุงเทพมหานคร,Bangkok,department of highways,ดาวคะนอง -  แสมดำ,motorcycle,speeding,rear-end collision,2,0,1,clear,13.68040409,100.4717751,straight road,no slope
7553526,2022-12-15T14:10:00Z,2023-01-07T11:13:00Z,สมุทรสาคร,Samut Sakhon,department of highways,แสมดำ - สะพานข้ามแม่น้ำท่าจีนฝั่งตะวันตก,private/passenger car,speeding,rear-end collision,2,0,1,clear,13.57144179,100.2908836,straight road,no slope
7514558,2022-12-15T15:20:00Z,2022-12-28T10:33:00Z,กรุงเทพมหานคร,Bangkok,department of highways,ไม่ทราบ,4-wheel pickup truck,speeding,other,1,0,0,clear,13.73272074,100.7888009,straight road,no slope
7513774,2022-12-15T15:37:00Z,2022-12-28T06:21:00Z,กรุงเทพมหานคร,Bangkok,department of highways,ไม่ทราบ,private/passenger car,speeding,rear-end collision,3,0,0,clear,13.73110961,100.7163925,straight road,no slope
7472219,2022-12-15T18:08:00Z,2022-12-19T15:49:00Z,กรุงเทพมหานคร,Bangkok,department of highways,ไม่ทราบ,private/passenger car,speeding,rear-end collision,3,0,0,clear,13.73371632,100.7978434,straight road,no slope
7459489,2022-12-15T20:35:00Z,2022-12-16T09:50:00Z,ปทุมธานี,Pathum Thani,department of highways,ไม่ทราบ,private/passenger car,speeding,rear-end collision,3,0,0,clear,14.06626677,100.6965959,straight road,no slope
7519403,2022-12-15T22:35:00Z,2022-12-30T00:12:00Z,กรุงเทพมหานคร,Bangkok,expressway authority of thailand,บางนา-ชลบุรี,other,other,collision with obstruction (on road surface),1,0,0,clear,NA,NA,straight road,other
7543602,2022-12-16T04:38:00Z,2023-01-04T00:11:00Z,กรุงเทพมหานคร,Bangkok,expressway authority of thailand,บางนา-ท่าเรือ,other,other,collision with obstruction (on road surface),1,0,0,clear,NA,NA,straight road,other
7556665,2022-12-16T06:15:00Z,2023-01-11T14:24:00Z,นครปฐม,Nakhon Pathom,department of highways,บางเลน - ลำลูกบัว,large truck with trailer,speeding,rear-end collision,2,0,2,clear,14.02688918,100.1358804,straight road,no slope
7514399,2022-12-16T06:45:00Z,2022-12-28T11:54:00Z,สมุทรปราการ,Samut Prakan,department of highways,ไม่ทราบ,private/passenger car,speeding,rollover/fallen on straight road,1,0,0,clear,13.62414624,100.9152268,straight road,no slope
7559415,2022-12-16T09:52:00Z,2023-01-13T14:26:00Z,สมุทรปราการ,Samut Prakan,department of highways,บางพลี - กิ่งแก้ว,private/passenger car,speeding,rear-end collision,2,0,1,clear,13.6462631,100.713868,straight road,no slope
7513755,2022-12-16T13:08:00Z,2022-12-28T06:05:00Z,สมุทรปราการ,Samut Prakan,department of highways,ไม่ทราบ,4-wheel pickup truck,speeding,rollover/fallen on straight road,1,0,0,clear,13.67236123,100.8402351,straight road,no slope
7559371,2022-12-16T17:00:00Z,2023-01-13T13:57:00Z,ปทุมธานี,Pathum Thani,department of highways,วัดนาบุญ - คลอง 14,7-10-wheel truck,cutting in closely by people/vehicles/animals,rear-end collision,2,0,1,clear,14.0423231,100.7937447,straight road,no slope
7559418,2022-12-16T17:19:00Z,2023-01-13T14:26:00Z,สมุทรปราการ,Samut Prakan,department of highways,บางพลี - กิ่งแก้ว,private/passenger car,speeding,rear-end collision,2,0,1,clear,13.68794766,100.7281856,straight road,no slope
7569242,2022-12-16T21:00:00Z,2023-01-25T10:34:00Z,สมุทรสาคร,Samut Sakhon,department of highways,แสมดำ - สะพานข้ามแม่น้ำท่าจีนฝั่งตะวันตก,large truck with trailer,speeding,other,3,0,0,clear,13.59308598,100.3423069,straight road,no slope
7554833,2022-12-16T21:30:00Z,2023-01-09T16:38:00Z,กรุงเทพมหานคร,Bangkok,department of highways,ดินแดง - งามวงศ์วาน,private/passenger car,speeding,rear-end collision,2,0,0,clear,13.80470276,100.5602087,straight road,no slope
7460443,2022-12-17T00:35:00Z,2022-12-17T09:41:00Z,กรุงเทพมหานคร,Bangkok,department of highways,ไม่ทราบ,private/passenger car,speeding,rear-end collision,2,0,1,clear,13.76598012,100.6935436,straight road,no slope
7553483,2022-12-17T10:10:00Z,2023-01-07T10:53:00Z,สมุทรสาคร,Samut Sakhon,department of highways,สะพานข้ามแม่น้ำท่าจีนฝั่งตะวันตก - นาโคก,motorcycle,speeding,rear-end collision,2,0,1,clear,13.53716698,100.2220183,straight road,no slope
7513685,2022-12-17T10:28:00Z,2022-12-28T05:58:00Z,ปทุมธานี,Pathum Thani,department of highways,ไม่ทราบ,private/passenger car,speeding,rear-end collision,3,0,0,clear,13.95821656,100.7127066,straight road,no slope
7513037,2022-12-17T10:30:00Z,2022-12-27T18:39:00Z,กรุงเทพมหานคร,Bangkok,department of highways,ไม่ทราบ,other,speeding,rollover/fallen on straight road,1,0,0,clear,13.73310584,100.6998119,straight road,no slope
7472099,2022-12-17T11:57:00Z,2022-12-19T14:24:00Z,สมุทรปราการ,Samut Prakan,department of highways,ไม่ทราบ,large truck with trailer,speeding,rollover/fallen on straight road,1,0,0,clear,13.62168816,100.9190541,straight road,no slope
7565239,2022-12-17T14:20:00Z,2023-01-20T09:33:00Z,กรุงเทพมหานคร,Bangkok,department of highways,ดาวคะนอง -  แสมดำ,4-wheel pickup truck,cutting in closely by people/vehicles/animals,rear-end collision,2,0,0,clear,13.61594504,100.3777644,other,other
7513701,2022-12-17T17:08:00Z,2022-12-28T06:02:00Z,สมุทรปราการ,Samut Prakan,department of highways,ไม่ทราบ,private/passenger car,speeding,rear-end collision,2,0,0,clear,13.665956,100.8501771,straight road,no slope
7513681,2022-12-17T17:40:00Z,2022-12-28T06:00:00Z,กรุงเทพมหานคร,Bangkok,department of highways,ไม่ทราบ,4-wheel pickup truck,speeding,rear-end collision,2,0,0,clear,13.72732019,100.7016237,straight road,no slope
7513725,2022-12-17T18:30:00Z,2022-12-28T06:01:00Z,กรุงเทพมหานคร,Bangkok,department of highways,ไม่ทราบ,4-wheel pickup truck,speeding,rear-end collision,3,0,0,clear,13.65857455,100.6931815,straight road,no slope
7543603,2022-12-17T20:15:00Z,2023-01-04T00:11:00Z,กรุงเทพมหานคร,Bangkok,expressway authority of thailand,อาจณรงค์-บางนา,van,other,side collision,2,0,2,clear,13.69617,100.594813,straight road,other
7553548,2022-12-17T21:21:00Z,2023-01-07T11:19:00Z,กรุงเทพมหานคร,Bangkok,department of highways,ดาวคะนอง -  แสมดำ,motorcycle,speeding,rollover/fallen on straight road,1,0,1,clear,13.63904817,100.4062334,straight road,no slope
7543604,2022-12-17T23:20:00Z,2023-01-04T00:11:00Z,สมุทรปราการ,Samut Prakan,expressway authority of thailand,บางพลี-สุขสวัสดิ์,large truck with trailer,other,rear-end collision,2,0,1,clear,13.635606,100.543891,straight road,other
7519411,2022-12-18T07:40:00Z,2022-12-30T00:12:00Z,นนทบุรี,Nonthaburi,expressway authority of thailand,แจ้งวัฒนะ-พญาไท,other,other,collision with obstruction (on road surface),1,0,0,clear,13.87425146,100.5357613,straight road,other
7553567,2022-12-18T10:22:00Z,2023-01-07T11:20:00Z,กรุงเทพมหานคร,Bangkok,department of highways,ดาวคะนอง -  แสมดำ,motorcycle,speeding,rear-end collision,2,0,1,clear,13.62207193,100.389394,straight road,no slope
7551860,2022-12-18T10:54:00Z,2023-01-05T15:37:00Z,สมุทรสาคร,Samut Sakhon,department of highways,แสมดำ - สะพานข้ามแม่น้ำท่าจีนฝั่งตะวันตก,4-wheel pickup truck,speeding,rear-end collision,2,0,0,clear,13.60249259,100.3700521,straight road,no slope
7564182,2022-12-18T12:55:00Z,2023-01-19T11:00:00Z,สมุทรสาคร,Samut Sakhon,department of highways,แสมดำ - สะพานข้ามแม่น้ำท่าจีนฝั่งตะวันตก,4-wheel pickup truck,worn-out/tire blowout,other,1,0,2,clear,13.57944057,100.3062971,other,other
7474726,2022-12-18T14:00:00Z,2022-12-20T14:29:00Z,นนทบุรี,Nonthaburi,department of highways,ไม่ทราบ,7-10-wheel truck,speeding,rollover/fallen on straight road,1,0,0,clear,13.9532716,100.4744525,straight road,no slope
7556313,2022-12-18T15:15:00Z,2023-01-11T12:00:00Z,สมุทรสาคร,Samut Sakhon,department of highways,บ้านบ่อ - พระประโทน,4-wheel pickup truck,speeding,rear-end collision,2,0,3,clear,13.53365166,100.1790239,straight road,no slope
7519412,2022-12-18T15:45:00Z,2022-12-30T00:12:00Z,ปทุมธานี,Pathum Thani,expressway authority of thailand,บางปะอิน-แจ้งวัฒนะ,other,other,collision with obstruction (on road surface),1,0,5,clear,13.981469,100.570515,straight road,other
7559004,2022-12-18T21:30:00Z,2023-01-13T09:06:00Z,กรุงเทพมหานคร,Bangkok,department of highways,ดินแดง - งามวงศ์วาน,private/passenger car,speeding,rear-end collision,2,0,1,clear,13.80847807,100.5597934,straight road,no slope
7511168,2022-12-19T02:45:00Z,2022-12-27T10:28:00Z,ปทุมธานี,Pathum Thani,department of highways,ไม่ทราบ,4-wheel pickup truck,worn-out/tire blowout,rollover/fallen on straight road,1,0,0,clear,14.12350664,100.6737006,straight road,no slope
7477889,2022-12-19T06:55:00Z,2022-12-22T10:49:00Z,กรุงเทพมหานคร,Bangkok,department of highways,ไม่ทราบ,private/passenger car,speeding,rear-end collision,2,0,1,clear,13.71248216,100.7002544,straight road,no slope
7551855,2022-12-19T07:59:00Z,2023-01-05T15:28:00Z,สมุทรสาคร,Samut Sakhon,department of highways,แสมดำ - สะพานข้ามแม่น้ำท่าจีนฝั่งตะวันตก,private/passenger car,speeding,rear-end collision,5,0,0,clear,13.5881135,100.3254011,straight road,no slope
7544486,2022-12-19T09:05:00Z,2023-01-04T14:47:00Z,กรุงเทพมหานคร,Bangkok,department of highways,แขวงรามอินทรา - บางพลี,6-wheel truck,speeding,rear-end collision,3,0,2,clear,13.73189427,100.7025813,straight road,no slope
7513834,2022-12-19T10:13:00Z,2022-12-28T06:52:00Z,ปทุมธานี,Pathum Thani,department of highways,ไม่ทราบ,other,speeding,rollover/fallen on straight road,1,0,0,clear,14.12169755,100.6749545,straight road,no slope
7513765,2022-12-19T10:46:00Z,2022-12-28T06:12:00Z,ปทุมธานี,Pathum Thani,department of highways,ไม่ทราบ,4-wheel pickup truck,speeding,other,1,0,0,clear,13.99591315,100.7103057,wide curve,no slope
7555461,2022-12-19T12:40:00Z,2023-01-10T16:28:00Z,กรุงเทพมหานคร,Bangkok,department of highways,ดินแดง - งามวงศ์วาน,motorcycle,speeding,rear-end collision,2,0,1,clear,13.79978106,100.5606883,straight road,no slope
7553561,2022-12-19T13:47:00Z,2023-01-07T11:21:00Z,กรุงเทพมหานคร,Bangkok,department of highways,ดาวคะนอง -  แสมดำ,private/passenger car,speeding,rear-end collision,2,0,1,clear,13.66378875,100.4416233,straight road,no slope
7476698,2022-12-19T14:00:00Z,2022-12-21T12:08:00Z,กรุงเทพมหานคร,Bangkok,department of rural roads,สะพานภูมิพลที่ 2 ไปสะพานภูมิพลที่ 1,4-wheel pickup truck,sudden stop,other,2,0,0,clear,13.685052,100.544379,straight road,no slope
7513749,2022-12-19T18:37:00Z,2022-12-28T06:15:00Z,ปทุมธานี,Pathum Thani,department of highways,ไม่ทราบ,4-wheel pickup truck,speeding,rollover/fallen on straight road,1,0,0,clear,14.04356898,100.6984761,straight road,no slope
7553565,2022-12-19T22:05:00Z,2023-01-07T11:21:00Z,กรุงเทพมหานคร,Bangkok,department of highways,ดาวคะนอง -  แสมดำ,motorcycle,speeding,rollover/fallen on straight road,1,0,1,clear,13.67853253,100.4661415,straight road,no slope
7541220,2022-12-20T01:05:00Z,2023-01-03T08:02:00Z,สมุทรสาคร,Samut Sakhon,department of highways,อ้อมน้อย - สมุทรสาคร,private/passenger car,speeding,rear-end collision,2,0,2,clear,13.63004536,100.294787,straight road,no slope
7559420,2022-12-20T04:15:00Z,2023-01-13T14:27:00Z,สมุทรปราการ,Samut Prakan,department of highways,บางพลี - กิ่งแก้ว,passenger pickup truck,speeding,rear-end collision,2,0,2,clear,13.69845755,100.7325268,other,other
7479403,2022-12-20T06:22:00Z,2022-12-23T07:52:00Z,สมุทรปราการ,Samut Prakan,department of rural roads,สะพานภูมิพลที่ 2 ไปสะพานภูมิพลที่ 1,private/passenger car,sudden stop,other,3,0,0,clear,13.667801,100.538277,straight road,slope area
7519415,2022-12-20T07:17:00Z,2022-12-30T00:12:00Z,กรุงเทพมหานคร,Bangkok,expressway authority of thailand,บางนา-ชลบุรี,other,other,collision with obstruction (on road surface),1,0,0,clear,NA,NA,straight road,other
7543607,2022-12-20T07:22:00Z,2023-01-04T00:11:00Z,สมุทรปราการ,Samut Prakan,expressway authority of thailand,บางนา-ชลบุรี,other,other,rear-end collision,2,0,1,clear,13.594927,100.804283,straight road,other
7541200,2022-12-20T09:40:00Z,2023-01-03T07:57:00Z,สมุทรปราการ,Samut Prakan,department of highways,ทางเข้าท่าอากาศยานสุวรรณภูมิ - บางวัว,4-wheel pickup truck,speeding,rear-end collision,5,0,0,clear,13.61239973,100.7565996,straight road,no slope
7553542,2022-12-20T09:45:00Z,2023-01-07T11:15:00Z,กรุงเทพมหานคร,Bangkok,department of highways,บางนา - ทางเข้าท่าอากาศยานสุวรรณภูมิ,4-wheel pickup truck,speeding,rear-end collision,2,0,1,clear,13.67337167,100.6068747,straight road,no slope
7513771,2022-12-20T11:15:00Z,2022-12-28T06:19:00Z,กรุงเทพมหานคร,Bangkok,department of highways,ไม่ทราบ,7-10-wheel truck,speeding,rear-end collision,2,0,0,clear,13.91270231,100.7011339,straight road,no slope
7559428,2022-12-20T13:50:00Z,2023-01-13T14:31:00Z,สมุทรปราการ,Samut Prakan,department of highways,บางนา - ทางเข้าท่าอากาศยานสุวรรณภูมิ,motorcycle,speeding,rear-end collision,2,1,0,clear,13.63898697,100.7018785,straight road,no slope
7476811,2022-12-20T14:56:00Z,2022-12-21T11:57:00Z,กรุงเทพมหานคร,Bangkok,department of highways,ไม่ทราบ,other,other,other,0,0,0,other,13.84953475,100.6383492,other,other
7544092,2022-12-20T15:00:00Z,2023-01-04T08:04:00Z,กรุงเทพมหานคร,Bangkok,department of highways,แขวงคลองสองต้นนุ่น - พิมพา,4-wheel pickup truck,speeding,rear-end collision,2,0,0,clear,13.73215537,100.7797284,straight road,no slope
7513844,2022-12-20T15:30:00Z,2022-12-28T06:58:00Z,กรุงเทพมหานคร,Bangkok,department of highways,ไม่ทราบ,large truck with trailer,speeding,rollover/fallen on straight road,1,0,0,clear,13.73170276,100.7044038,other,other
7558998,2022-12-20T16:10:00Z,2023-01-13T09:05:00Z,กรุงเทพมหานคร,Bangkok,department of highways,ดินแดง - งามวงศ์วาน,private/passenger car,speeding,rear-end collision,3,0,0,clear,13.77078052,100.5517106,straight road,no slope
7544482,2022-12-20T16:58:00Z,2023-01-04T14:46:00Z,กรุงเทพมหานคร,Bangkok,department of highways,ถนนศรีนครินทร - แขวงคลองสองต้นนุ่น,private/passenger car,speeding,rear-end collision,4,0,2,clear,13.73194117,100.7099158,straight road,no slope
7553492,2022-12-20T17:00:00Z,2023-01-07T10:55:00Z,สมุทรสาคร,Samut Sakhon,department of highways,สะพานข้ามแม่น้ำท่าจีนฝั่งตะวันตก - นาโคก,private/passenger car,cutting in closely by people/vehicles/animals,rear-end collision,3,0,1,clear,13.53994794,100.2302892,straight road,no slope
7513782,2022-12-20T18:40:00Z,2022-12-28T06:26:00Z,กรุงเทพมหานคร,Bangkok,department of highways,ไม่ทราบ,4-wheel pickup truck,speeding,rollover/fallen on straight road,1,0,0,clear,13.9046925,100.6968655,straight road,no slope
7476177,2022-12-20T19:19:00Z,2022-12-21T09:10:00Z,กรุงเทพมหานคร,Bangkok,department of highways,ไม่ทราบ,private/passenger car,speeding,rear-end collision,4,0,0,clear,13.9160674,100.7027274,straight road,no slope
7519414,2022-12-20T19:30:00Z,2022-12-30T00:12:00Z,กรุงเทพมหานคร,Bangkok,expressway authority of thailand,พญาไท-บางโคล่,other,other,side collision,2,0,0,clear,13.70057989,100.5197796,wide curve,other
7554254,2022-12-21T00:30:00Z,2023-01-09T09:20:00Z,สมุทรสาคร,Samut Sakhon,department of highways,บ้านบ่อ - พระประโทน,4-wheel pickup truck,speeding,rollover/fallen on straight road,1,0,1,clear,13.54198304,100.1677206,straight road,no slope
7478423,2022-12-21T01:33:00Z,2022-12-22T14:34:00Z,กรุงเทพมหานคร,Bangkok,department of highways,ไม่ทราบ,private/passenger car,speeding,rear-end collision,3,0,0,clear,13.73612694,100.6729697,straight road,no slope
7553495,2022-12-21T08:49:00Z,2023-01-07T10:59:00Z,สมุทรสาคร,Samut Sakhon,department of highways,แสมดำ - สะพานข้ามแม่น้ำท่าจีนฝั่งตะวันตก,private/passenger car,falling asleep,rear-end collision,2,0,2,clear,13.58961521,100.3292301,straight road,no slope
7559425,2022-12-21T09:00:00Z,2023-01-13T14:29:00Z,สมุทรปราการ,Samut Prakan,department of highways,บางพลี - กิ่งแก้ว,motorcycle,cutting in closely by people/vehicles/animals,rear-end collision,2,0,1,clear,13.69880413,100.7326448,straight road,no slope
7543609,2022-12-21T09:47:00Z,2023-01-04T00:11:00Z,สมุทรปราการ,Samut Prakan,expressway authority of thailand,บางพลี-สุขสวัสดิ์,4-wheel pickup truck,other,rear-end collision,3,0,0,clear,13.632193,100.578315,straight road,other
7476920,2022-12-21T11:21:00Z,2022-12-21T11:31:00Z,กรุงเทพมหานคร,Bangkok,department of highways,ไม่ทราบ,other,other,other,0,0,0,other,13.8489624,100.6377826,other,other
7476799,2022-12-21T11:55:00Z,2022-12-21T11:55:00Z,กรุงเทพมหานคร,Bangkok,department of highways,ไม่ทราบ,other,other,other,0,0,0,other,13.84953475,100.6383492,other,other
7512615,2022-12-21T12:00:00Z,2022-12-27T15:01:00Z,สมุทรปราการ,Samut Prakan,department of highways,ไม่ทราบ,large truck with trailer,speeding,rollover/fallen on straight road,1,0,0,clear,13.63825586,100.7030629,straight road,no slope
7513941,2022-12-21T19:10:00Z,2022-12-28T09:29:00Z,กรุงเทพมหานคร,Bangkok,department of highways,ไม่ทราบ,large truck with trailer,speeding,other,1,0,1,clear,13.7294501,100.7408501,wide curve,no slope
7509094,2022-12-21T19:32:00Z,2022-12-26T14:29:00Z,กรุงเทพมหานคร,Bangkok,department of highways,ไม่ทราบ,private/passenger car,speeding,rear-end collision,2,0,0,clear,13.72927412,100.7344846,straight road,no slope
7519417,2022-12-21T19:32:00Z,2022-12-30T00:12:00Z,กรุงเทพมหานคร,Bangkok,expressway authority of thailand,รามอินทรา-อาจณรงค์,4-wheel pickup truck,other,rear-end collision,3,0,0,clear,13.812503,100.620838,straight road,other
7543608,2022-12-21T22:36:00Z,2023-01-04T00:11:00Z,กรุงเทพมหานคร,Bangkok,expressway authority of thailand,รามอินทรา-อาจณรงค์,4-wheel pickup truck,other,other,2,0,1,clear,13.769256,100.603785,grade-separated intersection/ramps,other
7553524,2022-12-22T01:30:00Z,2023-01-07T11:10:00Z,สมุทรสาคร,Samut Sakhon,department of highways,สมุทรสาคร - บางบอน,4-wheel pickup truck,speeding,rollover/fallen on straight road,1,0,0,clear,13.5569791,100.2885541,straight road,no slope
7558966,2022-12-22T02:14:00Z,2023-01-13T08:45:00Z,กรุงเทพมหานคร,Bangkok,department of highways,ดินแดง - งามวงศ์วาน,private/passenger car,speeding,rear-end collision,2,0,0,clear,13.80877404,100.5597551,straight road,no slope
7477689,2022-12-22T07:47:00Z,2022-12-22T09:00:00Z,ปทุมธานี,Pathum Thani,department of highways,ไม่ทราบ,private/passenger car,speeding,rear-end collision,3,0,0,clear,14.13633506,100.6665136,straight road,no slope
7553569,2022-12-22T08:00:00Z,2023-01-07T11:22:00Z,กรุงเทพมหานคร,Bangkok,department of highways,ดาวคะนอง -  แสมดำ,motorcycle,speeding,rear-end collision,2,0,1,clear,13.6839626,100.4855005,straight road,no slope
7512960,2022-12-22T08:15:00Z,2022-12-27T14:53:00Z,กรุงเทพมหานคร,Bangkok,department of highways,ไม่ทราบ,private/passenger car,speeding,rear-end collision,8,0,0,clear,13.91418117,100.7017028,straight road,no slope
7551907,2022-12-22T09:50:00Z,2023-01-05T17:12:00Z,สมุทรสาคร,Samut Sakhon,department of highways,สะพานข้ามแม่น้ำท่าจีนฝั่งตะวันตก - นาโคก,7-10-wheel truck,vehicle equipment failure,rollover/fallen on straight road,1,0,0,clear,13.48901577,100.1218528,straight road,no slope
7553837,2022-12-22T10:00:00Z,2023-01-07T16:05:00Z,สมุทรปราการ,Samut Prakan,department of highways,บางนา - ทางเข้าท่าอากาศยานสุวรรณภูมิ,private/passenger car,speeding,other,1,0,0,clear,13.6553661,100.672617,other,other
7543610,2022-12-22T18:04:00Z,2023-01-04T00:11:00Z,สมุทรปราการ,Samut Prakan,expressway authority of thailand,บางนา-ชลบุรี,other,other,rear-end collision,2,0,0,clear,13.628094,100.721312,y-intersection,other
7553560,2022-12-22T18:30:00Z,2023-01-07T11:23:00Z,กรุงเทพมหานคร,Bangkok,department of highways,ดาวคะนอง -  แสมดำ,motorcycle,speeding,rear-end collision,2,0,1,clear,13.6462517,100.4157723,straight road,no slope
7568948,2022-12-22T18:38:00Z,2023-01-25T07:06:00Z,กรุงเทพมหานคร,Bangkok,department of highways,แขวงรามอินทรา - บางพลี,4-wheel pickup truck,speeding,rear-end collision,2,0,1,clear,13.79024076,100.6832747,straight road,no slope
7508795,2022-12-22T19:35:00Z,2022-12-26T13:39:00Z,สมุทรปราการ,Samut Prakan,department of rural roads,สะพานภูมิพลที่ 2 ไปสะพานภูมิพลที่ 1,motorcycle,speeding,other,2,0,1,clear,13.660304,100.539304,straight road,slope area
7555319,2022-12-22T20:30:00Z,2023-01-10T12:18:00Z,กรุงเทพมหานคร,Bangkok,department of highways,ดินแดง - งามวงศ์วาน,motorcycle,speeding,rear-end collision,3,0,1,clear,13.82209383,100.5582798,straight road,no slope
7513835,2022-12-22T22:45:00Z,2022-12-28T08:12:00Z,กรุงเทพมหานคร,Bangkok,department of highways,ไม่ทราบ,4-wheel pickup truck,speeding,rear-end collision,2,0,1,clear,13.71187632,100.7002196,straight road,no slope
7514487,2022-12-23T00:48:00Z,2022-12-28T09:41:00Z,กรุงเทพมหานคร,Bangkok,department of highways,ไม่ทราบ,4-wheel pickup truck,speeding,rear-end collision,2,0,0,clear,13.73221146,100.7833666,straight road,no slope
7514275,2022-12-23T07:43:00Z,2022-12-28T09:40:00Z,กรุงเทพมหานคร,Bangkok,department of highways,ไม่ทราบ,large truck with trailer,speeding,rear-end collision,2,0,2,clear,13.73244438,100.7860858,straight road,no slope
7513895,2022-12-23T08:23:00Z,2022-12-28T08:36:00Z,กรุงเทพมหานคร,Bangkok,department of highways,ไม่ทราบ,private/passenger car,speeding,rear-end collision,2,0,1,clear,13.73433304,100.6865846,straight road,no slope
7514429,2022-12-23T09:16:00Z,2022-12-28T09:38:00Z,กรุงเทพมหานคร,Bangkok,department of highways,ไม่ทราบ,private/passenger car,speeding,rollover/fallen on straight road,1,0,1,clear,13.71315575,100.8186004,straight road,no slope
7544488,2022-12-23T12:12:00Z,2023-01-04T14:46:00Z,กรุงเทพมหานคร,Bangkok,department of highways,ถนนศรีนครินทร - แขวงคลองสองต้นนุ่น,private/passenger car,speeding,rear-end collision,3,0,1,clear,13.73278536,100.7005374,straight road,no slope
7497953,2022-12-23T13:00:00Z,2022-12-25T12:27:00Z,ปทุมธานี,Pathum Thani,department of highways,ไม่ทราบ,6-wheel truck,speeding,rollover/fallen on straight road,1,0,0,clear,14.14505697,100.6616227,straight road,no slope
7497519,2022-12-23T13:45:00Z,2022-12-25T11:25:00Z,กรุงเทพมหานคร,Bangkok,department of highways,ไม่ทราบ,7-10-wheel truck,speeding,rear-end collision,3,0,0,clear,13.71202615,100.7000385,straight road,no slope
7497681,2022-12-23T15:33:00Z,2022-12-25T11:47:00Z,กรุงเทพมหานคร,Bangkok,department of highways,ไม่ทราบ,4-wheel pickup truck,speeding,rear-end collision,3,0,0,clear,13.76440008,100.6946151,straight road,no slope
7519420,2022-12-23T16:11:00Z,2022-12-30T00:12:00Z,นนทบุรี,Nonthaburi,expressway authority of thailand,หมอชิต-กาญจนาฯ,other,other,other,1,0,0,clear,13.792983,100.478436,straight road,other
7513862,2022-12-23T17:00:00Z,2022-12-28T08:31:00Z,ปทุมธานี,Pathum Thani,department of highways,ไม่ทราบ,7-10-wheel truck,speeding,rollover/fallen on straight road,1,0,0,clear,13.94034231,100.7100016,straight road,no slope
7508617,2022-12-23T18:41:00Z,2022-12-26T11:45:00Z,สมุทรปราการ,Samut Prakan,department of highways,ไม่ทราบ,private/passenger car,speeding,rear-end collision,3,0,0,clear,13.66694147,100.8486475,straight road,no slope
7559890,2022-12-23T19:00:00Z,2023-01-14T09:38:00Z,สมุทรสาคร,Samut Sakhon,department of highways,แสมดำ - สะพานข้ามแม่น้ำท่าจีนฝั่งตะวันตก,private/passenger car,speeding,other,2,0,0,clear,13.59260685,100.3537636,straight road,no slope
7551908,2022-12-23T20:40:00Z,2023-01-05T17:20:00Z,สมุทรสาคร,Samut Sakhon,department of highways,สะพานข้ามแม่น้ำท่าจีนฝั่งตะวันตก - นาโคก,4-wheel pickup truck,cutting in closely by people/vehicles/animals,rollover/fallen on straight road,1,0,0,clear,13.51545404,100.1565357,straight road,no slope
7519423,2022-12-24T00:28:00Z,2022-12-30T00:12:00Z,กรุงเทพมหานคร,Bangkok,expressway authority of thailand,บางนา-ชลบุรี,other,other,collision with obstruction (on road surface),1,0,0,clear,NA,NA,straight road,other
7543611,2022-12-24T02:42:00Z,2023-01-04T00:11:00Z,สมุทรปราการ,Samut Prakan,expressway authority of thailand,บางพลี-สุขสวัสดิ์,other,other,rollover/fallen on straight road,1,0,1,clear,13.623194,100.6033,straight road,other
7543612,2022-12-24T03:29:00Z,2023-01-04T00:11:00Z,สมุทรปราการ,Samut Prakan,expressway authority of thailand,บางพลี-สุขสวัสดิ์,7-10-wheel truck,other,rear-end collision,2,0,1,clear,13.607045,100.626521,straight road,other
7485229,2022-12-24T04:10:00Z,2022-12-24T10:41:00Z,กรุงเทพมหานคร,Bangkok,department of highways,ไม่ทราบ,large truck with trailer,speeding,rear-end collision,2,0,1,clear,13.90047851,100.6949933,straight road,no slope
7519421,2022-12-24T06:08:00Z,2022-12-30T00:12:00Z,กรุงเทพมหานคร,Bangkok,expressway authority of thailand,พญาไท-บางโคล่,other,other,collision with obstruction (on road surface),1,0,0,clear,NA,NA,grade-separated intersection/ramps,other
7519424,2022-12-24T06:28:00Z,2022-12-30T00:12:00Z,ปทุมธานี,Pathum Thani,expressway authority of thailand,บางปะอิน-แจ้งวัฒนะ,other,other,other,1,0,0,clear,14.021093,100.576313,straight road,other
7514125,2022-12-24T13:08:00Z,2022-12-28T09:36:00Z,สมุทรปราการ,Samut Prakan,department of highways,ไม่ทราบ,private/passenger car,speeding,rear-end collision,2,0,0,clear,13.66792693,100.8471179,straight road,no slope
7553477,2022-12-24T14:33:00Z,2023-01-07T10:52:00Z,สมุทรสาคร,Samut Sakhon,department of highways,สะพานข้ามแม่น้ำท่าจีนฝั่งตะวันตก - นาโคก,4-wheel pickup truck,speeding,rear-end collision,2,0,0,clear,13.53129992,100.204606,straight road,no slope
7514458,2022-12-24T15:00:00Z,2022-12-28T09:40:00Z,กรุงเทพมหานคร,Bangkok,department of highways,ไม่ทราบ,4-wheel pickup truck,speeding,rear-end collision,2,0,0,clear,13.9109554,100.7003993,straight road,no slope
7497796,2022-12-24T15:20:00Z,2022-12-25T11:56:00Z,กรุงเทพมหานคร,Bangkok,department of highways,ไม่ทราบ,large truck with trailer,speeding,rear-end collision,2,0,1,clear,13.9119838,100.7009062,straight road,no slope
7519422,2022-12-24T16:15:00Z,2022-12-30T00:12:00Z,กรุงเทพมหานคร,Bangkok,expressway authority of thailand,แจ้งวัฒนะ-พญาไท,other,other,collision with obstruction (on road surface),1,0,0,clear,NA,NA,wide curve,other
7555476,2022-12-24T16:45:00Z,2023-01-10T17:07:00Z,กรุงเทพมหานคร,Bangkok,department of highways,ดินแดง - งามวงศ์วาน,private/passenger car,speeding,rear-end collision,2,0,1,clear,13.83929487,100.5576454,straight road,no slope
7497847,2022-12-24T21:15:00Z,2022-12-25T12:06:00Z,กรุงเทพมหานคร,Bangkok,department of highways,ไม่ทราบ,4-wheel pickup truck,speeding,rollover/fallen on straight road,1,0,0,clear,13.73165847,100.7089314,other,other
7553480,2022-12-24T22:50:00Z,2023-01-07T10:54:00Z,สมุทรสาคร,Samut Sakhon,department of highways,สะพานข้ามแม่น้ำท่าจีนฝั่งตะวันตก - นาโคก,private/passenger car,speeding,rear-end collision,2,0,0,clear,13.53876424,100.2268104,straight road,no slope
7541184,2022-12-24T23:00:00Z,2023-01-03T07:54:00Z,สมุทรปราการ,Samut Prakan,department of highways,บางพลี - กิ่งแก้ว,4-wheel pickup truck,speeding,rollover/fallen on straight road,1,0,0,other,13.60414364,100.6997354,other,other
7513903,2022-12-24T23:41:00Z,2022-12-28T09:17:00Z,กรุงเทพมหานคร,Bangkok,department of highways,ไม่ทราบ,motorcycle,speeding,rollover/fallen on straight road,1,0,1,clear,13.70640676,100.700005,straight road,no slope
7559062,2022-12-25T01:05:00Z,2023-01-13T09:27:00Z,กรุงเทพมหานคร,Bangkok,department of highways,ดาวคะนอง -  แสมดำ,motorcycle,speeding,rear-end collision,2,0,3,clear,13.67329419,100.4573719,straight road,no slope
7498210,2022-12-25T02:11:00Z,2022-12-25T12:50:00Z,กรุงเทพมหานคร,Bangkok,department of highways,ไม่ทราบ,4-wheel pickup truck,speeding,rear-end collision,2,0,0,clear,13.81135377,100.6776971,straight road,no slope
7527313,2022-12-25T02:40:00Z,2022-12-31T10:39:00Z,นนทบุรี,Nonthaburi,department of highways,คลองบางไผ่ - คลองบางหลวง,private/passenger car,insufficient light,rollover/fallen on curved road,1,0,0,clear,13.93321039,100.4158983,wide curve,no slope
7508758,2022-12-25T02:47:00Z,2022-12-26T11:09:00Z,กรุงเทพมหานคร,Bangkok,department of highways,ไม่ทราบ,private/passenger car,speeding,rear-end collision,2,0,0,clear,13.73214312,100.7788187,straight road,no slope
7514015,2022-12-25T05:59:00Z,2022-12-28T09:20:00Z,กรุงเทพมหานคร,Bangkok,department of highways,ไม่ทราบ,4-wheel pickup truck,speeding,rollover/fallen on straight road,1,0,0,clear,13.77416149,100.6890656,straight road,no slope
7543613,2022-12-25T07:17:00Z,2023-01-04T00:11:00Z,กรุงเทพมหานคร,Bangkok,expressway authority of thailand,รามอินทรา-อาจณรงค์,other,other,side collision,5,0,4,clear,13.788773,100.609627,straight road,other
7513928,2022-12-25T07:18:00Z,2022-12-28T09:26:00Z,กรุงเทพมหานคร,Bangkok,department of highways,ไม่ทราบ,4-wheel pickup truck,speeding,rear-end collision,2,0,0,clear,13.68283978,100.6992808,straight road,no slope
7498332,2022-12-25T10:40:00Z,2022-12-25T13:04:00Z,ปทุมธานี,Pathum Thani,department of highways,ไม่ทราบ,private/passenger car,speeding,rear-end collision,2,0,0,clear,13.93770003,100.7093525,straight road,no slope
7558957,2022-12-25T11:00:00Z,2023-01-13T08:41:00Z,กรุงเทพมหานคร,Bangkok,department of highways,ดินแดง - งามวงศ์วาน,private/passenger car,speeding,rear-end collision,2,0,0,clear,13.83898235,100.5575489,straight road,no slope
7519429,2022-12-25T12:42:00Z,2022-12-30T00:12:00Z,กรุงเทพมหานคร,Bangkok,expressway authority of thailand,บางนา-ชลบุรี,other,other,collision with obstruction (on road surface),1,0,0,clear,NA,NA,straight road,other
7519426,2022-12-25T15:11:00Z,2022-12-30T00:12:00Z,กรุงเทพมหานคร,Bangkok,expressway authority of thailand,พญาไท-บางโคล่,other,other,collision with obstruction (on road surface),1,0,0,clear,NA,NA,other,other
7543614,2022-12-25T16:11:00Z,2023-01-04T00:11:00Z,สมุทรปราการ,Samut Prakan,expressway authority of thailand,บางพลี-สุขสวัสดิ์,other,other,rear-end collision,4,0,2,clear,13.63362,100.674563,straight road,other
7553503,2022-12-25T16:50:00Z,2023-01-07T11:04:00Z,สมุทรสาคร,Samut Sakhon,department of highways,สะพานข้ามแม่น้ำท่าจีนฝั่งตะวันตก - นาโคก,large truck with trailer,speeding,rear-end collision,3,0,4,clear,13.49032241,100.1222908,straight road,no slope
7508085,2022-12-25T20:45:00Z,2022-12-26T09:23:00Z,กรุงเทพมหานคร,Bangkok,department of highways,ไม่ทราบ,4-wheel pickup truck,speeding,rollover/fallen on straight road,1,0,0,clear,13.7316741,100.7088241,straight road,no slope
7508100,2022-12-25T20:45:00Z,2022-12-26T09:23:00Z,กรุงเทพมหานคร,Bangkok,department of highways,ไม่ทราบ,4-wheel pickup truck,speeding,rollover/fallen on straight road,1,0,0,clear,13.7316741,100.7088241,straight road,no slope
7544492,2022-12-25T22:00:00Z,2023-01-04T14:45:00Z,กรุงเทพมหานคร,Bangkok,department of highways,ถนนศรีนครินทร - แขวงคลองสองต้นนุ่น,4-wheel pickup truck,speeding,rollover/fallen on straight road,1,0,0,clear,13.73171449,100.7083735,straight road,no slope
7514180,2022-12-26T07:29:00Z,2022-12-28T09:31:00Z,กรุงเทพมหานคร,Bangkok,department of highways,ไม่ทราบ,private/passenger car,falling asleep,rollover/fallen on straight road,1,0,1,clear,13.73272074,100.7888009,straight road,no slope
7519431,2022-12-26T07:45:00Z,2022-12-30T00:12:00Z,กรุงเทพมหานคร,Bangkok,expressway authority of thailand,ดาวคะนอง-ท่าเรือ,4-wheel pickup truck,other,rear-end collision,3,0,0,clear,NA,NA,straight road,other
7508796,2022-12-26T08:00:00Z,2022-12-26T13:39:00Z,กรุงเทพมหานคร,Bangkok,department of rural roads,สะพานภูมิพลที่ 2 ไปสะพานภูมิพลที่ 1,private/passenger car,tailgating,other,3,0,0,clear,13.671508,100.538533,straight road,slope area
7511310,2022-12-26T10:40:00Z,2022-12-27T09:03:00Z,กรุงเทพมหานคร,Bangkok,department of highways,ไม่ทราบ,4-wheel pickup truck,speeding,rear-end collision,4,0,1,clear,13.85076542,100.6729254,straight road,no slope
7557831,2022-12-26T13:07:00Z,2023-01-12T11:05:00Z,นครปฐม,Nakhon Pathom,department of highways,บ้านบ่อ - พระประโทน,4-wheel pickup truck,speeding,rollover/fallen on straight road,1,0,1,clear,13.77763012,100.091629,straight road,no slope
7509059,2022-12-26T13:58:00Z,2022-12-26T15:14:00Z,สมุทรปราการ,Samut Prakan,department of highways,ไม่ทราบ,4-wheel pickup truck,speeding,rear-end collision,2,0,0,clear,13.66546342,100.8509417,straight road,no slope
7513338,2022-12-26T15:15:00Z,2022-12-27T20:00:00Z,สมุทรปราการ,Samut Prakan,department of highways,ไม่ทราบ,4-wheel pickup truck,speeding,rollover/fallen on straight road,1,0,0,clear,13.65048167,100.6877151,straight road,no slope
7553478,2022-12-26T16:10:00Z,2023-01-07T10:53:00Z,สมุทรสาคร,Samut Sakhon,department of highways,สะพานข้ามแม่น้ำท่าจีนฝั่งตะวันตก - นาโคก,4-wheel pickup truck,speeding,rollover/fallen on straight road,1,0,0,clear,13.52307552,100.1802339,straight road,no slope
7558995,2022-12-26T16:30:00Z,2023-01-13T09:03:00Z,กรุงเทพมหานคร,Bangkok,department of highways,ดินแดง - งามวงศ์วาน,private/passenger car,speeding,rear-end collision,2,0,0,clear,13.84674064,100.5611008,straight road,no slope
7555320,2022-12-26T18:00:00Z,2023-01-10T12:31:00Z,กรุงเทพมหานคร,Bangkok,department of highways,ดินแดง - งามวงศ์วาน,motorcycle,illegal overtaking,rear-end collision,2,0,0,clear,13.82133461,100.5581389,straight road,no slope
7517951,2022-12-27T04:00:00Z,2022-12-29T12:16:00Z,สมุทรปราการ,Samut Prakan,department of highways,ไม่ทราบ,large truck with trailer,falling asleep,rollover/fallen on straight road,1,0,0,clear,13.61923008,100.9228814,straight road,no slope
7543617,2022-12-27T08:37:00Z,2023-01-04T00:11:00Z,สมุทรปราการ,Samut Prakan,expressway authority of thailand,บางนา-ชลบุรี,other,other,rear-end collision,3,0,0,clear,13.603556,100.78091,straight road,other
7559033,2022-12-27T09:01:00Z,2023-01-13T09:17:00Z,กรุงเทพมหานคร,Bangkok,department of highways,ดินแดง - งามวงศ์วาน,private/passenger car,reversing vehicle,collision with obstruction (on road surface),3,0,1,clear,13.85389697,100.5651797,straight road,no slope
7543615,2022-12-27T09:10:00Z,2023-01-04T00:11:00Z,กรุงเทพมหานคร,Bangkok,expressway authority of thailand,ดินแดง-ท่าเรือ,4-wheel pickup truck,other,rear-end collision,5,0,0,clear,13.74231972,100.5503734,grade-separated intersection/ramps,other
7552853,2022-12-27T15:40:00Z,2023-01-06T14:23:00Z,กรุงเทพมหานคร,Bangkok,department of highways,ดินแดง - งามวงศ์วาน,private/passenger car,speeding,rear-end collision,2,0,1,other,13.84674064,100.5611008,straight road,no slope
7518296,2022-12-27T16:10:00Z,2022-12-29T11:47:00Z,กรุงเทพมหานคร,Bangkok,department of highways,ไม่ทราบ,4-wheel pickup truck,speeding,rear-end collision,2,0,0,clear,13.72946849,100.7444988,straight road,no slope
7518642,2022-12-27T16:26:00Z,2022-12-29T16:30:00Z,กรุงเทพมหานคร,Bangkok,department of highways,ไม่ทราบ,4-wheel pickup truck,speeding,rear-end collision,3,0,0,clear,13.72945937,100.7445551,straight road,no slope
7522332,2022-12-27T16:29:00Z,2022-12-30T13:56:00Z,กรุงเทพมหานคร,Bangkok,department of highways,แขวงคลองสองต้นนุ่น - พิมพา,4-wheel pickup truck,speeding,rear-end collision,4,0,0,clear,13.72956018,100.7453974,straight road,no slope
7514582,2022-12-27T20:32:00Z,2022-12-28T12:41:00Z,กรุงเทพมหานคร,Bangkok,department of highways,ไม่ทราบ,4-wheel pickup truck,speeding,rear-end collision,2,0,0,clear,13.83770881,100.6730823,straight road,no slope
7522268,2022-12-27T20:33:00Z,2022-12-30T13:39:00Z,สมุทรปราการ,Samut Prakan,department of highways,แขวงคลองสองต้นนุ่น - พิมพา,private/passenger car,speeding,rear-end collision,3,0,0,clear,13.66792693,100.8471179,straight road,no slope
7518236,2022-12-27T20:46:00Z,2022-12-29T14:21:00Z,กรุงเทพมหานคร,Bangkok,department of highways,ไม่ทราบ,private/passenger car,speeding,collision with obstruction (on road surface),1,0,1,clear,13.78816595,100.3577028,straight road,no slope
7514919,2022-12-27T21:00:00Z,2022-12-28T14:15:00Z,ปทุมธานี,Pathum Thani,department of highways,ไม่ทราบ,large truck with trailer,speeding,rollover/fallen on straight road,1,0,0,clear,13.92625851,100.7062934,straight road,no slope
7519437,2022-12-27T23:58:00Z,2022-12-30T00:12:00Z,กรุงเทพมหานคร,Bangkok,expressway authority of thailand,หมอชิต-กาญจนาฯ,other,other,other,1,0,0,clear,NA,NA,wide curve,other
7541207,2022-12-28T02:04:00Z,2023-01-03T07:59:00Z,สมุทรสาคร,Samut Sakhon,department of highways,สะพานข้ามแม่น้ำท่าจีนฝั่งตะวันตก - นาโคก,4-wheel pickup truck,cutting in closely by people/vehicles/animals,rear-end collision,2,1,0,clear,13.46657118,100.1050202,straight road,no slope
7541169,2022-12-28T03:40:00Z,2023-01-03T07:49:00Z,ปทุมธานี,Pathum Thani,department of highways,คลองบางไผ่ - คลองบางหลวง,large truck with trailer,speeding,collision with obstruction (on road surface),3,0,0,clear,14.01953474,100.4520937,straight road,no slope
7514361,2022-12-28T05:25:00Z,2022-12-28T11:12:00Z,กรุงเทพมหานคร,Bangkok,department of highways,ไม่ทราบ,private/passenger car,speeding,rear-end collision,9,0,0,clear,13.91106996,100.7002249,straight road,no slope
7559028,2022-12-28T09:00:00Z,2023-01-13T09:17:00Z,กรุงเทพมหานคร,Bangkok,department of highways,ดินแดง - งามวงศ์วาน,private/passenger car,speeding,rear-end collision,4,0,0,other,13.77929864,100.5564371,straight road,no slope
7517810,2022-12-28T11:11:00Z,2022-12-29T12:37:00Z,กรุงเทพมหานคร,Bangkok,department of highways,ไม่ทราบ,private/passenger car,speeding,rear-end collision,3,0,0,clear,13.83456402,100.6738119,straight road,no slope
7517970,2022-12-28T13:35:00Z,2022-12-29T12:24:00Z,ปทุมธานี,Pathum Thani,department of highways,ไม่ทราบ,private/passenger car,speeding,rear-end collision,3,0,1,clear,13.92885275,100.7070324,straight road,no slope
7518319,2022-12-28T13:45:00Z,2022-12-29T13:55:00Z,กรุงเทพมหานคร,Bangkok,department of highways,ไม่ทราบ,4-wheel pickup truck,speeding,rear-end collision,4,0,1,clear,13.90949263,100.6994058,straight road,no slope
7522215,2022-12-28T15:42:00Z,2022-12-30T13:23:00Z,สมุทรปราการ,Samut Prakan,department of highways,แขวงคลองสองต้นนุ่น - พิมพา,4-wheel pickup truck,speeding,rear-end collision,3,0,0,clear,13.66792693,100.8471179,straight road,no slope
7517991,2022-12-28T16:01:00Z,2022-12-29T12:52:00Z,ปทุมธานี,Pathum Thani,department of highways,ไม่ทราบ,private/passenger car,speeding,rear-end collision,4,0,0,clear,13.95639314,100.7126851,straight road,no slope
7541491,2022-12-28T19:00:00Z,2023-01-03T09:18:00Z,กรุงเทพมหานคร,Bangkok,department of highways,บางปะอิน - แขวงรามอินทรา,private/passenger car,speeding,rollover/fallen on straight road,1,0,0,clear,13.81601867,100.6764069,other,other
7517962,2022-12-28T20:20:00Z,2022-12-29T13:05:00Z,กรุงเทพมหานคร,Bangkok,department of highways,ไม่ทราบ,4-wheel pickup truck,speeding,rear-end collision,3,0,3,clear,13.86377573,100.6769595,straight road,no slope
7559380,2022-12-28T20:30:00Z,2023-01-13T14:02:00Z,นนทบุรี,Nonthaburi,department of highways,บางบัวทอง - บางคูวัด,private/passenger car,speeding,rollover/fallen on straight road,1,0,0,clear,13.94654307,100.4352817,straight road,no slope
7522092,2022-12-28T22:44:00Z,2022-12-30T12:48:00Z,สมุทรปราการ,Samut Prakan,department of highways,แขวงคลองสองต้นนุ่น - พิมพา,4-wheel pickup truck,speeding,rear-end collision,3,0,0,clear,13.62611268,100.912165,straight road,no slope
7528248,2022-12-29T00:30:00Z,2022-12-31T14:15:00Z,นนทบุรี,Nonthaburi,department of rural roads,เลี่ยงเมืองปากเกร็ด,motorcycle,speeding,other,1,1,0,clear,13.912445,100.520884,straight road,no slope
7554035,2022-12-29T01:00:00Z,2023-01-08T09:49:00Z,สมุทรปราการ,Samut Prakan,department of highways,ราษฎร์บูรณะ - พระสมุทรเจดีย์,motorcycle,speeding,rear-end collision,2,0,2,clear,13.61919704,100.5422442,straight road,no slope
7517033,2022-12-29T05:15:00Z,2022-12-29T09:01:00Z,กรุงเทพมหานคร,Bangkok,department of highways,ไม่ทราบ,private/passenger car,speeding,rollover/fallen on straight road,1,0,0,clear,13.81221851,100.6778003,straight road,no slope
7518238,2022-12-29T05:55:00Z,2022-12-29T13:56:00Z,กรุงเทพมหานคร,Bangkok,department of highways,ไม่ทราบ,private/passenger car,speeding,rear-end collision,4,0,0,clear,13.87713293,100.6826471,straight road,no slope
7518444,2022-12-29T07:55:00Z,2022-12-29T15:13:00Z,นครปฐม,Nakhon Pathom,department of highways,ไม่ทราบ,motorcycle,speeding,head-on collision (not overtaking),2,1,1,clear,13.96658337,100.1387774,straight road,no slope
7521563,2022-12-29T08:05:00Z,2022-12-30T10:38:00Z,นครปฐม,Nakhon Pathom,department of highways,ไร่ขิง - ทรงคนอง,private/passenger car,speeding,rear-end collision,2,0,2,clear,13.76817263,100.2860218,straight road,no slope
7523628,2022-12-29T08:15:00Z,2022-12-30T20:13:00Z,นนทบุรี,Nonthaburi,department of highways,บางบัวทอง - ไทรน้อย,motorcycle,cutting in closely by people/vehicles/animals,rear-end collision,2,0,0,clear,13.92865316,100.4076296,straight road,no slope
7521565,2022-12-29T08:30:00Z,2022-12-30T10:39:00Z,สมุทรสาคร,Samut Sakhon,department of highways,แยกสาครเกษม - คลองมะเดื่อ,motorcycle,speeding,rear-end collision,2,0,1,clear,13.65728588,100.3094964,straight road,no slope
7519289,2022-12-29T09:50:00Z,2022-12-29T20:32:00Z,กรุงเทพมหานคร,Bangkok,department of highways,ไม่ทราบ,motorcycle,speeding,rear-end collision,2,0,1,clear,13.66198959,100.4040394,straight road,no slope
7555388,2022-12-29T10:00:00Z,2023-01-10T14:44:00Z,สมุทรสาคร,Samut Sakhon,department of highways,แสมดำ - สะพานข้ามแม่น้ำท่าจีนฝั่งตะวันตก,4-wheel pickup truck,speeding,rear-end collision,3,0,0,clear,13.60249259,100.3700521,straight road,no slope
7518381,2022-12-29T10:14:00Z,2022-12-29T13:57:00Z,กรุงเทพมหานคร,Bangkok,department of highways,ไม่ทราบ,private/passenger car,speeding,rear-end collision,4,0,0,clear,13.89821592,100.693506,straight road,no slope
7525941,2022-12-29T10:30:00Z,2022-12-31T05:49:00Z,นนทบุรี,Nonthaburi,department of highways,คลองบางไผ่ - คลองบางหลวง,motorcycle,cutting in closely by people/vehicles/animals,rear-end collision,2,0,0,clear,13.93900165,100.417048,other,other
7542182,2022-12-29T10:30:00Z,2023-01-03T12:10:00Z,นนทบุรี,Nonthaburi,department of rural roads,ถนนราชพฤกษ์ (กม.ที่ 28+000 - 42+200),4-wheel pickup truck,falling asleep,other,1,0,1,clear,13.95341,100.458613,straight road,other
7521559,2022-12-29T10:40:00Z,2022-12-30T10:37:00Z,นครปฐม,Nakhon Pathom,department of highways,ไร่ขิง - ทรงคนอง,motorcycle,cutting in closely by people/vehicles/animals,rear-end collision,2,0,1,clear,13.74236742,100.2545908,straight road,no slope
7518776,2022-12-29T11:01:00Z,2022-12-29T14:44:00Z,กรุงเทพมหานคร,Bangkok,department of highways,ไม่ทราบ,private/passenger car,speeding,rear-end collision,3,0,0,clear,13.81047079,100.6779733,straight road,no slope
7521342,2022-12-29T11:20:00Z,2022-12-30T09:48:00Z,กรุงเทพมหานคร,Bangkok,department of highways,บางแค - คลองมหาสวัสดิ์,private/passenger car,speeding,rear-end collision,3,0,1,clear,13.75828433,100.4063085,straight road,no slope
7519168,2022-12-29T11:30:00Z,2022-12-29T20:20:00Z,กรุงเทพมหานคร,Bangkok,department of highways,ไม่ทราบ,6-wheel truck,speeding,collision with obstruction (on road surface),2,1,0,clear,13.66434365,100.6511016,straight road,no slope
7518736,2022-12-29T11:47:00Z,2022-12-29T14:35:00Z,กรุงเทพมหานคร,Bangkok,department of highways,ไม่ทราบ,van,speeding,rear-end collision,3,0,0,clear,13.73042822,100.7227242,straight road,no slope
7520713,2022-12-29T12:30:00Z,2022-12-30T07:28:00Z,สมุทรปราการ,Samut Prakan,department of highways,ทางเข้าท่าอากาศยานสุวรรณภูมิ - บางวัว,motorcycle,speeding,rollover/fallen on straight road,1,1,2,clear,13.6071312,100.7715355,straight road,no slope
7521388,2022-12-29T13:15:00Z,2022-12-30T09:57:00Z,กรุงเทพมหานคร,Bangkok,department of highways,อรุณอมรินทร์ - พุทธมณฑลสาย 4,private/passenger car,speeding,rear-end collision,2,0,1,clear,13.78629952,100.4632799,other,other
7518550,2022-12-29T14:14:00Z,2022-12-29T16:23:00Z,กรุงเทพมหานคร,Bangkok,department of highways,ไม่ทราบ,4-wheel pickup truck,speeding,rear-end collision,2,0,0,clear,13.73072013,100.7200107,straight road,no slope
7518583,2022-12-29T14:38:00Z,2022-12-29T15:58:00Z,กรุงเทพมหานคร,Bangkok,department of highways,ไม่ทราบ,4-wheel pickup truck,speeding,rear-end collision,3,0,0,clear,13.89345243,100.6908171,straight road,no slope
7563973,2022-12-29T15:45:00Z,2023-01-19T09:20:00Z,สมุทรสาคร,Samut Sakhon,department of highways,สะพานข้ามแม่น้ำท่าจีนฝั่งตะวันตก - นาโคก,4-wheel pickup truck,speeding,rear-end collision,2,0,0,clear,13.52469431,100.1850205,other,other
7519129,2022-12-29T16:00:00Z,2022-12-29T20:19:00Z,กรุงเทพมหานคร,Bangkok,department of highways,ไม่ทราบ,motorcycle,speeding,rear-end collision,3,0,1,clear,13.6471426,100.3826189,straight road,no slope
7542170,2022-12-29T16:00:00Z,2023-01-03T12:13:00Z,นนทบุรี,Nonthaburi,department of rural roads,เลี่ยงเมืองปากเกร็ด,motorcycle,speeding,other,1,0,1,clear,13.913416,100.522054,straight road,no slope
7520305,2022-12-29T16:30:00Z,2022-12-30T06:06:00Z,สมุทรสาคร,Samut Sakhon,department of rural roads,แยกทางหลวงหมายเลข 3091 (กม.ที่ 3+400) - บ้านหนองนกไข่,motorcycle,abrupt lane change,other,1,0,1,clear,13.661769,100.218715,straight road,no slope
7520318,2022-12-29T16:30:00Z,2022-12-30T06:05:00Z,นนทบุรี,Nonthaburi,department of rural roads,แยกทางหลวงหมายเลข 9 (กม.ที่ 43+490) - อำเภอไทรน้อย,motorcycle,speeding,other,2,0,1,clear,13.932507,100.3743,straight road,no slope
7520565,2022-12-29T17:05:00Z,2022-12-30T06:57:00Z,กรุงเทพมหานคร,Bangkok,department of highways,บางปะอิน - แขวงรามอินทรา,private/passenger car,speeding,rear-end collision,5,0,0,clear,13.90085214,100.6949839,straight road,no slope
7523113,2022-12-29T18:00:00Z,2022-12-30T17:48:00Z,ปทุมธานี,Pathum Thani,department of highways,ลำลูกกา - คลอง 16,4-wheel pickup truck,failure to yield right of way,rear-end collision,2,1,0,clear,13.95769465,100.8600913,other,other
7554057,2022-12-29T18:43:00Z,2023-01-08T10:15:00Z,กรุงเทพมหานคร,Bangkok,department of highways,แขวงคลองสองต้นนุ่น - พิมพา,private/passenger car,speeding,rear-end collision,9,0,0,clear,13.72932658,100.7363031,other,other
7519327,2022-12-29T19:06:00Z,2022-12-29T22:52:00Z,กรุงเทพมหานคร,Bangkok,department of highways,แขวงคลองสองต้นนุ่น - พิมพา,private/passenger car,speeding,rear-end collision,4,0,0,clear,13.73052553,100.7218196,straight road,no slope
7521331,2022-12-29T19:30:00Z,2022-12-30T09:44:00Z,กรุงเทพมหานคร,Bangkok,department of highways,อรุณอมรินทร์ - พุทธมณฑลสาย 4,private/passenger car,speeding,rear-end collision,2,0,0,clear,13.78437813,100.3976286,straight road,no slope
7521539,2022-12-29T20:30:00Z,2022-12-30T10:32:00Z,สมุทรปราการ,Samut Prakan,department of highways,ทางเข้าท่าอากาศยานสุวรรณภูมิ - บางวัว,4-wheel pickup truck,falling asleep,rollover/fallen on straight road,1,0,0,clear,13.59780825,100.7966195,straight road,no slope
7521521,2022-12-29T23:00:00Z,2022-12-30T10:28:00Z,ปทุมธานี,Pathum Thani,department of highways,บางคูวัด - แยกปทุมวิไล,motorcycle,speeding,rear-end collision,2,1,0,clear,13.98481828,100.5149125,other,other
7534418,2022-12-29T23:00:00Z,2023-01-01T21:36:00Z,นนทบุรี,Nonthaburi,department of highways,สะพานพระนั่งเกล้า - ต่างระดับบางใหญ่,motorcycle,running red lights/traffic signals,rear-end collision,2,0,0,clear,13.87577718,100.4336111,other,other
7559382,2022-12-29T23:30:00Z,2023-01-13T14:03:00Z,นนทบุรี,Nonthaburi,department of highways,บางบัวทอง -  ลาดบัวหลวง,private/passenger car,speeding,rollover/fallen on straight road,1,0,0,clear,14.1218459,100.2892807,straight road,no slope
7523384,2022-12-30T00:01:00Z,2022-12-30T19:07:00Z,ปทุมธานี,Pathum Thani,department of rural roads,แยกถนนเทศบาลท่าโขลง - บ้านคลองสิบสาม,van,unfamiliarity with the route/unskilled driving,other,1,4,7,dark,14.160203,100.652714,t-intersection,other
7528060,2022-12-30T00:10:00Z,2022-12-31T13:18:00Z,ปทุมธานี,Pathum Thani,department of highways,คลองระพีพัฒน์ - บึงคำพร้อย,van,driving under the influence of alcohol,other,1,4,7,clear,14.16045531,100.6531133,other,other
7523182,2022-12-30T00:20:00Z,2022-12-30T18:09:00Z,ปทุมธานี,Pathum Thani,department of highways,คลองบางหลวง - ต่างระดับเชียงรากน้อย,private/passenger car,speeding,collision with obstruction (on road surface),2,0,1,clear,14.0499478,100.4605763,straight road,no slope
7525905,2022-12-30T02:20:00Z,2022-12-31T05:42:00Z,สมุทรปราการ,Samut Prakan,department of highways,ราษฎร์บูรณะ - พระสมุทรเจดีย์,motorcycle,speeding,collision with obstruction (on road surface),2,0,1,clear,13.59347567,100.5668275,straight road,no slope
7526817,2022-12-30T02:30:00Z,2022-12-31T08:45:00Z,กรุงเทพมหานคร,Bangkok,department of highways,พระประแดง - บางแค,large truck with trailer,speeding,rollover/fallen on straight road,1,0,0,clear,13.62999683,100.4181766,straight road,no slope
7525909,2022-12-30T04:10:00Z,2022-12-31T05:41:00Z,สมุทรปราการ,Samut Prakan,department of highways,ราษฎร์บูรณะ - พระสมุทรเจดีย์,4-wheel pickup truck,speeding,rollover/fallen on straight road,1,0,1,clear,13.62367606,100.5381913,straight road,no slope
7524488,2022-12-30T06:18:00Z,2022-12-31T00:14:00Z,กรุงเทพมหานคร,Bangkok,expressway authority of thailand,พญาไท-ศรีนครินทร์,other,other,rollover/fallen on straight road,1,0,0,clear,13.74241401,100.6361676,straight road,other
7523019,2022-12-30T07:30:00Z,2022-12-30T17:23:00Z,กรุงเทพมหานคร,Bangkok,department of highways,งามวงศ์วาน - ดอนเมือง,private/passenger car,speeding,rear-end collision,2,0,1,clear,13.88785954,100.5838948,other,other
7526862,2022-12-30T09:00:00Z,2022-12-31T08:58:00Z,นครปฐม,Nakhon Pathom,department of highways,กระทุ่มล้ม - พุทธมณฑล,4-wheel pickup truck,speeding,rear-end collision,2,0,1,clear,13.73134056,100.3297132,straight road,no slope
7523104,2022-12-30T09:50:00Z,2022-12-30T17:45:00Z,ปทุมธานี,Pathum Thani,department of highways,วัดนาบุญ - คลอง 14,private/passenger car,speeding,rear-end collision,2,0,0,clear,14.07741457,100.8944945,straight road,no slope
7527230,2022-12-30T09:50:00Z,2022-12-31T10:13:00Z,กรุงเทพมหานคร,Bangkok,department of highways,บางปะอิน - แขวงรามอินทรา,4-wheel pickup truck,speeding,rear-end collision,2,0,0,clear,13.9006113,100.6947599,straight road,no slope
7528546,2022-12-30T10:30:00Z,2022-12-31T15:35:00Z,นครปฐม,Nakhon Pathom,department of rural roads,แยกทางหลวงหมายเลข 321 (กม.ที่ 18+400) - บ้านห้วยแล้ง,other,illegal overtaking,pedestrian collision,2,0,1,clear,13.947124,99.92085,t-intersection,other
7526864,2022-12-30T11:00:00Z,2022-12-31T08:55:00Z,สมุทรปราการ,Samut Prakan,department of highways,ทางเข้าบางบ่อ,large truck with trailer,illegal overtaking,rear-end collision,2,1,0,clear,13.58441646,100.8364814,other,other
7527178,2022-12-30T13:35:00Z,2022-12-31T10:09:00Z,กรุงเทพมหานคร,Bangkok,department of highways,บางปะอิน - แขวงรามอินทรา,private/passenger car,speeding,rear-end collision,2,0,0,clear,13.91366567,100.7015499,straight road,no slope
7522607,2022-12-30T13:37:00Z,2022-12-30T15:23:00Z,กรุงเทพมหานคร,Bangkok,department of highways,บางปะอิน - แขวงรามอินทรา,4-wheel pickup truck,speeding,rear-end collision,3,0,0,clear,13.89901395,100.6939191,straight road,no slope
7527168,2022-12-30T14:15:00Z,2022-12-31T10:08:00Z,กรุงเทพมหานคร,Bangkok,department of highways,บางปะอิน - แขวงรามอินทรา,4-wheel pickup truck,speeding,rear-end collision,5,0,0,clear,13.89424397,100.6912275,straight road,no slope
7564294,2022-12-30T14:45:00Z,2023-01-19T13:23:00Z,สมุทรสาคร,Samut Sakhon,department of highways,แสมดำ - สะพานข้ามแม่น้ำท่าจีนฝั่งตะวันตก,other,speeding,other,1,0,0,clear,13.58561842,100.3188883,straight road,no slope
7522815,2022-12-30T14:49:00Z,2022-12-30T16:23:00Z,กรุงเทพมหานคร,Bangkok,department of highways,แขวงคลองสองต้นนุ่น - พิมพา,private/passenger car,speeding,rear-end collision,3,0,0,clear,13.73003899,100.7263422,straight road,no slope
7551285,2022-12-30T16:40:00Z,2023-01-05T11:10:00Z,กรุงเทพมหานคร,Bangkok,department of highways,พระประแดง - บางแค,motorcycle,speeding,rear-end collision,2,0,1,clear,13.65383291,100.4050392,connecting to public/commercial area,other
7526842,2022-12-30T18:30:00Z,2022-12-31T08:50:00Z,นนทบุรี,Nonthaburi,department of highways,คลองบางไผ่ - คลองบางหลวง,private/passenger car,cutting in closely by people/vehicles/animals,rear-end collision,2,0,0,clear,13.92914563,100.4145817,straight road,no slope
7527691,2022-12-30T18:30:00Z,2022-12-31T11:49:00Z,นนทบุรี,Nonthaburi,department of rural roads,ถนนราชพฤกษ์ (กม.ที่ 11+000 - 28+000),motorcycle,abrupt lane change,other,1,0,2,clear,13.917671,100.451596,straight road,no slope
7526114,2022-12-30T19:40:00Z,2022-12-31T06:20:00Z,นครปฐม,Nakhon Pathom,department of highways,พระประโทน - สระกระเทียม,private/passenger car,speeding,rollover/fallen on straight road,1,0,1,clear,13.80063955,99.99201095,straight road,no slope
7526771,2022-12-30T20:20:00Z,2022-12-31T08:40:00Z,กรุงเทพมหานคร,Bangkok,department of highways,บางบอน - โรงพยาบาลบางปะกอก 8,passenger pickup truck,speeding,rear-end collision,2,0,3,clear,13.64597924,100.3811595,straight road,no slope
7526780,2022-12-30T20:30:00Z,2022-12-31T08:42:00Z,กรุงเทพมหานคร,Bangkok,department of highways,ทางยกระดับบางกอกน้อย - นครชัยศรี,4-wheel pickup truck,speeding,rear-end collision,2,0,2,clear,13.7814877,100.4244633,straight road,no slope
7527758,2022-12-30T20:30:00Z,2022-12-31T12:01:00Z,นนทบุรี,Nonthaburi,department of rural roads,แยกทางหลวงชนบท นบ.1009 (กม.ที่ 9+850) - อำเภอไทรน้อย,motorcycle,speeding,other,1,0,1,clear,13.953103,100.311987,straight road,no slope
7528478,2022-12-30T20:30:00Z,2022-12-31T15:17:00Z,นนทบุรี,Nonthaburi,department of rural roads,แยกทางหลวงหมายเลข 9 (กม.ที่ 31+100) - แยกทางหลวงชนบท นฐ.3004 (กม.ที่ 26+700),4-wheel pickup truck,cutting in closely by people/vehicles/animals,other,2,1,0,clear,13.81147,100.34272,straight road,no slope
7526751,2022-12-30T20:53:00Z,2022-12-31T08:35:00Z,ปทุมธานี,Pathum Thani,department of highways,บางปะอิน - แขวงรามอินทรา,4-wheel pickup truck,speeding,rear-end collision,2,0,0,clear,13.92102568,100.7049228,straight road,no slope
7526786,2022-12-30T21:33:00Z,2022-12-31T08:40:00Z,กรุงเทพมหานคร,Bangkok,department of highways,บางปะอิน - แขวงรามอินทรา,private/passenger car,speeding,rear-end collision,5,0,2,clear,13.91431915,100.7018852,straight road,no slope
7526692,2022-12-30T22:36:00Z,2022-12-31T08:26:00Z,ปทุมธานี,Pathum Thani,department of highways,บางปะอิน - แขวงรามอินทรา,private/passenger car,speeding,rollover/fallen on straight road,1,0,1,clear,14.09737158,100.6884581,straight road,no slope
7526747,2022-12-30T22:50:00Z,2022-12-31T08:38:00Z,กรุงเทพมหานคร,Bangkok,department of highways,บางแค - คลองมหาสวัสดิ์,private/passenger car,speeding,rollover/fallen on straight road,1,0,0,clear,13.78926131,100.409853,straight road,no slope
7531110,2022-12-31T01:30:00Z,2023-01-01T04:53:00Z,สมุทรปราการ,Samut Prakan,department of highways,บางนา - ทางเข้าท่าอากาศยานสุวรรณภูมิ,motorcycle,speeding,rollover/fallen on straight road,1,1,0,clear,13.65676741,100.669516,straight road,no slope
7537768,2022-12-31T01:30:00Z,2023-01-02T14:06:00Z,กรุงเทพมหานคร,Bangkok,department of highways,แขวงคลองสองต้นนุ่น - พิมพา,private/passenger car,falling asleep,rear-end collision,2,0,1,clear,13.73347452,100.7964545,straight road,no slope
7554056,2022-12-31T02:00:00Z,2023-01-08T10:19:00Z,นนทบุรี,Nonthaburi,department of highways,สะพานพระนั่งเกล้า - ต่างระดับบางใหญ่,private/passenger car,worn-out/tire blowout,rollover/fallen on straight road,1,0,0,clear,13.87521987,100.42609590000001,straight road,no slope
7534547,2022-12-31T03:45:00Z,2023-01-01T22:14:00Z,สมุทรสาคร,Samut Sakhon,department of highways,อ้อมน้อย - สมุทรสาคร,motorcycle,driving under the influence of alcohol,rollover/fallen on straight road,1,0,1,clear,13.65435559,100.2738113,straight road,no slope
7531471,2022-12-31T09:00:00Z,2023-01-01T06:27:00Z,นนทบุรี,Nonthaburi,department of rural roads,เลี่ยงเมืองนนทบุรี,4-wheel pickup truck,speeding,other,2,0,1,clear,13.875857,100.495509,straight road,no slope
7527557,2022-12-31T09:10:00Z,2022-12-31T11:20:00Z,สมุทรสาคร,Samut Sakhon,department of highways,สะพานข้ามแม่น้ำท่าจีนฝั่งตะวันตก - นาโคก,4-wheel pickup truck,speeding,rear-end collision,2,0,0,clear,13.45943057,100.0943224,straight road,no slope
7531835,2022-12-31T10:45:00Z,2023-01-01T08:29:00Z,นครปฐม,Nakhon Pathom,department of highways,กระทุ่มล้ม - พุทธมณฑล,motorcycle,speeding,rear-end collision,2,0,1,clear,13.74012443,100.3294009,straight road,no slope
7554058,2022-12-31T11:09:00Z,2023-01-08T10:20:00Z,กรุงเทพมหานคร,Bangkok,department of highways,บางแค - คลองมหาสวัสดิ์,4-wheel pickup truck,speeding,rear-end collision,2,0,0,clear,13.69588165,100.4074,other,other
7544070,2022-12-31T11:46:00Z,2023-01-04T07:16:00Z,กรุงเทพมหานคร,Bangkok,department of highways,บางปะอิน - แขวงรามอินทรา,private/passenger car,speeding,rear-end collision,4,0,0,clear,13.91111942,100.700241,straight road,no slope
7529219,2022-12-31T11:47:00Z,2022-12-31T19:06:00Z,สมุทรปราการ,Samut Prakan,department of highways,แขวงคลองสองต้นนุ่น - พิมพา,private/passenger car,speeding,rear-end collision,3,0,0,clear,13.62231995,100.9182617,straight road,no slope
7529215,2022-12-31T13:36:00Z,2022-12-31T19:05:00Z,กรุงเทพมหานคร,Bangkok,department of highways,แขวงคลองสองต้นนุ่น - พิมพา,4-wheel pickup truck,speeding,rear-end collision,3,0,0,clear,13.72939684,100.7370919,straight road,no slope
7563969,2022-12-31T13:40:00Z,2023-01-19T09:21:00Z,สมุทรสาคร,Samut Sakhon,department of highways,สะพานข้ามแม่น้ำท่าจีนฝั่งตะวันตก - นาโคก,private/passenger car,speeding,rear-end collision,2,0,0,clear,13.53437676,100.2137486,other,other
7534724,2022-12-31T15:00:00Z,2023-01-01T23:03:00Z,นครปฐม,Nakhon Pathom,department of highways,นครปฐม - ลาดปลาเค้า,motorcycle,speeding,rear-end collision,2,0,1,clear,13.80698314,100.0353841,straight road,no slope
7534534,2022-12-31T17:09:00Z,2023-01-01T22:06:00Z,กรุงเทพมหานคร,Bangkok,department of highways,บางแค - คลองมหาสวัสดิ์,private/passenger car,speeding,rear-end collision,2,0,1,clear,13.68785527,100.4071335,straight road,no slope
7532719,2022-12-31T18:47:00Z,2023-01-01T12:46:00Z,ปทุมธานี,Pathum Thani,department of rural roads,แยกถนนเทศบาลท่าโขลง - บ้านคลองสิบสาม,motorcycle,road in poor condition,other,2,0,2,clear,14.253224,100.84417,straight road,no slope
7534514,2022-12-31T19:17:00Z,2023-01-01T22:04:00Z,กรุงเทพมหานคร,Bangkok,department of highways,บางแค - คลองมหาสวัสดิ์,motorcycle,speeding,rollover/fallen on straight road,1,0,1,clear,13.7890946,100.4095633,straight road,no slope
7551297,2022-12-31T20:47:00Z,2023-01-05T11:11:00Z,นนทบุรี,Nonthaburi,department of highways,คลองมหาสวัสดิ์ - คลองบางไผ่,private/passenger car,falling asleep,rear-end collision,2,0,1,clear,13.87114821,100.410324,straight road,no slope
7531346,2022-12-31T21:30:00Z,2023-01-01T05:52:00Z,สมุทรปราการ,Samut Prakan,department of highways,ราษฎร์บูรณะ - พระสมุทรเจดีย์,motorcycle,speeding,rollover/fallen on straight road,1,1,1,clear,13.62534473,100.5366325,straight road,no slope
7533032,2022-12-31T23:00:00Z,2023-01-01T14:20:00Z,นนทบุรี,Nonthaburi,department of rural roads,ถนนราชพฤกษ์ (กม.ที่ 11+000 - 28+000),motorcycle,driving under the influence of alcohol,other,2,0,1,clear,13.882822,100.450719,straight road,no slope
7534454,2022-12-31T23:11:00Z,2023-01-01T21:49:00Z,นนทบุรี,Nonthaburi,department of highways,แคราย - คลองบ้านใหม่,motorcycle,speeding,rollover/fallen on straight road,1,1,0,clear,13.92873607,100.5290633,straight road,no slope
